date,symbol,gain,gap,gap_share,fwd1,fwd5,fwd20,run_up20,category,news_count,headline
2024-10-04,ACMR,0.1661,0.1481,0.8917,0.0706,-0.0327,-0.1583,0.0,other news,1,12 Information Technology Stocks Moving In Friday's Pre-Market Session
2024-10-04,CAPR,0.2683,0.0486,0.1812,-0.1644,-0.1792,-0.1016,0.0,earnings,3,"Capricor Therapeutics To Present Long-Term Data From HOPE-2 Open Label Extension Study At 2024 World Muscle Society Congress October 8-12, 2024"
2024-10-04,EH,0.1975,0.0287,0.1453,0.214,0.0054,-0.0268,0.0,no news found,0,
2024-10-04,OKLO,0.1892,0.0159,0.0843,-0.0581,-0.1823,0.9366,0.0,no news found,0,
2024-10-07,EH,0.214,0.089,0.416,-0.1669,-0.2022,-0.2158,0.1975,FDA / clinical,2,12 Industrials Stocks Moving In Monday's Pre-Market Session
2024-10-07,SMCI,0.1579,0.0073,0.0461,-0.0501,-0.0073,-0.4548,-0.0077,other news,6,Super Micro Computer Unusual Options Activity For October 07
2024-10-07,SRRK,3.6199,2.5499,0.7044,-0.1397,-0.168,-0.1928,0.0495,FDA / clinical,14,Trading Halt: Halted at 6:58:43 a.m. ET - Trading Halt: Halt News Pending
2024-10-08,DJT,0.1854,0.0359,0.1935,-0.0564,0.2413,0.5569,0.1373,government / policy,3,Trump Media Stock Surges as Elon Musk Backs Trump at Pennsylvania Event
2024-10-08,PTCT,0.1652,0.0146,0.0882,-0.0204,-0.0787,0.0025,-0.0107,FDA / clinical,2,"PTC Therapeutics Announces Updates On Vatiquinone Friedreich Ataxia Program; Says Pre-Specified Endpoint For Two FA Long-Term Extension Studies Was Met, Says Co. Recently Aligned With FDA On Key Aspects On Planned NDA Submission"
2024-10-09,ALAB,0.156,0.1548,0.9927,0.0799,0.0714,0.6036,0.0861,index inclusion,12,Astera Labs Introduces New Portfolio Of Fabric Switches Purpose-Built For AI Infrastructure At Cloud-Scale
2024-10-09,HELE,0.1788,0.181,1.0126,-0.0158,-0.0794,-0.1379,0.0135,earnings,10,"AZZ, Helen of Troy And 3 Stocks To Watch Heading Into Wednesday"
2024-10-09,TVTX,0.1565,0.0289,0.1849,-0.0273,0.0262,-0.0165,0.1143,analyst,3,"Wedbush Maintains Outperform on Travere Therapeutics, Raises Price Target to $25"
2024-10-10,DJT,0.1726,0.0078,0.0451,0.0481,0.2396,0.1482,0.2721,government / policy,11,Trump Media Announces Release Of Truth+ Streaming App For Android Devices
2024-10-10,ROOT,0.1649,0.0024,0.0143,-0.0396,-0.0546,0.7712,-0.022,analyst,4,"Jefferies Maintains Buy on Root, Lowers Price Target to $72"
2024-10-10,SYM,0.1837,0.0262,0.1429,0.088,0.068,0.1828,0.0078,FDA / clinical,4,"LSB Industries, Symbotic And Other Big Stocks Moving Higher On Thursday"
2024-10-11,AEHR,0.2027,0.1344,0.663,-0.0225,-0.0212,-0.2509,0.0927,FDA / clinical,9,"Aehr Test Systems Q1 2025 Adj EPS $0.07 Beats $0.02 Estimate, Sales $13.12M Beat $12.17M Estimate"
2024-10-11,MSTR,0.1596,0.0282,0.1765,-0.0514,0.0154,0.272,0.1219,earnings,4,"Fastenal Posts Upbeat Earnings, Joins Wells Fargo, JPMorgan And Other Big Stocks Moving Higher On Friday"
2024-10-11,WOLF,0.2084,0.0453,0.2172,-0.0087,0.3946,-0.1263,0.1034,earnings,2,"Fastenal Posts Upbeat Earnings, Joins Wells Fargo, JPMorgan And Other Big Stocks Moving Higher On Friday"
2024-10-14,DJT,0.1847,-0.0008,-0.0043,-0.0965,0.0451,0.1155,0.5634,government / policy,6,Trump Media Announces The Launch Of Its Truth+ TV Streaming Service
2024-10-14,DXYZ,0.2104,0.1483,0.7048,-0.0099,-0.0563,2.5124,-0.0273,other news,1,Why Longboard Pharmaceuticals Shares Are Trading Higher By Around 47%; Here Are 20 Stocks Moving Premarket
2024-10-14,EYPT,0.1518,0.0102,0.0672,-0.0285,0.0521,0.1799,0.055,government / policy,1,"NVIDIA, Trump Media & Technology, Bausch + Lomb, Sirius XM And Other Big Stocks Moving Higher On Monday"
2024-10-15,OKLO,0.1604,0.0538,0.3354,0.4197,0.788,0.9391,0.067,earnings,6,Sam Altman's Oklo Jumps On Google Nuclear Deal: What's Going On?
2024-10-15,WOLF,0.2127,0.3216,1.5124,0.1522,0.1167,-0.3942,0.3217,earnings,12,"Wolfspeed Announces $750M in Proposed Funding from U.S. CHIPS Act and Additional $750M From Investment Group Led By Apollo, Galvanizing Global Leadership in Delivering Next-Generation Silicon Carbide Technology"
2024-10-16,ASTS,0.1637,0.021,0.1285,0.0096,-0.0695,-0.0117,0.0444,other news,1,AST SpaceMobile's Options: A Look at What the Big Money is Thinking
2024-10-16,DJT,0.1552,0.0698,0.45,-0.0435,0.1488,-0.0745,0.6735,FDA / clinical,4,"Trump Goes On The Defense About 'Massive Effect' Of Tariffs, Economic Growth, Putin Relationship: DJT Shares Fall"
2024-10-16,IONQ,0.1725,0.0238,0.1381,0.0163,0.1984,1.1756,0.1341,other news,1,10 Information Technology Stocks Whale Activity In Today's Session
2024-10-16,LEU,0.2625,0.0248,0.0945,0.0473,0.1698,0.0544,-0.055,earnings,1,"United Airlines Posts Upbeat Earnings, Joins Morgan Stanley, U.S. Bancorp And Other Big Stocks Moving Higher On Wednesday"
2024-10-16,NNE,0.3785,0.0958,0.253,-0.1268,-0.0737,0.0765,-0.0787,government / policy,3,NANO Nuclear Energy Names Former U.S. Department Of Energy CFO John Vonglis As CEO
2024-10-16,OKLO,0.4197,0.1004,0.2393,-0.049,0.1064,0.3954,0.238,earnings,2,"United Airlines Posts Upbeat Earnings, Joins Morgan Stanley, U.S. Bancorp And Other Big Stocks Moving Higher On Wednesday"
2024-10-16,SMR,0.4001,0.0954,0.2385,-0.0551,-0.0918,0.3099,0.1341,FDA / clinical,4,"Amazon Leads $500M Funding Round For X-Energy To Develop Small Modular Reactor (SMR) Nuclear Power Technology; Feasibility Study Planned For SMR Project Near Washington State's Northwest Energy Site; Amazon And X-Energy Target Over 5 Gigawatts Of SMR Power In U.S. By 2039, With Plans For SMR Project At Virginia Nuclear Plant"
2024-10-16,UUUU,0.1538,0.0315,0.2045,0.0061,-0.0364,-0.0333,0.0196,no news found,0,
2024-10-16,VSEC,0.1755,0.0207,0.1178,-0.0283,-0.0421,0.1482,0.0717,M&A,6,VSE Signs Definitive Deal To Acquire Kellstrom Aerospace Group For Total Consideration Of $200M
2024-10-16,WOLF,0.1522,-0.0029,-0.019,0.0195,-0.0679,-0.4925,0.6028,analyst,1,"Morgan Stanley Maintains Equal-Weight on Wolfspeed, Raises Price Target to $15"
2024-10-16,WVE,0.7407,0.4071,0.5497,-0.0195,-0.0154,0.053,0.0071,FDA / clinical,8,Wave Life Sciences Achieves First-Ever Therapeutic RNA Editing In Humans With Results From RestorAATion-2 Trial Of WVE-006 For Alpha-1 Antitrypsin Deficiency
2024-10-18,AG,0.1533,0.0252,0.1646,0.0396,0.0506,-0.131,-0.0032,analyst,1,"HC Wainwright & Co. Reiterates Buy on First Majestic Silver, Maintains $8.5 Price Target"
2024-10-18,IAG,0.1683,0.0254,0.1512,0.0302,-0.0335,-0.1725,-0.0058,no news found,0,
2024-10-18,LEU,0.2164,0.0429,0.1984,-0.0417,-0.1278,-0.2884,0.2494,government / policy,1,"Centrus Energy's American Centrifuge Operating Wins HALEU Enrichment Award From U.S. Department Of Energy, With A Minimum Contract Value Of $2M And A Maximum Value For All Awardees Of $2.7B Over A 10-Year Period"
2024-10-18,OKLO,0.1589,-0.0146,-0.092,0.2238,0.0483,-0.0126,0.6716,other news,1,"Autoliv Posts Strong Sales, Joins United States Cellular, Netflix, Intuitive Surgical And Other Big Stocks Moving Higher On Friday"
2024-10-18,TDS,0.1537,0.0475,0.3091,-0.0287,-0.0059,0.0696,0.0816,other news,2,US Cellular Sells Key Spectrum Licenses To Verizon In $1B Deal
2024-10-21,LTBR,0.2596,0.3274,1.261,-0.1914,0.0283,-0.2514,1.177,no news found,0,
2024-10-21,NNE,0.3425,0.0711,0.2077,-0.1393,-0.2043,-0.1707,0.2066,contract / partnership,3,Nuclear Energy Stocks Are Hot: Here's A List Of Tickers To Watch
2024-10-21,OKLO,0.2238,0.0625,0.2794,-0.0663,0.0982,-0.0735,0.9373,other news,5,"Benzinga Bulls And Bears: Apple, Tesla, Netflix, Oklo — And Dogecoin, Meme Coins Outpace Corporate Giants"
2024-10-21,WULF,0.1851,-0.0038,-0.0206,0.0515,0.1031,0.1337,0.1125,contract / partnership,3,"Construction Partners, Lumen Technologies, Viad Corp And Other Big Stocks Moving Higher On Monday"
2024-10-22,HRI,0.1747,0.0297,0.1701,0.0551,0.0617,0.0853,0.0905,earnings,4,"Herc Hldgs Q3 2024 Adj EPS $4.35 Misses $4.48 Estimate, Sales $965.00M Beat $931.31M Estimate"
2024-10-22,IRTC,0.2172,0.129,0.5938,-0.0163,0.0187,-0.0016,-0.0631,FDA / clinical,9,iRhythm Technologies Secures FDA 510(k) Clearance For Design Updates To Zio AT Device
2024-10-23,JBTM,0.1772,0.0497,0.2807,0.0524,0.0318,0.057,-0.0255,no news found,0,
2024-10-23,LRN,0.3911,0.3107,0.7946,0.0292,0.0486,0.1459,-0.2142,earnings,11,"Stride Q1 2025 GAAP EPS $0.94 Beats $0.20 Estimate, Sales $551.084M Beat $506.081M Estimate"
2024-10-23,UPWK,0.2667,0.1642,0.6157,-0.0063,0.0723,0.176,-0.0364,FDA / clinical,4,"Upwork Announces Organizational Changes To Drive Continued Profitable Growth And Provides Preliminary Q3 Revenue Guidance Of $194M Vs $179M-$184M Expected; Announces $60M In Annual Cost Savings; To Reduce Workforce By 21%, Expects $60M In Savings; Expects To Exceed Q3 2024 Revenue And EBITDA Guidance"
2024-10-24,ADT,0.1763,0.0665,0.3774,-0.0319,-0.1155,-0.0738,-0.0226,earnings,4,"ADT Q3 2024 Adj. EPS $0.20 Beats $0.17 Estimate, Sales $1.244B Beat $1.218B Estimate"
2024-10-24,CLS,0.1822,0.091,0.4995,0.0212,0.0068,0.3459,0.1166,earnings,11,"Celestica Q3 2024 Adj EPS $1.04 Beats $0.93 Estimate, Sales $2.50B Beat $2.41B Estimate"
2024-10-24,GBX,0.1667,0.0865,0.519,0.0186,-0.0126,0.104,0.0557,FDA / clinical,4,Greenbrier Companies Sees FY2025 Sales $3.350B-3.650B vs $3.63B Est
2024-10-24,MOH,0.1767,0.1818,1.029,0.006,-0.0073,-0.085,-0.1701,earnings,9,"Molina Healthcare Q3 EPS $6.01 Beats $5.94 Estimate, Sales $10.34B Beat $9.92B Estimate"
2024-10-24,PCT,0.2953,0.01,0.0337,-0.0126,-0.0895,-0.1825,0.2253,no news found,0,
2024-10-24,QS,0.2548,0.1834,0.7197,-0.0477,-0.2077,-0.2246,-0.0565,earnings,9,"QuantumScape Q3 2024 GAAP EPS $(0.23), Inline"
2024-10-24,TSLA,0.2192,0.1452,0.6626,0.0334,-0.0408,0.3039,-0.1122,FDA / clinical,49,"Tesla Q3 2024 Adj. EPS $0.72 Beats $0.58 Estimate, Sales $25.182B Miss $25.373B Estimate"
2024-10-24,VKTX,0.2125,0.0888,0.4178,0.0657,-0.0093,-0.2949,-0.058,M&A,6,Viking Therapeutics Q3 2024 GAAP EPS $(0.22) Beats $(0.26) Estimate
2024-10-24,WST,0.1543,0.1433,0.9288,-0.0687,-0.0687,-0.0289,-0.0366,earnings,6,"West Pharmaceutical Servs Q3 2024 Adj. EPS $1.85 Beats $1.50 Estimate, Sales $746.900M Beat $709.616M Estimate"
2024-10-25,LTBR,0.2395,-0.0051,-0.0211,0.2354,-0.015,-0.1429,0.8416,other news,1,Nuclear Stocks Are On The Rise: What's Driving The Surge?
2024-10-25,NWL,0.216,0.209,0.9676,0.0916,0.0068,0.0446,-0.0232,earnings,8,"Newell Brands Q3 2024 Normalized Diluted EPS $0.16, Inline, Sales $1.947B Miss $1.958B Estimate"
2024-10-28,BTDR,0.2444,0.0531,0.2174,-0.0149,-0.2391,0.3159,0.0842,no news found,0,
2024-10-28,CSIQ,0.1566,0.0142,0.0905,-0.0961,0.029,-0.1573,-0.1078,other news,1,Solar Energy Surges: Could Friday's Price Action Mark A Reversal For Solar's Underperformance?
2024-10-28,DJT,0.2159,0.0827,0.3829,0.0876,-0.2749,-0.3507,1.4088,earnings,7,Inside Trump's Inner Circle: How JD Vance-Backed Tech Magnate Pavlovski Is Shaping Up Right-Wing Politics
2024-10-28,EYPT,0.2758,0.1242,0.4504,-0.0479,-0.0347,-0.2384,0.135,FDA / clinical,4,"EyePoint's DURAVYU Shows Results for Diabetic Macular Edema, Improving Vision and Anatomy in Early Trial Data"
2024-10-28,HUT,0.155,0.0409,0.2641,-0.0017,-0.0959,0.4666,0.2702,no news found,0,
2024-10-28,IBRX,0.1598,0.1015,0.6353,-0.0908,-0.1572,-0.1831,0.5647,earnings,4,"Jeff Bezos Ends Washington Post's 36-Year Tradition Of Endorsements, Leaving Staff 'Roiled'"
2024-10-28,IREN,0.1784,0.0486,0.2727,-0.0321,-0.2193,-0.045,0.1798,no news found,0,
2024-10-28,JKS,0.1776,0.0181,0.1019,-0.1275,0.005,-0.1874,-0.0984,no news found,0,
2024-10-28,LASR,0.2807,0.03,0.1069,-0.0136,-0.0491,-0.1565,-0.04,other news,1,12 Information Technology Stocks Moving In Monday's Intraday Session
2024-10-28,LTBR,0.2354,0.102,0.4335,0.3557,-0.2131,-0.3095,1.2826,other news,1,Lightbridge Stock Is Rallying Monday: What's Going On?
2024-10-28,NBIS,0.2136,0.022,0.1029,-0.0042,-0.1263,-0.0109,-0.0215,no news found,0,
2024-10-28,OKLO,0.2821,0.0455,0.1614,0.0139,-0.1408,-0.0649,1.0308,no news found,0,
2024-10-28,PRCT,0.3233,0.2793,0.8641,0.0625,0.0667,0.0745,-0.0746,earnings,5,"PROCEPT BioRobotics Q3 2024 GAAP EPS $(0.40) Beats $(0.49) Estimate, Sales $58.370M Beat $53.183M Estimate"
2024-10-28,SERV,0.2115,0.0318,0.1505,-0.0102,-0.1992,-0.2534,0.2329,earnings,4,"Ladenburg Thalmann Initiates Coverage On Serve Robotics with Buy Rating, Announces Price Target of $16"
2024-10-28,SMR,0.195,0.0261,0.1337,-0.0177,-0.1605,0.2755,0.5329,FDA / clinical,1,12 Industrials Stocks Moving In Monday's Intraday Session
2024-10-28,SOUN,0.1815,0.0154,0.0851,-0.018,-0.1683,0.3121,0.1045,no news found,0,
2024-10-28,VERA,0.1521,0.2144,1.4096,-0.0923,-0.0458,-0.0015,0.0148,FDA / clinical,4,"Reported Saturday, Vera Therapeutics Reveals 96-Week eGFR Stabilization In IgAN Patients with Atacicept: ORIGIN Phase 2b Study Findings Presented At ASN Kidney Week"
2024-10-29,CVLT,0.2396,0.0951,0.397,-0.0444,-0.0611,0.046,-0.0914,earnings,3,"CommVault Systems Q2 2025 Adj. EPS $0.83 Beats $0.76 Estimate, Sales $233.278M Beat $220.779M Estimate"
2024-10-29,HRMY,0.1606,0.0512,0.3188,-0.1853,-0.1947,-0.1605,0.0282,earnings,4,"Harmony Biosciences Q3 2024 Adj. EPS $1.03 Beats $0.67 Estimate, Sales $186.038M Beat $184.056M Estimate"
2024-10-29,LTBR,0.3557,0.0936,0.2632,-0.1275,-0.3412,-0.5297,1.8199,other news,1,Why VF Corp Shares Are Trading Higher By Around 21%; Here Are 20 Stocks Moving Premarket
2024-10-29,THC,0.1668,0.0589,0.3528,-0.0288,0.0253,-0.1052,-0.1101,earnings,5,"Tenet Healthcare Q3 2024 Adj EPS $2.93 Beats $2.37 Estimate, Sales $5.12B Beat $5.05B Estimate"
2024-10-29,VFC,0.2701,0.1928,0.7136,0.0295,-0.0116,-0.0556,-0.1279,earnings,20,"VF Q2 2025 Adj EPS $0.60 Beats $0.37 Estimate, Sales $2.80B Beat $2.70B Estimate"
2024-10-29,WGS,0.4988,0.188,0.377,-0.0098,-0.109,-0.0417,0.1897,earnings,7,"GeneDx Hldgs Q3 2024 GAAP EPS $(0.31) Beats $(0.50) Estimate, Sales $76.87M Beat $64.99M Estimate"
2024-10-30,ASPI,0.1979,0.4844,2.4474,0.013,0.1087,-0.2725,0.9136,earnings,5,ASP Isotopes Enters Term Sheet With TerraPower Related To Funding For The Construction Of A HALEU Production Facility
2024-10-30,ATRC,0.1835,0.1689,0.9204,-0.0474,0.0801,0.0385,0.0725,earnings,11,"AtriCure Q3 2024 Adj. EPS $(0.17) Beats $(0.19) Estimate, Sales $115.910M Beat $112.254M Estimate"
2024-10-30,FVRR,0.1631,0.069,0.423,0.0034,0.013,0.1259,0.0424,FDA / clinical,6,"Fiverr International Q3 2024 Adj. EPS $0.64 Beats $0.59 Estimate, Sales $99.628M Beat $96.416M Estimate"
2024-10-30,GRMN,0.2324,0.1193,0.5131,-0.032,0.0232,0.035,-0.0169,earnings,5,"Garmin Q3 2024 Adj. EPS $1.99 Beats $1.44 Estimate, Sales $1.586B Beat $1.444B Estimate"
2024-10-30,NGVT,0.1792,0.2005,1.1185,0.0034,0.1361,0.146,0.0684,earnings,2,"Ingevity Q3 2024 Adj EPS $1.10 Beats $0.90 Estimate, Sales $376.90M Miss $384.27M Estimate"
2024-10-30,OMCL,0.3223,0.1271,0.3944,-0.0831,-0.0104,-0.0865,-0.0335,earnings,7,"Omnicell Q3 2024 Adj. EPS $0.56 Beats $0.40 Estimate, Sales $282.420M Beat $280.448M Estimate"
2024-10-30,RDDT,0.4197,0.2833,0.675,0.028,0.0433,0.2067,0.2115,earnings,28,"Reddit Q3 2024 GAAP EPS $0.16 Beats $(0.08) Estimate, Sales $348.40M Beat $311.42M Estimate"
2024-10-30,SNAP,0.1589,0.0588,0.3699,-0.0365,-0.0642,-0.08,0.014,FDA / clinical,29,"Snap Q3 2024 Adj. EPS $0.08 Beats $0.05 Estimate, Sales $1.373M Miss $1.358B Estimate"
2024-10-31,ATEC,0.3968,0.2411,0.6076,0.0331,0.1987,0.335,0.0766,earnings,12,"Alphatec Holdings Q3 2024 GAAP EPS $(0.28) Misses $(0.23) Estimate, Sales $150.719M Beat $147.218M Estimate"
2024-10-31,CVNA,0.193,0.1491,0.7725,-0.0736,-0.0237,0.053,0.1735,earnings,19,"Carvana Q3 2024 GAAP EPS $0.64 Beats $0.17 Estimate, Sales $3.655B Beat $3.450B Estimate"
2024-10-31,ETR,0.1515,0.0565,0.3731,-0.0645,-0.0569,0.0172,0.0105,earnings,5,Entergy Q3 2024 Adj. EPS $2.99 Beats $2.97 Estimate
2024-10-31,LMND,0.2677,0.1136,0.4243,0.016,0.1498,1.1796,0.1364,earnings,4,"Lemonade Q3 2024 GAAP EPS $(0.95) Beats $(0.97) Estimate, Sales $136.60M Beat $129.16M Estimate"
2024-10-31,MATX,0.1595,0.0491,0.3076,-0.009,0.044,-0.009,-0.0284,earnings,1,"Matson Q3 2024 Adj. EPS $5.89 Beats $4.75 Estimate, Sales $962.000M Miss $965.729M Estimate"
2024-10-31,MDGL,0.201,0.1377,0.6849,0.2323,0.3683,0.2655,0.0453,earnings,3,"Madrigal Pharmaceuticals Q3 2024 GAAP EPS $(4.92) Beats $(6.92) Estimate, Sales $62.175M Beat $33.656M Estimate"
2024-10-31,NXT,0.2455,0.2161,0.8803,-0.0053,0.0384,-0.0417,-0.1207,FDA / clinical,9,12 Industrials Stocks Moving In Wednesday's After-Market Session
2024-10-31,PAYC,0.2135,0.1012,0.474,0.0078,0.0869,0.1114,0.0342,FDA / clinical,8,"Paycom Software Q3 2024 Adj. EPS $1.67 Beats $1.61 Estimate, Sales $452.000M Beat $446.948M Estimate"
2024-10-31,PTON,0.2782,0.185,0.6649,-0.1471,-0.0565,0.2165,0.427,earnings,11,"Peloton Names Peter Stern As President, CEO"
2024-10-31,RBLX,0.1989,0.185,0.9301,-0.0054,0.0269,-0.0307,0.0228,earnings,10,Smart Money Is Betting Big In RBLX Options
2024-10-31,RELY,0.1782,0.2444,1.3713,-0.0017,0.0829,0.1435,0.1839,earnings,7,"Remitly Global Q3 2024 GAAP EPS $0.01 Beats $(0.07) Estimate, Sales $336.53M Beat $320.74M Estimate"
2024-10-31,ROOT,0.6891,1.0123,1.4692,0.0383,0.1525,0.4594,0.0366,earnings,7,"Root Q3 2024 GAAP EPS $1.35 Beats $(0.98) Estimate, Sales $305.700M Beat $275.356M Estimate"
2024-11-01,ADMA,0.1876,0.1214,0.6471,-0.0134,0.1678,0.0165,-0.1666,earnings,1,"Amazon Posts Upbeat Results, Joins Cardinal Health, Waters, Atlassian, Charter Communications, MasTec And Other Big Stocks Moving Higher On Friday"
2024-11-01,AMSC,0.1639,0.0094,0.0572,-0.0526,0.1962,0.2085,0.1399,FDA / clinical,1,12 Industrials Stocks Moving In Friday's Intraday Session
2024-11-01,BTSG,0.1523,0.0688,0.4518,-0.0255,0.1345,0.1061,0.017,earnings,2,"BrightSpring Health Q3 Adj $0.11 Misses $0.17 Estimate, Sales $2.91B Beat $2.72B Estimate"
2024-11-01,GSAT,0.3143,0.3619,1.1515,0.3188,0.4348,0.3986,-0.1026,earnings,4,Why Charter Communications Shares Are Trading Higher By Around 11%; Here Are 20 Stocks Moving Premarket
2024-11-01,MDGL,0.2323,0.0603,0.2596,0.0367,0.0974,-0.0032,0.2554,analyst,1,"UBS Maintains Buy on Madrigal Pharmaceuticals, Raises Price Target to $441"
2024-11-01,MD,0.2346,0.1201,0.5121,-0.0046,0.0362,-0.0131,0.0353,earnings,3,"Pediatrix Medical Group Q3 2024 Adj EPS $0.44 Beats $0.37 Estimate, Sales $511.16M Beat $498.87M Estimate"
2024-11-01,TEAM,0.1899,0.1958,1.0307,-0.024,0.06,0.1851,0.1751,earnings,25,"Atlassian Q1 2025 Adj. EPS $0.77 Beats $0.64 Estimate, Sales $1.188B Beat $1.155B Estimate"
2024-11-01,TILE,0.3299,0.1687,0.5113,0.0113,0.0771,0.1446,-0.0209,FDA / clinical,11,"Interface Q3 2024 Adj. EPS $0.48 Beats $0.34 Estimate, Sales $344.270M Beat $336.419M Estimate"
2024-11-01,VIR,0.2363,-0.0467,-0.1977,0.0119,0.0367,-0.1199,0.0218,earnings,2,"Vir Biotechnology Q3 2024 Adj EPS $(1.56) Misses $(1.05) Estimate, Sales $2.40M Miss $5.51M Estimate"
2024-11-01,WAT,0.1984,0.1606,0.8095,0.0003,-0.007,-0.0003,-0.0883,earnings,5,"Waters Q3 2024 Adj EPS $2.93 Beats $2.68 Estimate, Sales $740.30M Beat $713.02M Estimate"
2024-11-04,CC,0.1551,0.1443,0.9305,-0.0342,-0.0373,0.0648,-0.0894,earnings,5,"Chemours Q3 2024 Adj. EPS $0.40 Beats $0.28 Estimate, Sales $1.500B Beat $1.442B Estimate"
2024-11-04,GSAT,0.3188,0.087,0.2727,-0.0385,0.1044,0.1538,0.15,earnings,4,Apple Satellite Connectivity Provider Globalstar And Timberland Parent V.F Corp Are Among Top 7 Mid Cap Gainers Last Week (Oct 28-Nov 1): Are The Others In Your Portfolio?
2024-11-04,IART,0.251,0.1411,0.562,0.0328,0.0551,0.0211,0.1341,earnings,9,"Integra LifeSciences Has Appointed Mojdeh Poul As The New President And Chief Executive Officer, Effective January 6, 2025, Succeeding Jan De Witte, Who Will Remain President And CEO Until January 6, 2025"
2024-11-04,IRON,0.2359,0.2219,0.9406,0.112,0.1428,0.1107,-0.0561,FDA / clinical,5,"Disc Medicine To Host Conference Call On Monday, November 4, At 8:00 am EST, To Discuss End Of Phase 2 FDA Meeting For Bitopertin In Erythropoietic Protoporphyria"
2024-11-05,ALAB,0.377,0.2398,0.6359,0.0236,-0.0538,0.2019,0.3254,earnings,17,"Astera Labs Q3 2024 Adj EPS $0.23 Beats $0.17 Estimate, Sales $113.09M Beat $97.44M Estimate"
2024-11-05,CENX,0.2001,0.069,0.3447,0.0442,0.0067,0.1287,0.1038,earnings,6,"Century Aluminum Q3 2024 Adj. EPS $0.63 Beats $0.28 Estimate, Sales $539.100M Beat $535.700M Estimate"
2024-11-05,CWK,0.1545,0.0502,0.3251,-0.0356,-0.0363,-0.0033,0.0563,earnings,2,"Cushman & Wakefield Q3 2024 Adj EPS $0.23 Beats $0.21 Estimate, Sales $2.30B Miss $2.39B Estimate"
2024-11-05,DXPE,0.2095,0.0693,0.3308,0.0682,0.1357,0.2054,-0.021,FDA / clinical,3,"DXP Enterprises Q3 2024 Adj. EPS $1.27 Beats $0.95 Estimate, Sales $472.900M Beat $443.000M Estimate"
2024-11-05,ICHR,0.1606,0.1606,1.0,0.0324,0.0352,0.1105,-0.1271,earnings,4,Ichor Hldgs Sees Q4 Adj EPS $0.21-0.33 vs $0.21 Est; Sees Sales $220.000M-235.000M vs $216.23M Est
2024-11-05,INGR,0.1553,0.0677,0.4357,-0.028,-0.0299,-0.0353,-0.0033,earnings,4,"Ingredion Q3 2024 Adj EPS $3.05 Beats $2.58 Estimate, Sales $1.87B Miss $1.95B Estimate"
2024-11-05,PAYO,0.2089,0.0933,0.4466,0.0049,0.0272,0.0534,0.1094,earnings,4,"Payoneer Global Q3 2024 GAAP EPS $0.11 Beats $0.04 Estimate, Sales $248.274M Beat $225.476M Estimate"
2024-11-05,PLTR,0.2347,0.1558,0.6636,0.0861,0.1705,0.3661,0.0648,FDA / clinical,25,"Palantir Technologies Q3 2024 GAAP EPS $0.06 Beats $0.04 Estimate, Sales $725.516M Beat $701.130M Estimate"
2024-11-05,UFPT,0.1859,0.0014,0.0074,0.0438,0.0437,-0.107,-0.0247,earnings,2,"UFP Techs Q3 EPS $2.11 Beats $1.81 Estimate, Sales $145.16M Beat $132.47M Estimate"
2024-11-05,XMTR,0.1714,0.0481,0.2804,0.185,0.2128,0.2461,0.27,earnings,1,"Xometry Q3 2024 Adj. EPS $0.02 Beats $(0.02) Estimate, Sales $141.698M Beat $137.697M Estimate"
2024-11-06,ARCB,0.1605,0.0949,0.591,-0.0658,-0.0648,-0.1109,0.0139,earnings,1,"Mercury Systems Posts Strong Results, Joins ArcBest, Tesla, Kennametal, Qualys And Other Big Stocks Moving Higher On Wednesday"
2024-11-06,ASB,0.1728,0.0698,0.4041,-0.0454,-0.0313,-0.0656,0.1357,no news found,0,
2024-11-06,AX,0.2062,0.0933,0.4527,-0.0272,0.0031,-0.0178,0.1214,no news found,0,
2024-11-06,BANF,0.1572,0.0257,0.1635,-0.0472,-0.0325,0.0097,0.0656,no news found,0,
2024-11-06,BFH,0.1899,0.1216,0.6404,-0.0402,-0.1001,-0.0095,0.0885,no news found,0,
2024-11-06,BKU,0.152,0.0984,0.6475,-0.046,-0.0031,0.0256,0.0144,no news found,0,
2024-11-06,CIFR,0.3102,0.1466,0.4727,-0.0029,-0.0502,-0.0115,0.3434,other news,1,12 Information Technology Stocks Moving In Wednesday's Intraday Session
2024-11-06,CLF,0.2007,0.137,0.6824,-0.043,-0.1449,-0.1349,-0.0865,no news found,0,
2024-11-06,CLSK,0.2301,0.1314,0.5712,0.0446,0.1532,0.0724,0.1733,crypto,1,"Bitcoin Mining Stocks MARA Holdings, Riot Platforms And CleanSpark Are Charging Higher Wednesday: What's Going On?"
2024-11-06,COF,0.1501,0.146,0.9728,-0.0322,-0.0285,-0.0251,0.1107,earnings,4,"S&P 500, Dow Hit Record Highs After Trump Win; Fear Index Drops 20%"
2024-11-06,COIN,0.3111,0.1419,0.456,0.005,0.1196,0.2605,0.1567,earnings,8,"Dow, Nasdaq Futures Race Higher As Trump Wins White House: DJT, Tesla Shares Surge — Veteran Investor Predicts US Economy Could 'Take Off'"
2024-11-06,CVBF,0.1715,0.0874,0.5098,-0.0426,-0.0024,0.0158,0.0819,no news found,0,
2024-11-06,CUBI,0.1964,0.0907,0.4616,-0.0682,0.0153,-0.0094,0.0366,no news found,0,
2024-11-06,CXW,0.2898,0.2443,0.843,0.256,0.2241,0.2156,0.0715,FDA / clinical,5,Why Tesla Shares Are Trading Higher By Around 14%; Here Are 20 Stocks Moving Premarket
2024-11-06,DAVE,0.218,0.042,0.1924,0.0009,0.9714,0.9285,-0.1537,earnings,4,"U.S. FTC Sues Dave Inc, Accuses It Of Misleading Users"
2024-11-06,DIN,0.1552,0.0737,0.4748,-0.0209,-0.0314,-0.0767,0.0462,earnings,3,"Dine Brands Global Q3 2024 Adj. EPS $1.44 Beats $1.34 Estimate, Sales $195.034M Miss $198.563M Estimate"
2024-11-06,DXYZ,0.371,0.1734,0.4674,0.3908,1.0774,2.2473,0.1707,other news,1,Why Tesla Shares Are Trading Higher By Around 14%; Here Are 20 Stocks Moving Premarket
2024-11-06,EVR,0.1625,0.0993,0.6112,-0.0303,-0.0449,-0.0587,0.0934,earnings,1,"Mercury Systems Posts Strong Results, Joins ArcBest, Tesla, Kennametal, Qualys And Other Big Stocks Moving Higher On Wednesday"
2024-11-06,FCF,0.1628,0.0859,0.5276,-0.0386,-0.0165,-0.0276,0.0196,no news found,0,
2024-11-06,FBK,0.1553,0.0886,0.5705,-0.0361,0.0027,0.0058,0.0734,no news found,0,
2024-11-06,FCNCA,0.1827,0.0677,0.3704,-0.0439,-0.0482,-0.0331,-0.0095,no news found,0,
2024-11-06,FHN,0.1644,0.1061,0.6455,-0.0248,0.0016,0.0248,0.1157,no news found,0,
2024-11-06,FRME,0.158,0.0671,0.4247,-0.0163,0.0037,-0.0025,0.0384,no news found,0,
2024-11-06,FULT,0.163,0.0868,0.5324,-0.0484,-0.0121,-0.0101,0.0703,no news found,0,
2024-11-06,GEO,0.421,0.2783,0.6609,0.1363,0.1847,0.3549,0.1004,FDA / clinical,6,Why Tesla Shares Are Trading Higher By Around 14%; Here Are 20 Stocks Moving Premarket
2024-11-06,HOOD,0.1963,0.111,0.5653,-0.0167,0.0687,0.3034,-0.0254,earnings,6,Trump Media Stock (DJT) Jumps 33.77% In Pre-Market As Ex-President Inches Closer To White House Victory
2024-11-06,HWC,0.1582,0.0839,0.5306,-0.0395,-0.0183,-0.0322,0.0491,no news found,0,
2024-11-06,IBOC,0.1529,0.0941,0.6154,-0.0353,-0.0175,-0.0112,0.0767,no news found,0,
2024-11-06,INDB,0.1541,0.0815,0.5286,-0.0318,-0.0012,-0.0207,0.111,no news found,0,
2024-11-06,INTA,0.1643,0.0478,0.2907,0.015,-0.0174,0.1396,0.1129,no news found,0,
2024-11-06,IREN,0.2349,0.1174,0.5,0.0154,-0.0145,0.2817,0.1106,other news,1,12 Information Technology Stocks Moving In Wednesday's Intraday Session
2024-11-06,KEY,0.1568,0.0714,0.4556,-0.0404,-0.0459,-0.0525,0.032,no news found,0,
2024-11-06,KMT,0.1752,0.0591,0.3371,-0.0601,-0.0537,-0.1012,0.0705,FDA / clinical,5,"Kennametal Q1 2025 Adj. EPS $0.29 Beats $0.26 Estimate, Sales $481.948M Miss $484.074M Estimate"
2024-11-06,LEU,0.15,0.0762,0.5079,-0.0056,-0.063,-0.0952,0.1606,no news found,0,
2024-11-06,LMB,0.2057,0.0627,0.305,-0.0004,-0.027,0.0671,0.0138,earnings,2,"Limbach Holdings Q3 2024 GAAP EPS $0.62 Beats $0.52 Estimate, Sales $133.920M Beat $129.500M Estimate"
2024-11-06,LMND,0.1693,0.0495,0.2925,-0.0669,0.0922,0.5708,0.5925,no news found,0,
2024-11-06,LUMN,0.1853,-0.0289,-0.156,0.0188,-0.0144,-0.2827,0.1835,earnings,6,"Lumen Technologies Q3 2024 Adj EPS $(0.13) Misses $(0.09) Estimate, Sales $3.221B Beat $3.218B Estimate"
2024-11-06,MARA,0.1897,0.0844,0.4448,-0.0005,0.1232,0.2831,0.0259,crypto,2,"Bitcoin Mining Stocks MARA Holdings, Riot Platforms And CleanSpark Are Charging Higher Wednesday: What's Going On?"
2024-11-06,MC,0.1838,0.1095,0.5957,-0.0401,-0.0638,-0.0652,0.0208,no news found,0,
2024-11-06,MRCY,0.2349,0.2031,0.8649,-0.0064,0.0249,-0.0912,-0.0664,FDA / clinical,3,"Mercury Sys Q1 2025 Adj. EPS $0.04 Beats $(0.08) Estimate, Sales $204.431M Beat $181.772M Estimate"
2024-11-06,NEXT,0.1529,0.116,0.7582,0.0087,0.035,0.0233,0.1598,no news found,0,
2024-11-06,NUE,0.16,0.1389,0.8683,-0.0392,-0.0926,-0.1322,-0.0236,earnings,2,"S&P 500, Dow Hit Record Highs After Trump Win; Fear Index Drops 20%"
2024-11-06,ONB,0.1562,0.0658,0.4211,-0.0289,0.0014,0.0498,0.0598,earnings,1,Price Over Earnings Overview: Old National
2024-11-06,PIPR,0.1944,0.0769,0.3958,-0.0334,-0.0372,-0.0426,0.009,earnings,1,"Mercury Systems Posts Strong Results, Joins ArcBest, Tesla, Kennametal, Qualys And Other Big Stocks Moving Higher On Wednesday"
2024-11-06,PJT,0.1575,0.0791,0.5018,-0.0268,-0.0285,-0.0123,0.004,contract / partnership,1,Looking Into PJT Partners's Recent Short Interest
2024-11-06,PNFP,0.1528,0.0723,0.4732,-0.0289,0.0181,0.0162,0.134,no news found,0,
2024-11-06,POWL,0.1813,0.0895,0.4935,-0.0294,-0.0878,-0.1791,0.1674,no news found,0,
2024-11-06,PWP,0.1805,0.0917,0.5081,-0.0401,0.007,0.0471,0.0572,no news found,0,
2024-11-06,PUMP,0.1628,0.0621,0.3814,-0.0558,-0.0676,-0.0225,-0.1169,no news found,0,
2024-11-06,QLYS,0.2418,0.199,0.8231,-0.0261,-0.0494,-0.0154,0.0454,earnings,19,"Qualys Q3 2024 Adj EPS $1.56 Beats $1.33 Estimate, Sales $153.87M Beat $150.70M Estimate"
2024-11-06,QURE,0.1815,0.0149,0.0818,0.0377,-0.0503,-0.0796,0.0236,analyst,4,"Cantor Fitzgerald Reiterates Overweight on uniQure, Maintains $28 Price Target"
2024-11-06,RIOT,0.2616,0.1102,0.4213,0.0114,0.0343,0.0057,0.19,crypto,2,"Bitcoin Mining Stocks MARA Holdings, Riot Platforms And CleanSpark Are Charging Higher Wednesday: What's Going On?"
2024-11-06,RVLV,0.279,0.2068,0.741,-0.0102,0.0018,0.0868,0.0774,earnings,14,"Revolve Gr Q3 2024 GAAP EPS $0.15 Beats $0.10 Estimate, Sales $283.146M Beat $271.016M Estimate"
2024-11-06,SEI,0.1779,0.1054,0.5926,-0.0012,0.0789,0.7216,0.0443,contract / partnership,2,"Stifel Maintains Buy on Solaris Energy, Raises Price Target to $23"
2024-11-06,SEZL,0.1823,0.0478,0.2621,0.035,0.5786,0.5416,0.2595,no news found,0,
2024-11-06,SYF,0.1881,0.1366,0.7261,-0.0424,-0.0353,-0.0087,0.1151,earnings,3,"S&P 500, Dow Hit Record Highs After Trump Win; Fear Index Drops 20%"
2024-11-06,TBBK,0.1516,0.1093,0.7206,-0.0569,0.0002,0.0012,-0.0797,no news found,0,
2024-11-06,TEM,0.2802,0.0328,0.1171,-0.0032,0.195,-0.0669,-0.0745,no news found,0,
2024-11-06,TRMB,0.1788,0.055,0.3076,-0.0069,-0.0004,0.038,0.0023,earnings,4,"Trimble Q3 2024 Adj. EPS $0.70 Beats $0.62 Estimate, Sales $875.8M vs $864.507M Estimate"
2024-11-06,USPH,0.1765,0.059,0.3341,-0.0189,-0.0539,0.0103,0.0652,earnings,1,"US Physical Therapy Q3 2024 Adj. EPS $0.69 Beats $0.68 Estimate, Sales $168.033M Beat $164.381M Estimate"
2024-11-06,WSFS,0.1618,0.0863,0.5332,-0.0458,0.0003,0.0134,0.0339,no news found,0,
2024-11-06,WTTR,0.2556,0.014,0.0549,0.0209,-0.0194,0.0447,-0.0019,earnings,1,"Select Water Solutions Q3 2024 GAAP EPS $0.15, Inline, Sales $371.349M Beat $350.908M Estimate"
2024-11-06,WULF,0.2351,0.1369,0.5822,0.0704,-0.0424,0.0052,0.5882,other news,1,12 Information Technology Stocks Moving In Wednesday's Intraday Session
2024-11-06,XMTR,0.185,0.0743,0.4017,-0.0007,0.0108,0.0294,0.4971,analyst,7,"Craig-Hallum Maintains Buy on Xometry, Raises Price Target to $30"
2024-11-06,ZION,0.1602,0.0787,0.4917,-0.0465,-0.0025,-0.0132,0.1016,no news found,0,
2024-11-07,ADTN,0.1927,-0.0126,-0.0656,0.0702,0.0556,0.1166,0.0839,earnings,2,"Adtran Q3 2024 Adj. EPS $(0.05) Misses $0.00 Estimate, Sales $227.704M Miss $238.650M Estimate"
2024-11-07,APP,0.4627,0.3646,0.788,0.1764,0.154,0.6286,0.1754,earnings,24,"AppLovin Q3 2024 GAAP EPS $1.25 Beats $0.94 Estimate, Sales $1.198B Beat $1.131B Estimate"
2024-11-07,BROS,0.2813,0.2492,0.8859,0.0538,0.0476,0.2316,0.1231,earnings,17,"Dutch Bros Q3 Adj $0.16 Beats $0.12 Estimate, Sales $338.21M Beat $325.14M Estimate"
2024-11-07,CXW,0.256,0.0455,0.1778,0.0199,-0.0294,-0.0254,0.3821,FDA / clinical,3,"CoreCivic Q3 2024 FFO $0.43 Beats $0.33 Estimate, Sales $491.600M Beat $469.830M Estimate"
2024-11-07,DXYZ,0.3908,0.3638,0.9308,0.638,0.2977,2.0434,0.5986,other news,2,Destiny Tech100 Inc. Shares Halted To The Upside; Stock Now Up 42.35%
2024-11-07,FRSH,0.285,0.1696,0.5952,-0.0226,-0.0297,-0.0125,0.1677,earnings,14,"Freshworks Q3 2024 Adj. EPS $0.11 Beats $0.08 Estimate, Sales $186.600M Beat $181.637M Estimate"
2024-11-07,INDV,0.1634,0.0032,0.0197,-0.0527,-0.0619,0.049,-0.0148,other news,1,"Indivior Responds To Publication Of A Letter By Oaktree Capital Management To The Board; Says 'The Board Has Engaged Actively With Oaktree In Recent Weeks On These Topics, And Remains Open-Minded About All Proposals To Enhance Value Creation; Focused On Acting In The Best Interests Of All Shareholders As We Continue To Execute On Our Strategy'"
2024-11-07,IONQ,0.3441,-0.0012,-0.0035,0.1212,0.1832,0.7173,0.7243,M&A,16,"IonQ Q3 2024 GAAP EPS $(0.24) Misses $(0.21) Estimate, Sales $12.400M Beat $10.561M Estimate"
2024-11-07,LUNR,0.1525,0.0157,0.1032,0.0221,0.0746,0.3046,0.1601,no news found,0,
2024-11-07,LTBR,0.1735,0.0024,0.0139,-0.078,-0.2474,-0.3973,1.7946,no news found,0,
2024-11-07,LYFT,0.2285,0.2347,1.0274,0.0051,0.013,-0.0989,0.1511,FDA / clinical,30,"Lyft Q3 2024 GAAP EPS $(0.03) Beats $(0.04) Estimate, Sales $1.522B Beat $1.440B Estimate"
2024-11-07,OKLO,0.2228,0.0041,0.0186,-0.0787,-0.1009,-0.1751,1.2625,government / policy,2,Oklo Says Department Of Energy And The Idaho National Laboratory Completed Environmental Compliance Process Addressing The DOE Requirements For Site Characterization At Fission Power Plant Site In Idaho
2024-11-07,SITM,0.1899,0.0553,0.2912,-0.0003,-0.0976,0.0282,0.0439,earnings,4,"SiTime Q3 2024 Adj. EPS $0.40 Beats $0.26 Estimate, Sales $57.700M Beat $55.084M Estimate"
2024-11-07,SOUN,0.2214,0.0387,0.1746,0.036,-0.046,1.1597,0.2289,no news found,0,
2024-11-07,UAA,0.272,0.1897,0.6975,-0.1303,-0.115,-0.0907,0.0404,earnings,6,Trump 2.0 A Sneaker Head's Nightmare? Your Next Pair Of Nikes Or Vans Could Cost A Pretty Penny: Here's Why
2024-11-07,UA,0.2333,0.1476,0.633,-0.1187,-0.1036,-0.0895,0.019,earnings,5,"Under Armour Q2 2025 Adj. EPS $0.30 Beats $0.20 Estimate, Sales $1.388B Beat $1.383B Estimate"
2024-11-07,WWW,0.3581,0.0703,0.1964,0.0081,0.0105,0.0547,-0.0248,earnings,4,"Wolverine World Wide Q3 2024 Adj. EPS $0.29 Beats $0.22 Estimate, Sales $440.200M Beat $421.442M Estimate"
2024-11-07,ZG,0.2498,0.1591,0.6367,0.0167,0.0273,0.1311,-0.0445,earnings,12,"Zillow Gr Q3 2024 Adj. EPS $0.35 Beats $0.29 Estimate, Sales $581.000M Beat $555.279M Estimate"
2024-11-07,Z,0.2377,0.1681,0.7072,0.0173,0.0231,0.132,-0.0288,earnings,6,"Zillow Gr Q3 2024 Adj. EPS $0.35 Beats $0.29 Estimate, Sales $581.000M Beat $554.675M Estimate"
2024-11-08,AAON,0.1607,0.0493,0.3066,0.0182,-0.0346,-0.0659,0.0969,earnings,4,"Baird Maintains Outperform on AAON, Raises Price Target to $138"
2024-11-08,AAOI,0.5508,0.0894,0.1623,0.0191,-0.0346,0.3026,0.0744,earnings,8,"Applied Optoelectronics Q3 2024 Adj EPS $(0.21) Misses $(0.17) Estimate, Sales $65.15M Beat $62.60M Estimate"
2024-11-08,AMSC,0.2059,-0.0074,-0.036,0.0782,-0.1189,-0.1585,0.277,FDA / clinical,1,12 Industrials Stocks Moving In Friday's Intraday Session
2024-11-08,APP,0.1764,0.0104,0.0589,-0.0123,0.0037,0.1811,0.7021,analyst,3,"Daiwa Capital Upgrades AppLovin to Outperform, Raises Price Target to $280"
2024-11-08,AXON,0.2868,0.152,0.53,0.0215,-0.0063,0.0653,0.0933,FDA / clinical,5,"Baird Maintains Outperform on Axon Enterprise, Raises Price Target to $600"
2024-11-08,BE,0.2343,0.0356,0.152,0.0342,0.6052,1.0182,0.044,FDA / clinical,7,Bloom Energy And Quanta Computer Announced A Major Expansion Of An Existing Agreement To Power The Production Of Critical Hardware  Serving The AI Industry; Terms Not Disclosed
2024-11-08,BILL,0.1731,0.1871,1.0806,0.111,0.0955,0.196,0.181,earnings,8,"BILL Holdings Q1 2025 Adj. EPS $0.63 Beats $0.50 Estimate, Sales $358.450M Beat $348.859M Estimate"
2024-11-08,DAVE,0.1544,0.0133,0.086,0.1181,0.5106,0.5902,0.1132,government / policy,2,9 Stocks To Watch As Bank Stocks Blow Past Tech Names In 2024: Thank The 'Trump Trade'
2024-11-08,DJT,0.1522,0.0172,0.1127,0.047,-0.1194,0.1075,0.1482,government / policy,8,"Top 10 Trending Stocks On WallStreetBets As Of November 8, 2024 (Via Swaggy Stocks)"
2024-11-08,DOCS,0.3415,0.3563,1.0432,0.0515,-0.1519,-0.0759,0.0016,earnings,11,"Doximity Reports Strong Q2 Earnings Results, Shares Soar"
2024-11-08,DXYZ,0.638,0.1403,0.2199,0.1721,-0.1108,0.6586,1.2256,no news found,0,
2024-11-08,FTRE,0.3019,0.2936,0.9725,-0.0319,-0.177,-0.0413,-0.0317,earnings,7,"Fortrea Holdings Q3 2024 Adj EPS $0.23 Misses $0.25 Estimate, Sales $674.90M Inline"
2024-11-08,GCT,0.1725,0.0705,0.4088,-0.0369,-0.2531,-0.1708,0.0106,earnings,1,"GigaCloud Tech Q3 2024 GAAP EPS $0.98 Beats $0.67 Estimate, Sales $303.316M Beat $279.570M Estimate"
2024-11-08,INOD,0.7576,0.2463,0.3251,0.0729,-0.141,0.0199,0.5724,FDA / clinical,9,Innodata Sees FY2024 Sales to between 88% and 92% year-over-year.
2024-11-08,SBET,0.2106,0.0513,0.2434,-0.0959,-0.0752,0.1952,-0.2647,other news,1,"SharpLink Gaming Shares Halted On Circuit Breaker To The Downside, Stock Now Up 36%"
2024-11-08,SEZL,0.7224,0.3971,0.5497,-0.0099,-0.1076,-0.2308,0.5719,earnings,7,"Sezzle Q3 EPS $2.62 Up From $0.23 YoY, Sales $69.96M Up From $40.84M YoY"
2024-11-08,TEM,0.299,0.0,0.0,0.0522,-0.2897,-0.3697,0.2351,earnings,1,"Sony Posts Upbeat Earnings, Joins Tesla, Upstart, Doximity, Fortrea, Axon Enterprise And Other Big Stocks Moving Higher On Friday"
2024-11-08,UI,0.1977,0.085,0.4299,0.0877,0.0711,0.0532,0.1206,earnings,3,"Ubiquiti Q1 2025 Adj. EPS $2.14 Beats $1.63 Estimate, Sales $550.300M Beat $523.020M Estimate"
2024-11-08,UPST,0.4602,0.1767,0.3839,-0.0435,-0.156,-0.0569,0.2846,earnings,13,"Upstart Hldgs Q3 2024 Adj. EPS $(0.07) Beats $(0.15) Estimate, Sales $162.140M Beat $150.222M Estimate"
2024-11-08,WOLF,0.2041,0.0108,0.0529,-0.0967,-0.332,0.004,-0.1232,other news,2,What Analysts Are Saying About Wolfspeed Stock
2024-11-08,ZD,0.1564,0.0604,0.3864,0.0415,-0.0274,0.0372,0.118,earnings,2,"Ziff Davis Q3 2024 Adj EPS $1.64 Beats $1.51 Estimate, Sales $353.58M Beat $347.13M Estimate"
2024-11-11,AFRM,0.2389,0.0325,0.136,0.0001,0.0777,0.1517,-0.0127,analyst,3,Evaluating Affirm Holdings: Insights From 16 Financial Analysts
2024-11-11,BKKT,0.2678,0.0845,0.3156,-0.0104,1.3863,1.0169,-0.0657,no news found,0,
2024-11-11,BTDR,0.2656,0.115,0.4328,-0.0326,0.045,0.6667,0.1836,other news,1,"MARA Holdings, RadNet, Bit Digital, Coinbase And Other Big Stocks Moving Higher On Monday"
2024-11-11,CLSK,0.2977,0.1054,0.354,0.0011,-0.2402,-0.2652,0.415,crypto,4,Trading Halt: Halt status updated at 10:10:00 AM ET: Quotation Resumption: News and Resumption Times
2024-11-11,COIN,0.1976,0.1092,0.5526,-0.0158,0.0036,-0.0673,0.535,government / policy,7,Why Revelation Biosciences Shares Are Trading Higher By Around 49%; Here Are 20 Stocks Moving Premarket
2024-11-11,DXYZ,0.1721,0.3119,1.8122,-0.2835,-0.1383,0.4461,2.6273,contract / partnership,5,Why Revelation Biosciences Shares Are Trading Higher By Around 49%; Here Are 20 Stocks Moving Premarket
2024-11-11,HIMS,0.1909,0.0594,0.311,-0.0427,-0.2471,0.1072,0.2525,other news,1,"MARA Holdings, RadNet, Bit Digital, Coinbase And Other Big Stocks Moving Higher On Monday"
2024-11-11,HUT,0.2556,0.0896,0.3506,-0.0297,0.0183,0.0419,0.6711,other news,1,"MARA Holdings, RadNet, Bit Digital, Coinbase And Other Big Stocks Moving Higher On Monday"
2024-11-11,IREN,0.1601,0.1056,0.6591,-0.0275,-0.1961,0.0478,0.4199,other news,1,"MARA Holdings, RadNet, Bit Digital, Coinbase And Other Big Stocks Moving Higher On Monday"
2024-11-11,JOBY,0.2035,0.0326,0.1604,0.008,-0.1053,0.362,-0.0844,no news found,0,
2024-11-11,LMND,0.2039,0.0373,0.1828,-0.0575,0.002,0.217,0.6354,other news,1,"MARA Holdings, RadNet, Bit Digital, Coinbase And Other Big Stocks Moving Higher On Monday"
2024-11-11,MARA,0.2992,0.1584,0.5295,0.0088,-0.2761,-0.0882,0.1971,earnings,10,Why Revelation Biosciences Shares Are Trading Higher By Around 49%; Here Are 20 Stocks Moving Premarket
2024-11-11,MGNI,0.1624,0.0213,0.1312,0.0303,-0.0114,0.0626,0.1119,analyst,1,"Macquarie Maintains Outperform on Magnite, Maintains $18 Price Target"
2024-11-11,MSTR,0.2573,0.0983,0.382,0.0488,0.1317,0.1098,0.272,government / policy,8,Michael Saylor's MicroStrategy Racks Up Over $10B In Unrealized Profit As Bitcoin Blows Past $82K
2024-11-11,OUST,0.3204,0.0401,0.125,-0.0739,-0.1678,-0.072,0.1175,analyst,1,"Rosenblatt Maintains Buy on Ouster, Maintains $17 Price Target"
2024-11-11,PGY,0.1553,0.0356,0.2291,-0.3558,-0.4923,-0.4275,0.3562,no news found,0,
2024-11-11,RDNT,0.191,0.2133,1.117,-0.0323,-0.0844,-0.0864,0.0576,earnings,5,"RadNet Q3 2024 Adj. EPS $0.18 Beats $0.15 Estimate, Sales $461.142M Beat $437.879M Estimate"
2024-11-11,RDW,0.1508,0.0421,0.2794,-0.0308,0.0414,0.1407,0.1639,no news found,0,
2024-11-11,RIOT,0.1686,0.0976,0.5787,-0.0347,-0.1877,-0.2585,0.5232,government / policy,2,"MARA Holdings, RadNet, Bit Digital, Coinbase And Other Big Stocks Moving Higher On Monday"
2024-11-11,RUM,0.18,0.0147,0.0818,-0.0527,-0.2316,0.1304,0.1336,no news found,0,
2024-11-11,SPCE,0.2138,0.037,0.1729,-0.0649,-0.0781,-0.1404,-0.0048,FDA / clinical,1,10 Industrials Stocks With Whale Alerts In Today's Session
2024-11-12,ALT,0.2912,0.0367,0.1262,0.0032,-0.2129,-0.079,0.1431,earnings,5,"Earnings Scheduled For November 12, 2024"
2024-11-12,GENI,0.172,0.1139,0.6619,0.0127,-0.0359,-0.0275,0.0359,earnings,3,"Earnings Scheduled For November 12, 2024"
2024-11-12,NUTX,0.3458,0.0749,0.2166,-0.1318,-0.2338,-0.1126,0.4461,analyst,2,"Benchmark Maintains Buy on Nutex Health, Raises Price Target to $60"
2024-11-12,SHOP,0.2104,0.1948,0.926,0.0566,-0.0398,0.0776,0.0754,earnings,10,"Shopify Q3 Earnings Preview: Stock Hits 52-Week Highs, Analysts Expect Second Best Revenue Quarterly Total In Company History"
2024-11-13,DAVE,0.44,0.246,0.5592,-0.1158,-0.1375,-0.0491,0.3703,earnings,5,Dave Raises FY2024 Sales Guidance from $310.00M-$325.00M to $340.00M-$343.00M
2024-11-13,DYN,0.1637,-0.0072,-0.0437,-0.1119,-0.1213,-0.2496,-0.1268,analyst,1,"HC Wainwright & Co. Reiterates Buy on Dyne Therapeutics, Maintains $55 Price Target"
2024-11-13,GFF,0.1821,0.0717,0.3939,-0.0389,-0.0143,-0.0163,-0.0028,earnings,6,"Earnings Scheduled For November 13, 2024"
2024-11-13,IONQ,0.163,0.0378,0.232,-0.0224,0.0785,0.1207,1.1935,other news,2,IonQ Strengthens Technical Moat With Its Latest Series Of Issued Patents
2024-11-13,NTRA,0.1913,0.1513,0.7907,-0.0613,0.0429,0.034,0.0474,earnings,13,"Natera Q3 2024 GAAP EPS $(0.26) Beats $(0.58) Estimate, Sales $439.800M Beat $361.450M Estimate"
2024-11-13,PAY,0.2702,0.2067,0.765,-0.037,0.0778,0.0343,0.1309,earnings,8,"Paymentus Holdings Q3 2024 Adj. EPS $0.15 Beats $0.09 Estimate, Sales $231.600M Beat $190.629M Estimate"
2024-11-13,RKLB,0.2844,0.3124,1.0983,-0.0781,0.0717,0.1992,0.4748,earnings,15,"Rocket Lab USA Q3 2024 GAAP EPS $(0.10) Beats $(0.11) Estimate, Sales $104.81M Beat $102.28M Estimate"
2024-11-14,BKSY,0.1824,0.0324,0.1778,-0.0377,0.2194,0.2011,0.2072,other news,1,Watching BlackSky Technology; Traders Circulate Stock Picked By James Altucher's Newsletter
2024-11-14,FCEL,0.1762,-0.0134,-0.0762,-0.1213,0.1298,0.6248,-0.4116,no news found,0,
2024-11-15,BE,0.5919,0.5776,0.9758,0.079,0.2185,0.237,0.3071,earnings,12,"Reported Earlier, Bloom Energy Announces 1 GW Fuel Cell Deal With AEP, Providing Clean Power For AI Data Centers"
2024-11-15,LUNR,0.2141,-0.0108,-0.0502,-0.0596,0.2174,0.0411,0.2251,FDA / clinical,9,12 Industrials Stocks Moving In Thursday's Pre-Market Session
2024-11-15,PPTA,0.1648,0.0363,0.22,-0.0972,-0.0679,0.1689,-0.0743,analyst,1,"HC Wainwright & Co. Maintains Buy on Perpetua Resources, Raises Price Target to $22"
2024-11-18,BKKT,1.6246,-0.0009,-0.0005,-0.0071,-0.0572,0.03,0.0027,M&A,7,'Donald Trump's Social Media Group In Talks To Buy Crypto Trading Venue; Truth Social Owner Is Close To An All-Share Takeover Of Intercontinental Exchange's Bakkt' - Financial Times
2024-11-18,DJT,0.1665,-0.0066,-0.0395,-0.0888,-0.0619,0.1595,-0.05,M&A,6,Major Investor In Trump Media Offloads Most Of Its Stake In DJT Stock
2024-11-18,FCEL,0.3166,0.0162,0.0513,-0.0185,0.2873,0.2996,-0.3825,FDA / clinical,1,12 Industrials Stocks Moving In Friday's Pre-Market Session
2024-11-18,SMCI,0.1593,0.078,0.4899,0.3124,0.7832,0.5692,-0.6069,earnings,9,"Super Micro Computer, Moderna And XPeng Were Among Top 10 Large Cap Stocks Losing Big Last Week (November 11-15): Check Out Other Losers"
2024-11-18,SMR,0.1851,0.0322,0.1737,-0.0092,0.029,-0.2039,0.2636,FDA / clinical,1,10 Industrials Stocks Whale Activity In Today's Session
2024-11-19,AI,0.2419,0.0347,0.1433,-0.0182,0.1032,0.2042,0.0387,other news,4,"Microsoft Ignite, C3 AI And Microsoft Forge Strategic Alliance To Accelerate Adoption Of Enterprise AI On Microsoft Azure"
2024-11-19,APLD,0.1819,0.0194,0.1064,-0.0437,0.0633,-0.0442,-0.1102,other news,3,Applied Digital Unusual Options Activity
2024-11-19,DXYZ,0.2407,0.0066,0.0273,-0.1656,-0.039,0.3627,2.207,no news found,0,
2024-11-19,LMND,0.1699,-0.0034,-0.0197,0.1604,0.2439,-0.0239,0.8456,other news,2,"Watching Lemonade; Shares Trading Higher As Company Hosts Investor Day, Traders Circulate Co Presented Slide Illustrating Net Present Value Of $90+/Share"
2024-11-19,SMCI,0.3124,0.2586,0.8276,-0.0874,0.2179,0.1401,-0.5494,FDA / clinical,15,"Supermicro Announces Appointment Of BDO USA As Independent Auditor, Effective Immediately And Filing Of Compliance Plan With Nasdaq"
2024-11-19,SYM,0.2768,0.2484,0.8972,-0.0695,-0.0413,-0.3857,0.0139,earnings,14,"Symbotic Q4 2024 GAAP EPS $0.05 Beats $0.03 Estimate, Sales $576.768M Beat $470.276M Estimate"
2024-11-20,AAOI,0.1933,0.049,0.2536,0.042,0.069,-0.0493,0.6194,no news found,0,
2024-11-20,DLB,0.156,0.0647,0.4149,-0.0211,-0.0461,-0.051,-0.0322,earnings,11,"Dolby Laboratories Q4 Adj $0.81 Beats $0.70 Estimate, Sales $304.81M Miss $307.94M Estimate"
2024-11-20,LMND,0.1604,0.0683,0.4255,0.0812,0.0554,-0.1821,1.1534,analyst,1,"Morgan Stanley Upgrades Lemonade to Equal-Weight, Raises Price Target to $42"
2024-11-20,WSM,0.2755,0.2534,0.9199,-0.0146,-0.0209,0.026,-0.019,earnings,12,"Earnings Scheduled For November 20, 2024"
2024-11-21,AOSL,0.3294,0.0105,0.032,-0.0438,0.0265,-0.0517,-0.1423,no news found,0,
2024-11-21,FSLY,0.1744,0.0093,0.0531,0.0368,0.1143,0.3246,-0.0847,no news found,0,
2024-11-21,LUNR,0.1595,0.0075,0.0468,0.0804,0.1683,-0.0304,0.4957,earnings,2,Intuitive Machines Partners With Johns Hopkins APL To Advance Lunar Communications And Navigation Infrastructure
2024-11-21,NNE,0.2638,0.0382,0.145,0.1487,-0.0561,-0.1388,0.1648,government / policy,3,NANO Nuclear Energy Announces Former CFO Of The U.S. Department Of Energy John G. Vonglis Takes On Active Corporate Role As Executive Director Of Global Government Affairs
2024-11-21,OKLO,0.2043,0.0029,0.014,-0.0012,-0.067,-0.147,0.1448,M&A,2,"Atomic Alchemy, Oklo's Proposed Acquisition Target, Signs MOU With Zeno Power To Provide Fuel For Commercial Radioisotope Power Systems"
2024-11-21,RDDT,0.1596,0.0367,0.2299,-0.0718,-0.1097,0.0803,0.7542,contract / partnership,2,Reddit Recovers from Major Service Outage On Wednesday
2024-11-21,SMCI,0.1512,0.0729,0.4821,0.1162,0.099,0.0636,-0.4312,earnings,5,"Super Micro Computer Submits Compliance Plan To Nasdaq, Addresses Delays In Filing 2024 Annual Report And Q1 2025 Quarterly Report, Stating Belief It Can Regain Compliance Within Extension Period"
2024-11-21,SNOW,0.3271,0.2489,0.7611,-0.0228,0.0201,-0.0295,0.1365,M&A,36,"Snowflake Reports Q3 2025 Adj EPS $0.20 Beats $0.15 Estimate, Sales $942.09M Beat $896.99M Estimate"
2024-11-21,TDOC,0.1556,0.0111,0.0714,0.0212,0.1519,-0.0923,0.0369,no news found,0,
2024-11-21,UTI,0.187,0.1192,0.6371,0.075,0.0957,0.0712,0.2362,earnings,13,"Universal Technical Q4 EPS $0.34 Beats $0.30 Estimate, Sales $196.36M Beat $191.39M Estimate"
2024-11-21,VSAT,0.202,0.0101,0.05,0.1297,0.12,0.0552,-0.3265,other news,1,Watcing ViaSat; Traders Circulate Representative Debbie Wasserman Schultz Has Bought Stock In The Company
2024-11-21,VSTS,0.1736,-0.0015,-0.0087,0.0251,0.0289,0.0514,-0.0721,earnings,4,"Earnings Scheduled For November 21, 2024"
2024-11-22,CLSK,0.1647,0.0104,0.0632,-0.0099,-0.0384,-0.3205,0.084,no news found,0,
2024-11-22,RCAT,0.2288,0.0712,0.3114,0.0713,0.1778,0.2297,1.6838,other news,1,How Is The Market Feeling About Red Cat Hldgs?
2024-11-22,REPL,0.3511,0.238,0.6778,-0.1119,-0.0924,-0.1735,-0.0761,FDA / clinical,8,"Replimune Receives Breakthrough Therapy Designation For RP1, Submits RP1 Biologics License Application To FDA Under Accelerated Approval Pathway"
2024-11-22,SOUN,0.1819,0.053,0.2913,-0.0267,0.0848,1.4764,0.322,other news,2,"Natural Grocers By Vitamin Cottage, Elastic, Matthews International, Gap And Other Big Stocks Moving Higher On Friday"
2024-11-22,UGI,0.1501,0.0194,0.129,0.0295,0.0096,-0.0199,0.0013,earnings,4,"UGI FY 2024 Adj EPS $3.06 Beats $2.94 Estimate, Sales $7.21B Miss $8.45B Estimate"
2024-11-22,WOLF,0.3106,0.073,0.235,0.1777,0.3152,-0.0818,-0.5707,other news,1,"Natural Grocers By Vitamin Cottage, Elastic, Matthews International, Gap And Other Big Stocks Moving Higher On Friday"
2024-11-25,ACHR,0.2384,0.1002,0.4201,-0.0348,-0.0976,0.4439,0.9484,FDA / clinical,4,Applied Digital And Hims & Hers Health Are Among Top 9 Mid-Cap Gainers Last Week (Nov 18-Nov 22): Are The Others In Your Portfolio?
2024-11-25,BBWI,0.1649,0.1891,1.1471,-0.0152,0.0312,0.0928,0.0176,earnings,14,"Agilent, Bath & Body Works And 3 Stocks To Watch Heading Into Monday"
2024-11-25,BBIO,0.161,0.2301,1.4297,-0.0276,-0.0224,0.0493,-0.0176,FDA / clinical,9,Trading Halt: Halted at 4:08:53 p.m. ET - Trading Halt: Halt News Pending
2024-11-25,FCEL,0.2609,0.0217,0.0833,0.0249,0.0105,-0.0057,-0.1386,no news found,0,
2024-11-25,HIMS,0.2377,0.0458,0.1927,-0.0214,0.0274,-0.1021,0.1657,other news,2,Applied Digital And Hims & Hers Health Are Among Top 9 Mid-Cap Gainers Last Week (Nov 18-Nov 22): Are The Others In Your Portfolio?
2024-11-25,JOBY,0.1566,0.0339,0.2162,-0.0366,-0.0427,0.0073,0.374,other news,1,Joby Gets Toyota's $500M Dollar Lift: eVTOL Pioneer Making New Highs
2024-11-25,QUBT,0.2623,0.2246,0.8562,-0.1364,-0.1987,1.2201,4.5963,other news,5,Why Uxin Shares Are Trading Higher; Here Are 20 Stocks Moving Premarket
2024-11-25,SEDG,0.1591,0.0581,0.3651,-0.0058,0.0646,0.077,-0.2626,no news found,0,
2024-11-25,SMCI,0.1587,0.0867,0.5466,-0.1036,0.0469,-0.1062,-0.2987,earnings,7,"Short Sellers Are Back – Flurry Of Big Calls From Muddy Waters, Citron And Others Raises Questions: Why Now?"
2024-11-25,SRRK,0.2607,0.3369,1.2923,-0.0175,0.044,0.2078,0.0003,analyst,4,"BridgeBio Pharma, Rigetti Computing, Bath & Body Works And Other Big Stocks Moving Higher On Monday"
2024-11-25,WOLF,0.1777,0.0758,0.4267,-0.1076,0.0563,-0.2203,-0.432,index inclusion,2,"Israel, Lebanon Reach Reported Cease-Fire Deal: Gold, Oil Tumble; S&P 500, Dow Jointly Hit Record Highs"
2024-11-26,SMTC,0.181,0.1882,1.0403,0.0173,0.0949,0.0406,0.1883,earnings,18,"Semtech Q3 Adj $0.26 Beats $0.23 Estimate, Sales $236.80M Beat $232.06M Estimate"
2024-11-26,TSSI,0.1654,0.0247,0.1493,0.0275,-0.0201,0.2913,-0.3239,no news found,0,
2024-11-27,ARWR,0.2423,0.0627,0.2588,-0.0046,-0.1472,-0.275,0.0536,earnings,6,"Arrowhead Pharma FY 2024 GAAP EPS $(5.00) Misses $(4.45) Estimate, Sales $3.551M Miss $74.932M Estimate"
2024-11-27,HUT,0.165,0.0258,0.1563,-0.0151,-0.0274,-0.2155,0.4214,other news,1,"Iris Energy, Arrowhead Pharmaceuticals, Urban Outfitters And Other Big Stocks Moving Higher On Wednesday"
2024-11-27,IMNM,0.1683,0.013,0.0773,0.0059,-0.0572,-0.2175,-0.0549,no news found,0,
2024-11-27,IREN,0.2971,0.1192,0.4014,0.0895,0.1411,-0.1363,-0.0938,earnings,14,Iris Energy Q1 Sales $49.60M
2024-11-27,UMAC,0.8451,0.8953,1.0594,0.8938,0.0364,0.7159,2.6216,earnings,10,Donald Trump Jr. Joins Unusual Machines Advisory Board
2024-11-27,URBN,0.1831,0.1353,0.7388,0.0261,0.0668,0.1752,0.0979,earnings,16,"Urban Outfitters Q3 Net Sales $1.36B, EPS $1.10"
2024-11-29,ACHR,0.1844,0.0903,0.4899,-0.2372,-0.1348,0.0512,1.4634,no news found,0,
2024-11-29,AOSL,0.1503,0.0172,0.1144,-0.0019,0.1678,-0.1097,0.0312,no news found,0,
2024-11-29,BTDR,0.1668,0.0711,0.4265,-0.0301,0.4723,0.562,0.409,other news,2,US Stocks Likely To Open In The Green To End November On A High: Are Markets Set For A Santa Claus Rally In December? Analysts Decode
2024-11-29,GRRR,0.2107,0.0934,0.4434,0.2053,0.0805,2.6798,0.1228,no news found,0,
2024-11-29,RCAT,0.2697,0.068,0.252,-0.1024,-0.3059,0.1971,1.9243,other news,1,Spotlight on Red Cat Hldgs: Analyzing the Surge in Options Activity
2024-11-29,SOUN,0.1815,0.0178,0.0979,-0.0387,0.6122,1.4361,0.4459,other news,1,Behind the Scenes of SoundHound AI's Latest Options Trends
2024-11-29,UMAC,0.8938,0.4408,0.4932,-0.1954,-0.535,0.031,4.9578,other news,4,12 Information Technology Stocks Moving In Wednesday's Pre-Market Session
2024-12-02,FSLY,0.1639,0.0873,0.5324,-0.0486,0.1489,-0.0436,0.1729,analyst,3,"XPeng, NovoCure, Merus, Gap And Other Big Stocks Moving Higher On Monday"
2024-12-02,GRRR,0.2053,0.133,0.648,-0.0613,0.0777,1.4605,0.3747,no news found,0,
2024-12-02,NBIS,0.171,0.1878,1.0984,0.139,0.2412,0.0757,0.0285,contract / partnership,3,"Nebius Entered Agreements For $700M Private Placement Financing From Institutional Investors, Co. Says Board Has Determined Potential Repurchase Of Class A Shares Is No Longer Warranted; Co. Also Expects To Deliver ARR By Year-End 2025 Of $750M-$1B"
2024-12-02,NVCR,0.4895,0.4097,0.8369,0.0221,-0.0402,-0.0017,0.3202,FDA / clinical,8,"Evercore ISI Group Upgrades NovoCure to Outperform, Raises Price Target to $30"
2024-12-02,PTCT,0.1866,0.1869,1.0012,-0.0342,-0.077,-0.1331,0.0992,contract / partnership,4,"PTC Therapeutics Signs Exclusive Global License And Collaboration Agreement With Novartis; PTC To Receive Upfront Payment Of $1B, Up To $1.9B In Development, Regulatory And Sales Milestones"
2024-12-02,QURE,0.1943,0.0921,0.4741,-0.101,0.0231,1.4769,0.0437,no news found,0,
2024-12-02,SMCI,0.2868,0.1575,0.5491,-0.0426,0.0514,-0.2743,0.1213,other news,5,Supermicro Completes Review By Independent Special Committee; Determined Resignation Pf Ernst & Young And Conclusion Stated Were Not Supported By Findings
2024-12-02,WOLF,0.1587,0.0047,0.0296,-0.0541,-0.0928,-0.4,-0.2802,no news found,0,
2024-12-03,CNM,0.1551,0.118,0.761,-0.0095,-0.0584,-0.0798,0.1165,FDA / clinical,10,"Honeywell, Salesforce And 3 Stocks To Watch Heading Into Tuesday"
2024-12-03,CRDO,0.4789,0.3482,0.7272,-0.0238,-0.0627,0.0034,0.1823,FDA / clinical,16,"Credo Technology Group Q2 2025 Adj. EPS $0.07 Beats $0.05 Estimate, Sales $72.000M Beat $66.789M Estimate"
2024-12-03,CRML,0.1644,-0.0151,-0.0917,0.0492,-0.0052,-0.1516,0.0524,no news found,0,
2024-12-03,JANX,0.4898,0.6717,1.3714,0.1165,0.0418,-0.1106,-0.2613,FDA / clinical,7,Janux Announced Updated Interim Clinical Data For JANX007 Clinical Program
2024-12-03,PPTA,0.1728,0.108,0.625,0.0189,0.1501,0.0434,-0.0874,no news found,0,
2024-12-04,GRPN,0.1851,0.0011,0.0057,0.0302,0.11,0.0701,-0.1087,no news found,0,
2024-12-04,MRVL,0.2319,0.1713,0.7385,-0.0405,-0.0575,0.0003,0.1365,earnings,32,"Marvell Tech Q3 Adj $0.43 Beats $0.41 Estimate, Sales $1.52B Beat $1.46B Estimate"
2024-12-04,P,0.2206,0.1703,0.7722,-0.0427,-0.0513,-0.0171,0.0768,no news found,0,
2024-12-05,AAL,0.168,0.0759,0.452,0.0012,-0.0081,0.0081,0.1281,earnings,7,"American Airlines Sees Q4 TRASM Flat To +1%, CASM-Ex Up 5%-6%; Adjusted EPS Between $0.55 And $0.75 Vs $0.39 Est."
2024-12-05,SEI,0.1767,0.0782,0.4423,-0.065,0.0173,0.1047,0.7233,earnings,3,Solaris Energy Infrastructure Increases Q4 2024 Adjusted EBITDA Guidance From $33M-$36M To A Range Of $36M-$39M
2024-12-05,SOUN,0.3133,0.0374,0.1195,0.126,0.0255,0.4921,0.8901,contract / partnership,6,SoundHound AI Shares Are On The Rise Today: What's Going On?
2024-12-06,ASAN,0.4353,0.2937,0.6746,0.1208,0.0883,-0.0829,0.1146,earnings,28,Earnings Breakdown: Asana Q3
2024-12-06,BTDR,0.2373,0.0889,0.3747,-0.0181,-0.0043,-0.0621,0.9953,analyst,3,12 Information Technology Stocks Moving In Thursday's Pre-Market Session
2024-12-06,DNA,0.2058,0.0134,0.0653,-0.0823,-0.1904,-0.0395,0.1637,no news found,0,
2024-12-06,DOCU,0.2786,0.1472,0.5285,-0.0442,-0.1169,-0.1751,0.1082,earnings,23,"DocuSign Q3 2025 Adj. EPS $0.90 Beats $0.87 Estimate, Sales $754.800M Beat $745.263M Estimate"
2024-12-06,DXYZ,0.3035,0.0547,0.1804,-0.1073,0.0427,-0.1222,2.2473,contract / partnership,1,'SpaceX Gets US Contract to Expand Ukraine's Access to Starshield' - Bloomberg
2024-12-06,LULU,0.1589,0.0934,0.5875,0.013,-0.0199,-0.0154,0.1011,FDA / clinical,32,"Lululemon Athletica Q3 2024 GAAP EPS $2.87 Beats $2.71 Estimate, Sales $2.40B Beat $2.36B Estimate"
2024-12-06,NBIS,0.18,0.0263,0.1462,-0.1308,-0.1637,-0.1422,0.6145,no news found,0,
2024-12-06,OUST,0.1622,0.0145,0.0897,-0.0395,-0.1261,0.4062,0.1418,no news found,0,
2024-12-06,RBRK,0.2044,0.224,1.0957,0.0798,0.1168,-0.0045,0.2395,earnings,15,"Rubrik Q3 2024 Adj EPS $(0.21) Beats $(0.40) Estimate, Sales $236.20M Beat $217.52M Estimate"
2024-12-06,RUM,0.2057,0.0294,0.1429,-0.0333,-0.0131,0.5791,0.2005,government / policy,1,Rumble Shares Are Up Today: What You Need To Know
2024-12-06,RXRX,0.2155,0.0319,0.1479,0.0325,-0.1323,-0.0649,-0.0545,earnings,1,"Ulta Beauty Posts Upbeat Results, Joins Asana, Lululemon, Hewlett Packard Enterprise And Other Big Stocks Moving Higher On Friday"
2024-12-06,SBET,0.7939,0.0,0.0,-0.0718,-0.2073,-0.3255,-0.188,other news,1,"SharpLink Gaming Shares Halted On Circuit Breaker To The Upside, Stock Now Up 98.5%"
2024-12-06,SERV,0.2382,0.0231,0.0969,0.0153,0.1085,0.5771,-0.0555,earnings,1,"Ulta Beauty Posts Upbeat Results, Joins Asana, Lululemon, Hewlett Packard Enterprise And Other Big Stocks Moving Higher On Friday"
2024-12-09,ASST,0.4895,0.5482,1.1199,-0.1825,-0.335,-0.1679,-0.4178,other news,2,Asset Entities Shares Halted To The Upside; Stock Now Up 115.26%
2024-12-09,GRRR,0.2021,0.0995,0.4925,-0.0025,0.1606,1.115,0.4687,analyst,2,"Northland Capital Markets Maintains Outperform on Gorilla Tech Gr, Raises Price Target to $13"
2024-12-09,REAL,0.3913,0.1506,0.3849,0.0112,0.0324,-0.0257,0.7219,analyst,2,"Wells Fargo Upgrades RealReal to Overweight, Raises Price Target to $15"
2024-12-09,USAR,0.1872,0.1097,0.5856,0.016,-0.0617,-0.0844,0.0649,no news found,0,
2024-12-10,NAMS,0.4141,0.3499,0.8449,-0.0237,0.016,-0.0473,-0.2322,FDA / clinical,5,Trading Halt: Halted at 6:55:00 a.m. ET - Trading Halt: Halt News Pending
2024-12-10,PUMP,0.1789,0.0774,0.4326,0.0409,0.0022,0.0969,0.0234,other news,1,"ProPetro Holding Announces New Subsidiary, ProPetro Energy Solutions, That Will Do Business As ProPWR"
2024-12-10,QURE,1.0973,0.8807,0.8026,0.0229,0.0758,-0.0948,-0.0635,FDA / clinical,10,uniQure Reaches Agreement With FDA On Key Elements Of An Accelerated Approval Pathway For AMT-130
2024-12-10,UNFI,0.2002,0.1426,0.7126,-0.052,-0.05,-0.0787,0.1511,earnings,10,"Oracle, United Natural Foods And 3 Stocks To Watch Heading Into Tuesday"
2024-12-11,ASST,0.2232,0.1607,0.72,-0.1971,-0.3869,-0.3293,-0.2982,contract / partnership,1,Asset Entities Announced It Has Been Approved As A TikTok Shop Partner
2024-12-11,FIGS,0.2164,0.1228,0.5676,-0.0385,-0.0913,-0.0449,0.08,M&A,2,Figs Stock Jumps On Takeover Offer From Private-Equity Firm
2024-12-12,CIEN,0.1545,0.1429,0.9248,0.0615,0.015,-0.0123,0.0321,earnings,14,"Earnings Scheduled For December 12, 2024"
2024-12-12,WBD,0.1543,0.0536,0.3473,-0.0336,-0.1601,-0.221,0.1735,earnings,8,"Warner Bros. Discovery Announces New Corporate Structure To Enhance Strategic Flexibility, To Comprise 2 Divisions – Global Linear Networks And Streaming & Studios"
2024-12-13,ACHR,0.1702,0.046,0.2705,0.0572,0.1311,0.0477,0.6752,analyst,5,"Cathie Wood's Ark Invest Dumps Another $15.3 Million Tesla Shares, Pivots To This Flying Taxi Startup"
2024-12-13,AVGO,0.2443,0.184,0.7532,0.1121,-0.0178,0.017,0.0407,earnings,36,"Broadcom Q4 2024 Adj. EPS $1.42 Beats $1.38 Estimate, Sales $14.054B Miss $14.091B Estimate"
2024-12-13,GRRR,0.1541,0.1795,1.1646,0.0344,0.5065,0.7825,0.7204,other news,1,Looking Into Gorilla Tech Gr's Recent Short Interest
2024-12-13,RGTI,0.1993,0.062,0.3109,0.1774,0.3087,0.5279,2.5118,earnings,2,12 Information Technology Stocks Moving In Thursday's Pre-Market Session
2024-12-13,RH,0.1695,0.1641,0.968,-0.0696,-0.1071,-0.039,0.1679,earnings,21,"RH Q3 2024 Adj. EPS $2.48 Misses $2.65 Estimate, Sales $811.732M Miss $812.163M Estimate"
2024-12-13,SERV,0.1534,-0.0062,-0.0402,0.1453,0.117,0.4136,0.3565,other news,1,Serve Robotics Options Trading: A Deep Dive into Market Sentiment
2024-12-13,SOUN,0.237,0.0084,0.0355,0.1644,0.2865,-0.1786,1.1802,earnings,5,Top 3 Tech Stocks That May Collapse This Quarter
2024-12-13,UMAC,0.2542,0.0136,0.0533,0.1793,0.136,0.1703,1.8734,no news found,0,
2024-12-16,AEHR,0.2567,0.2186,0.8514,0.0035,-0.0304,-0.1601,0.0267,contract / partnership,3,Aehr Test Systems Secures $10M Order for AI Semiconductor Testing
2024-12-16,ASPI,0.18,0.054,0.3,-0.0763,-0.2271,-0.1288,-0.3316,other news,2,"ASP Isotopes Chairman And Ceo, Paul Mann, Issues Letter To Shareholders"
2024-12-16,BKSY,0.1551,0.0,0.0,0.0033,-0.1458,-0.1392,0.2011,no news found,0,
2024-12-16,CIFR,0.2055,0.0131,0.0635,-0.0217,-0.295,-0.2963,-0.0452,other news,1,"Tesla, Micron, Broadcom, MARA Holdings And Other Big Stocks Moving Higher On Monday"
2024-12-16,EWTX,0.1836,0.021,0.1144,-0.0771,-0.0829,-0.1826,-0.1597,FDA / clinical,4,Edgewise Therapeutics Reports Topline Results From Phase 2 CANYON Trial Of Sevasemten In Individuals With Becker Muscular Dystrophy;  Trial Met Its Primary Endpoint
2024-12-16,IONQ,0.2359,-0.0402,-0.1704,0.0486,-0.0117,-0.0062,0.2932,other news,3,"Live On CNBC, Amy Raskin Announces Trimmed IonQ Position"
2024-12-16,QBTS,0.446,0.02,0.0448,0.1618,0.1272,-0.1964,1.6738,other news,2,D-Wave Quantum Shares Are On The Rise Friday: What's Going On?
2024-12-16,QUBT,0.6525,0.0589,0.0903,0.5153,0.6417,-0.0181,0.5239,other news,4,Watching Quantum Computing; Traders Circulate Zacks Mentioned The Stock As A Buy
2024-12-16,RCAT,0.2697,0.1981,0.7342,-0.0746,0.0555,-0.033,1.0473,earnings,3,"Earnings Scheduled For December 16, 2024"
2024-12-16,RGTI,0.1774,0.0014,0.0079,0.3203,0.3001,0.3333,3.6194,other news,3,"Tesla, Micron, Broadcom, MARA Holdings And Other Big Stocks Moving Higher On Monday"
2024-12-16,SOUN,0.1644,0.0438,0.2662,-0.0152,0.0376,-0.2905,1.5505,contract / partnership,3,"Wedbush Maintains Outperform on SoundHound AI, Raises Price Target to $22"
2024-12-16,SUPV,0.1654,0.0498,0.3009,0.0085,0.0053,0.1656,0.2729,analyst,1,"Morgan Stanley Upgrades Grupo Supervielle to Overweight, Announces $19 Price Target"
2024-12-16,UMAC,0.1793,0.1342,0.7487,-0.1421,0.1902,0.029,2.4472,no news found,0,
2024-12-16,VRDN,0.2067,0.177,0.8564,-0.0334,-0.0868,-0.208,-0.1751,FDA / clinical,5,"Reported Friday, Viridian Therapeutics To Report Pivotal THRIVE-2 Data For Veligrotug In Chronic TED Treatment"
2024-12-16,WULF,0.1705,0.0185,0.1083,-0.0049,-0.2949,-0.29,0.0137,other news,1,"Tesla, Micron, Broadcom, MARA Holdings And Other Big Stocks Moving Higher On Monday"
2024-12-17,OUST,0.1727,0.0629,0.3642,-0.0564,0.1645,-0.0364,0.1114,no news found,0,
2024-12-17,QBTS,0.1618,0.1189,0.735,0.0667,-0.0536,-0.3726,3.4085,government / policy,2,"Wall Street Set To Open Lower As Fed Rate Cut Decision, Jerome Powell's Comments Take Center Stage: Wharton's Jeremy Siegel Sees Small-Cap, Value Stock Rotation In 2025"
2024-12-17,QUBT,0.5153,0.2807,0.5447,0.5295,0.0182,-0.4145,2.5742,FDA / clinical,5,"Wall Street Set To Open Lower As Fed Rate Cut Decision, Jerome Powell's Comments Take Center Stage: Wharton's Jeremy Siegel Sees Small-Cap, Value Stock Rotation In 2025"
2024-12-17,RGTI,0.3203,0.0973,0.3037,-0.0395,0.0198,-0.1168,4.9787,government / policy,2,"Wall Street Set To Open Lower As Fed Rate Cut Decision, Jerome Powell's Comments Take Center Stage: Wharton's Jeremy Siegel Sees Small-Cap, Value Stock Rotation In 2025"
2024-12-17,SEDG,0.1664,0.1916,1.1512,-0.0369,0.032,-0.032,0.1579,government / policy,3,Why Mitek Systems Shares Are Trading Higher By Around 19%; Here Are 20 Stocks Moving Premarket
2024-12-18,QUBT,0.5295,0.1447,0.2733,-0.4104,-0.2508,-0.5526,6.0251,FDA / clinical,7,12 Information Technology Stocks Moving In Tuesday's Pre-Market Session
2024-12-18,VXX,0.1678,-0.0065,-0.039,0.0855,-0.1773,-0.1858,-0.0134,no news found,0,
2024-12-19,INOD,0.1629,0.088,0.5404,0.0817,0.1408,0.001,-0.2348,earnings,2,"Wedbush Initiates Coverage On Innodata with Outperform Rating, Announces Price Target of $48"
2024-12-20,AAOI,0.1676,-0.012,-0.0718,-0.0291,-0.0418,-0.1407,-0.0493,analyst,2,Peering Into Applied Optoelectronics's Recent Short Interest
2024-12-20,DNA,0.1533,-0.032,-0.209,-0.0615,-0.0635,0.3075,0.3742,no news found,0,
2024-12-20,ENVX,0.2117,0.0399,0.1882,0.0288,0.1305,0.2446,-0.1088,other news,3,Enovix Ships EX-2M Samples To Mobile Phone Customers
2024-12-20,IONQ,0.1764,-0.0212,-0.1201,-0.0698,-0.0029,-0.0691,0.3084,analyst,3,"Craig-Hallum Maintains Buy on IonQ, Raises Price Target to $45"
2024-12-20,QUBT,0.1638,-0.0443,-0.2702,0.0323,0.0522,-0.3689,3.1141,earnings,6,12 Information Technology Stocks Moving In Thursday's Pre-Market Session
2024-12-20,RCAT,0.1833,-0.0253,-0.1381,0.026,0.3107,-0.227,0.4262,no news found,0,
2024-12-20,RGTI,0.2544,-0.0281,-0.1105,0.1697,0.8143,0.4376,4.5333,FDA / clinical,4,12 Information Technology Stocks Moving In Thursday's Pre-Market Session
2024-12-20,SOUN,0.1538,-0.0347,-0.2259,-0.0609,0.0425,-0.2462,1.9278,other news,2,A Closer Look at SoundHound AI's Options Market Dynamics
2024-12-20,UMAC,0.1953,-0.0171,-0.0874,0.2355,0.5313,0.073,1.7836,no news found,0,
2024-12-23,NFE,0.2174,0.0535,0.2462,-0.0048,0.0385,0.0549,0.2576,government / policy,3,"Stifel Maintains Buy on New Fortress Energy, Raises Price Target to $17"
2024-12-23,QBTS,0.2655,0.2453,0.924,-0.0245,0.0307,-0.2528,2.269,other news,5,"Benzinga's 'Stock Whisper' Index: 5 Stocks Investors Secretly Monitor But Don't Talk About Yet, Including QUBT, QBTS"
2024-12-23,RGTI,0.1697,0.2956,1.7421,0.0356,0.3923,0.2044,5.3311,other news,8,The Analyst Verdict: Rigetti Computing In The Eyes Of 5 Experts
2024-12-23,RUM,0.8122,0.3908,0.4812,-0.0269,-0.0015,0.0445,0.1199,contract / partnership,10,"Rumble Announces $775M Strategic Investment From Tether;  Rumble CEO Retains Controlling Stake; Will Use $250M Of The Proceeds To Support Growth Initiatives And The Remaining Proceeds To Fund A Self Tender Offer For Up To 70M Of Its Class A Common Stock, Or $7.50 Per Share As Tether's Investment"
2024-12-23,RXRX,0.1592,0.0216,0.1354,0.0358,-0.0329,0.0486,0.0487,no news found,0,
2024-12-23,UMAC,0.2355,0.0,0.0,-0.0635,0.0796,-0.122,2.3097,M&A,1,"Reported Earlier, Unusual Machines Warns Shareholders Of Potential Short Seller Tactics Amid Holiday Season, Reaffirms Commitment To Transparency And U.S. Drone Manufacturing. Highlights IPO, Strategic Acquisitions, And Defense Approval. Advises Shareholders On Protecting Shares From Lending."
2024-12-24,ACHR,0.1514,0.0128,0.0845,0.0491,-0.1139,-0.1519,0.553,FDA / clinical,2,"Archer Aviation Option Alert: 300 Apr 17 $19 Calls Swept Near The Ask At $1.15 With Open Interest Of 1,665; Stock Reference Price $10.49"
2024-12-26,ASST,0.1645,0.0119,0.0723,-0.1025,0.0983,0.7534,-0.2255,no news found,0,
2024-12-26,LAES,0.6015,-0.0494,-0.0821,0.0365,-0.0708,-0.5742,10.6284,index inclusion,6,12 Information Technology Stocks Moving In Tuesday's Pre-Market Session
2024-12-26,POET,0.3177,0.0139,0.0437,-0.083,-0.1107,-0.3715,0.3553,other news,2,"Toyota Motor, SEALSQ, KULR Technology And Other Big Stocks Moving Higher On Thursday"
2024-12-26,QBTS,0.2453,-0.0038,-0.0154,0.001,-0.0768,-0.4202,1.7509,other news,2,"Toyota Motor, SEALSQ, KULR Technology And Other Big Stocks Moving Higher On Thursday"
2024-12-26,REAL,0.1779,-0.0086,-0.0482,-0.0118,-0.1356,-0.1328,0.7505,no news found,0,
2024-12-26,RGTI,0.3604,-0.0132,-0.0367,0.1062,0.2319,-0.1528,3.1273,other news,4,10 Information Technology Stocks With Whale Alerts In Today's Session
2024-12-26,RUM,0.2831,-0.0063,-0.0223,-0.0639,-0.1746,-0.2256,0.7346,other news,1,"Toyota Motor, SEALSQ, KULR Technology And Other Big Stocks Moving Higher On Thursday"
2024-12-26,SERV,0.2475,0.0184,0.0743,-0.0765,0.0788,-0.0074,0.605,other news,1,10 Consumer Discretionary Stocks Whale Activity In Today's Session
2024-12-26,SOUN,0.1971,-0.0025,-0.0125,-0.0116,-0.149,-0.4127,1.5205,no news found,0,
2024-12-26,UMAC,0.2022,0.061,0.3017,-0.0325,-0.049,-0.3153,1.4687,no news found,0,
2024-12-27,GRRR,0.222,0.0777,0.3499,0.187,0.044,-0.2585,2.1275,no news found,0,
2024-12-30,GRRR,0.187,0.0699,0.3739,-0.1941,-0.2423,-0.398,2.7535,other news,1,Gorilla Technology Shares Are On the Rise Today: What's Going On?
2024-12-31,SPNT,0.1542,0.0275,0.1781,-0.0397,-0.0879,-0.1117,-0.0791,contract / partnership,3,SiriusPoint Enters Agreement To Repurchase All SiriusPoint Common Shares And Warrants Held By CM Bermuda For Aggregate Purchase Price Of $733M
2025-01-02,GRRR,0.3472,0.1013,0.2919,-0.0333,-0.5212,-0.4698,1.4605,no news found,0,
2025-01-02,LAES,0.4098,0.1154,0.2817,-0.0611,-0.3391,-0.6551,12.0131,other news,4,"EXCLUSIVE: Top 20 Most-Searched Tickers On Benzinga Pro In December 2024 — Where Do Tesla, Nvidia, Quantum Computing Stock Rank?"
2025-01-02,RGTI,0.3106,0.0577,0.1857,-0.049,-0.5535,-0.3265,4.053,other news,3,"EXCLUSIVE: Top 20 Most-Searched Tickers On Benzinga Pro In December 2024 — Where Do Tesla, Nvidia, Quantum Computing Stock Rank?"
2025-01-02,TSSI,0.1526,0.0202,0.1326,0.0051,-0.1836,0.019,0.0772,no news found,0,
2025-01-02,VSTM,0.2553,-0.0077,-0.0303,0.0786,-0.1171,-0.1202,-0.0634,other news,1,12 Health Care Stocks Moving In Tuesday's Pre-Market Session
2025-01-03,ACHR,0.2027,0.0084,0.0412,-0.0052,-0.285,-0.2033,0.4178,other news,1,"Rivian Automotive, Cerence, Nu Skin Enterprises And Other Big Stocks Moving Higher On Friday"
2025-01-03,ADPT,0.1632,0.0194,0.1188,-0.0208,-0.1028,0.0236,-0.0175,no news found,0,
2025-01-03,APLD,0.1679,0.0064,0.0382,0.0746,-0.1476,-0.1559,-0.185,no news found,0,
2025-01-03,JOBY,0.2077,0.0142,0.0685,0.0061,-0.1853,-0.1791,0.0306,FDA / clinical,2,"Rivian Automotive, Cerence, Nu Skin Enterprises And Other Big Stocks Moving Higher On Friday"
2025-01-03,LTBR,0.2931,0.0333,0.1137,-0.0341,-0.213,0.4526,-0.1349,no news found,0,
2025-01-03,OKLO,0.2471,0.005,0.0204,0.1009,-0.1604,0.7207,0.0854,other news,1,"Rivian Automotive, Cerence, Nu Skin Enterprises And Other Big Stocks Moving Higher On Friday"
2025-01-03,OUST,0.1854,0.004,0.0218,0.0396,-0.2589,-0.3101,0.3571,no news found,0,
2025-01-03,RIVN,0.2445,0.0498,0.2037,-0.047,-0.1819,-0.2195,0.1153,earnings,8,"Rivian Produced 12,727 Vehicles And Delivered 14,183 During Q4; In 2024, Co. Produced 49,476 And Delivered 51,579"
2025-01-03,RKLB,0.1514,0.0026,0.0172,0.0021,-0.1681,-0.0021,0.0847,FDA / clinical,3,"Rivian Automotive, Cerence, Nu Skin Enterprises And Other Big Stocks Moving Higher On Friday"
2025-01-03,RIOT,0.1797,0.01,0.0559,0.0446,-0.0462,-0.0041,-0.1384,other news,1,"Rivian Automotive, Cerence, Nu Skin Enterprises And Other Big Stocks Moving Higher On Friday"
2025-01-03,SERV,0.2893,0.0163,0.0562,0.2028,-0.2233,-0.1561,0.6811,other news,1,"Rivian Automotive, Cerence, Nu Skin Enterprises And Other Big Stocks Moving Higher On Friday"
2025-01-03,SMR,0.1773,0.0136,0.0764,0.1348,-0.0983,0.1022,-0.2879,other news,2,"Jim Cramer Warns 'Day Is Not Near Enough To Justify The Current Valuations' Of Quantum Computing, Nuclear Power Stocks"
2025-01-06,FUBO,2.5139,1.7639,0.7017,0.0791,-0.247,-0.1186,-0.1628,M&A,11,Bloomberg Reported Disney Nears Deal To Merge Hulu + Live Into Fubo
2025-01-06,NNE,0.2055,0.0381,0.1856,-0.0713,-0.3434,0.086,0.0192,no news found,0,
2025-01-06,PPTA,0.1525,0.1597,1.0473,-0.0204,-0.1034,-0.0415,0.0269,other news,1,"Goldman Sachs Delays $3,000 Gold Forecast, Sees Fewer Rate Cuts In 2025"
2025-01-06,SERV,0.2028,0.0993,0.4896,-0.187,-0.2831,-0.2988,1.1924,other news,5,"Serve Robotics Raises $86M in December, Reaching $167M for 2024"
2025-01-07,AUR,0.2908,0.3923,1.3492,-0.0399,-0.2038,-0.1561,-0.0607,contract / partnership,6,"Reported Earlier, Aurora Partners With Continental And NVIDIA To Launch Next-Generation Driverless Trucks By 2027"
2025-01-07,CRMD,0.2989,0.2774,0.9283,0.0495,0.1553,0.0194,-0.1825,earnings,1,"Reported Earlier, CorMedix Announces Preliminary Q4 2024 Revenue Of $31M, FY24 Revenue Of $43M; Expects Q4 EBITDA To Exceed $12M; Plans DefenCath Expansion In Dialysis, Inpatient Segments; Reports $52M In Cash And Investments; Highlights Cost-Neutral Inpatient Deployment And FY25 Expense Guidance Of $72M-$78M"
2025-01-07,ENVX,0.1501,0.1356,0.9037,-0.1465,-0.2477,-0.1793,0.3398,government / policy,6,Enovix Completes Site Acceptance Testing Of Fab2
2025-01-07,UNF,0.2088,0.3983,1.9073,0.0478,0.1261,0.0916,-0.1362,M&A,5,Cintas Proposes To Acquire UniFirst For $275 Per Share In Cash
2025-01-08,VIR,0.5817,0.5906,1.0153,-0.0304,-0.1947,-0.2115,-0.0551,FDA / clinical,3,"Vir Biotechnology Is Presenting Initial Phase 1 Data From Two Of Its Dual-masked T-cell Engagers (TCEs): VIR-5818, Targeting A Variety Of HER2-expressing Solid Tumors; And VIR-5500, Targeting PSMA In Metastatic Castration-resistant Prostate Cancer"
2025-01-10,ARHS,0.1502,0.148,0.9852,-0.0019,0.0694,0.1823,-0.1413,earnings,6,"Arhaus Raises FY24 Net Revenue Expectations From $1.23B - $$1.25B To $1.27B - $1.28B, Est $1.239B"
2025-01-10,AXGN,0.1821,0.0,0.0,0.0111,0.0022,-0.0183,0.0409,earnings,1,"Axogen Reports Preliminary Q4 Revenue $49.4M, Up 15.1% YoY; FY24 Revenue $187.3M, Up 17.8% YoY; Expect Full Year Gross Margin To Be Above 75.5%"
2025-01-10,CEG,0.2516,0.1585,0.6301,-0.085,0.0366,0.0545,0.0166,M&A,8,Constellation And Calpine Corp. Inks Pact Under Which Constellation Will Acquire Calpine In A Cash And Stock Transaction Valued At An Equity Purchase Price Of Approximately $16.4B
2025-01-10,CRML,0.1597,0.0761,0.4766,0.0618,0.094,-0.1828,-0.1443,no news found,0,
2025-01-13,ARDX,0.1598,-0.002,-0.0123,-0.0442,-0.165,-0.0612,-0.038,other news,1,"Ardelyx Announces 2024 U.S. Sales Of $319M, Projects IBSRELA To Surpass $1B, XPHOZAH At $750M; Ends Year With $250M In Cash And Investments"
2025-01-13,BBIO,0.1599,-0.0034,-0.0215,0.0556,0.0697,-0.0774,0.0014,no news found,0,
2025-01-13,DJT,0.2152,-0.011,-0.0513,-0.083,-0.1706,-0.2929,0.0337,government / policy,5,Trump Organization Unveils Ethics Plan To Distance President-Elect Donald Trump From Operations
2025-01-13,OPCH,0.1555,0.1455,0.9357,0.0361,0.0631,0.1382,0.0054,earnings,4,Option Care Health Board Approves New $500M Stock Repurchase Program
2025-01-14,ACMR,0.153,0.0652,0.4262,0.0017,0.0465,0.2828,-0.0071,earnings,2,"ACM Research Raises 2024 Revenue Outlook to $755-$770M, Projects Up to $950M in 2025 Sales"
2025-01-14,ASST,0.1515,0.1036,0.6839,-0.1011,1.5709,0.2665,-0.3293,no news found,0,
2025-01-14,ORIC,0.1523,0.0372,0.2443,0.0969,-0.004,-0.0464,-0.0402,analyst,2,"H&E Equipment Services, ACM Research, Robinhood And Other Big Stocks Moving Higher On Tuesday"
2025-01-14,RGTI,0.4793,0.086,0.1793,0.2223,0.5542,0.3128,-0.1802,analyst,7,"Jensen Huang Said Quantum Computing Is 20 Years Away, But Nvidia Bets Big On Strategic Hiring"
2025-01-15,ADPT,0.1796,0.0461,0.2569,-0.0335,0.1355,0.1899,-0.0146,no news found,0,
2025-01-15,COMP,0.1935,0.1416,0.7315,0.0105,0.0375,0.1381,-0.1913,earnings,6,Compass Raises Q4 Revenue Guidance From $1.225B-$1.325B To $1.36B-$1.39B vs $1.294B Est.
2025-01-15,GRRR,0.1564,0.03,0.1916,-0.0588,-0.0417,0.9178,0.7789,no news found,0,
2025-01-15,IONQ,0.3348,0.1108,0.331,0.0548,0.0498,-0.0188,-0.016,earnings,4,"Jim Cramer Eyes Quantum Computing Stocks Like Rigetti, Warns Against Super Micro Computer: 'They Are Trying So Hard To Walk It Up Now'"
2025-01-15,QUBT,0.5545,0.1817,0.3277,-0.058,-0.0372,-0.2831,0.1682,earnings,8,Why Vision Marine Technologies Shares Are Trading Higher By 68%; Here Are 20 Stocks Moving Premarket
2025-01-15,RCAT,0.1644,0.0864,0.526,-0.0738,-0.2383,-0.1357,0.3032,other news,2,"Palladyne AI And Red Cat Complete First Autonomous Flight Of Teal Drones Using Palladyne Pilot AI; Drones Collaborate To Track Ground Objects Autonomously, Demonstrating Multi-Drone Sensor Sharing With Limited Communication"
2025-01-15,RGTI,0.2223,0.1575,0.7085,0.0274,0.2313,0.1197,0.4992,earnings,5,"Microsoft, Applied Digital, Rigetti Computing, Eli Lilly, Tesla: Why These 5 Stocks Are On Investors' Radars Today"
2025-01-16,EOSE,0.1846,0.0173,0.0937,-0.0227,-0.013,-0.2045,0.5294,earnings,1,"Eos Energy Expects $15M Revenue For 2024 Sees $150M-$190M Revenue For 2025, Driven By Supply Chain Improvements And Manufacturing Expansion"
2025-01-16,NUTX,0.1582,0.0373,0.236,-0.0013,0.1236,0.7448,-0.0652,no news found,0,
2025-01-16,SYM,0.1886,0.2144,1.1366,-0.0647,-0.0138,-0.1496,-0.0037,M&A,6,"Symbotic Agrees To Acquire The Advanced Systems And Robotics Business From Walmart; Total Consideration Is $200M In Cash At Close, And Up To $350M In Additional Contingent Consideration In Future Periods"
2025-01-21,ASST,0.9376,1.4543,1.5511,0.5111,0.0111,-0.33,0.106,earnings,1,Dow Jumps 200 Points; 3M Posts Upbeat Q4 Results
2025-01-21,GH,0.231,0.0649,0.281,0.0459,0.0694,0.0858,0.0522,FDA / clinical,3,Guardant Health Receives Medicare Coverage For Guardant Reveal Test For Surveillance Testing In Colorectal Cancer Patients
2025-01-21,IONQ,0.1651,0.0077,0.0467,-0.0722,-0.1424,-0.2465,-0.1129,M&A,2,"IonQ, H&E Equipment Services And ImmunityBio Are Among Top Mid Cap Gainers Last Week (Jan 13-Jan 17): Are The Others In Your Portfolio?"
2025-01-21,LUNR,0.2393,0.0556,0.2325,-0.0214,-0.0619,-0.1465,0.3326,FDA / clinical,2,"Charles Schwab Posts Upbeat Earnings, Joins Redwire, Evolus, Replimune Group And Other Big Stocks Moving Higher On Tuesday"
2025-01-21,NNE,0.3023,0.0777,0.257,0.1327,0.0811,-0.0218,-0.0404,no news found,0,
2025-01-21,OKLO,0.1996,0.0603,0.3019,0.0934,0.0918,0.4438,0.3639,earnings,2,Oklo's Christopher Wright Notified He Intended To Resign As A Director Upon His Confirmation As United States Secretary Of Energy
2025-01-21,QBTS,0.1935,0.0247,0.1275,-0.0064,-0.0874,0.0397,-0.3726,other news,2,(QBTS) - Analyzing D-Wave Quantum's Short Interest
2025-01-21,QUBT,0.1689,0.0107,0.0633,-0.0339,-0.1123,-0.3072,-0.4145,other news,1,12 Information Technology Stocks Moving In Friday's Pre-Market Session
2025-01-21,REPL,0.1686,0.2426,1.4386,0.0987,0.1831,0.1629,-0.1348,FDA / clinical,3,Replimune Group Announces That The U.S. FDA Has Accepted The Biologics License Application For RP1 In Combination With Nivolumab For Patients With Advanced Melanoma
2025-01-21,RDW,0.5139,0.082,0.1596,-0.0305,-0.0148,-0.0273,0.0806,M&A,4,"Reported Sunday, Redwire To Acquire Edge Autonomy In $925M Deal, Transforming Into A Multi-Domain Space And Defense Leader"
2025-01-21,RGTI,0.4222,0.056,0.1325,-0.005,-0.0644,-0.211,-0.1168,earnings,3,10 Information Technology Stocks With Whale Alerts In Today's Session
2025-01-21,RKLB,0.3029,0.0833,0.2751,-0.0528,-0.0732,-0.1708,-0.0899,FDA / clinical,4,Market-Moving News for January 21st
2025-01-21,SMMT,0.1613,0.0116,0.0717,0.0643,0.0633,-0.0226,0.0248,analyst,2,8 Health Care Stocks Whale Activity In Today's Session
2025-01-21,SMR,0.1657,0.086,0.5192,-0.0016,-0.182,-0.1749,0.012,no news found,0,
2025-01-21,SOUN,0.2111,0.0154,0.0729,-0.0085,-0.1386,-0.3299,-0.2965,contract / partnership,3,"Rekor Partners With SoundHound To Enhance Safety With Hands-Free Vehicle AI Integration For ALPR; Initial Focus On Police Vehicles, Plans Expansion To Fire Trucks, Ambulances; Supports Law Enforcement With API-Integrated Mobile Data Terminals"
2025-01-21,TEM,0.3553,0.2188,0.6157,0.059,0.0709,0.7991,-0.0976,earnings,8,Cathie Wood's Ark Invest Is Betting Big On This AI Darling And No It's Not Nvidia
2025-01-21,VSAT,0.3285,0.0877,0.2671,-0.0881,-0.1346,-0.2113,-0.0274,earnings,4,"Needham Reiterates Buy on Viasat, Maintains $19 Price Target"
2025-01-22,ASST,0.5111,0.3667,0.7174,-0.2206,-0.3934,-0.5625,1.1429,earnings,2,Why Netflix Shares Are Trading Higher By Around 15%; Here Are 20 Stocks Moving Premarket
2025-01-22,GRAL,0.2244,0.017,0.0759,0.1471,0.1778,1.1095,0.0221,earnings,1,"Seagate Posts Upbeat Earnings, Joins Netflix, Travelers, Teledyne Technologies And Other Big Stocks Moving Higher On Wednesday"
2025-01-22,LTBR,0.1746,0.0196,0.1121,0.4111,-0.0347,0.7319,0.3653,no news found,0,
2025-01-22,NXH,0.155,-0.0017,-0.0108,0.0101,0.0505,0.2395,0.1719,no news found,0,
2025-01-22,TSSI,0.153,0.0508,0.3317,0.0664,-0.2102,-0.0854,0.3939,no news found,0,
2025-01-23,LTBR,0.4111,-0.0556,-0.1351,-0.2096,-0.1378,0.1142,0.5894,contract / partnership,2,Lightbridge And Oklo Enter Non-binding Memorandum Of Understanding Regarding Collaboration - Filing
2025-01-23,NNE,0.1726,-0.0263,-0.1526,0.0414,-0.0639,-0.3229,0.4932,FDA / clinical,3,"NANO Nuclear Acquired Patents From Ultra Safe Nuclear Enhancing ZEUS, ODIN, KRONOS MMR, And LOKI MMR Microreactor Protections; Patents Cover Multiple Jurisdictions Including US, Canada, Russia, Japan, China, Korea, And WIPO"
2025-01-23,TAL,0.2125,0.1774,0.8351,0.056,0.1337,0.3053,-0.0636,earnings,6,"Earnings Scheduled For January 23, 2025"
2025-01-24,BKSY,0.2529,0.0377,0.149,-0.1203,0.002,0.0047,0.119,other news,1,"Customers Bancorp, Twilio, Dana And Other Big Stocks Moving Higher On Friday"
2025-01-24,MIDD,0.1652,0.0556,0.3363,0.012,0.0084,-0.0092,0.0811,other news,1,"Customers Bancorp, Twilio, Dana And Other Big Stocks Moving Higher On Friday"
2025-01-24,SGHC,0.1601,0.0646,0.4034,0.0076,0.0241,0.0342,0.0707,analyst,3,"Canaccord Genuity Upgrades Super Group (SGHC) to Buy, Raises Price Target to $10"
2025-01-24,TWLO,0.2013,0.2129,1.0574,0.0203,0.076,-0.1337,0.0507,earnings,19,"Twilio Announces 11% Revenue Growth For Q4 2024, Reports Positive GAAP Income; Non-GAAP Income Exceeds Guidance; Fiscal Year 2024 Free Cash Flow Meets Expectations"
2025-01-27,EVER,0.189,0.0831,0.4398,-0.0258,-0.0383,0.2264,-0.0073,other news,1,"Dada Nexus, Titan Machinery, AT&T And Other Big Stocks Moving Higher On Monday"
2025-01-27,TREE,0.1899,0.035,0.1842,-0.0543,-0.106,-0.1667,0.0831,other news,1,"Dada Nexus, Titan Machinery, AT&T And Other Big Stocks Moving Higher On Monday"
2025-01-28,LTBR,0.1695,0.0446,0.2632,-0.0361,0.3287,0.3675,0.2041,other news,1,Lightbridge Signs Memorandum Of Understanding With Oklo On Advanced Fuel Recycling
2025-01-28,NBIS,0.1538,0.0813,0.5287,-0.012,0.1466,0.1957,-0.0767,earnings,3,What's Going On With Nebius Group Stock Monday?
2025-01-28,PSIX,0.2209,0.073,0.3305,0.0457,0.0721,-0.1219,0.0821,no news found,0,
2025-01-28,SGRY,0.2118,0.2,0.9444,0.0,-0.0019,-0.0272,0.0114,M&A,2,"Royal Caribbean Cruises Posts Upbeat Earnings, Joins Brighthouse Financial, Invesco, Boeing And Other Big Stocks Moving Higher On Tuesday"
2025-01-29,EAT,0.1629,0.1421,0.8725,0.0151,0.0454,-0.135,0.1276,earnings,6,"Earnings Scheduled For January 29, 2025"
2025-01-29,NXT,0.2428,0.2595,1.0686,0.0282,-0.0477,-0.0857,0.0717,FDA / clinical,23,"NEXTracker Q3 2025 GAAP EPS $0.79 Beats $0.45 Estimate, Sales $679.000M Beat $650.398M Estimate"
2025-01-30,ACMR,0.1751,0.1173,0.6699,0.0005,0.1203,0.2629,0.15,earnings,3,"Watching ACM Research Shares, Kerrisdale Capital Announces Long Position In Stock"
2025-01-30,FLG,0.1522,0.1009,0.6628,0.0691,0.1527,0.0845,0.0631,earnings,5,"Earnings Scheduled For January 30, 2025"
2025-01-30,GRAL,0.1817,0.0219,0.1207,-0.039,0.047,0.2237,0.3605,no news found,0,
2025-01-30,LTBR,0.2604,0.036,0.1381,0.0331,0.0228,0.2386,0.3089,no news found,0,
2025-01-30,OKLO,0.1873,0.0255,0.1362,-0.0072,0.1396,-0.2033,0.5496,no news found,0,
2025-01-30,OSK,0.1843,0.1294,0.7021,0.0277,-0.015,-0.0925,0.0136,earnings,6,"Earnings Scheduled For January 30, 2025"
2025-01-31,VIAV,0.2052,0.2132,1.039,0.0241,0.0349,-0.0914,-0.0089,earnings,17,"Viavi Solutions Q2 2025 Adj EPS $0.13 Beats $0.10 Estimate, Sales $270.80M Beat $259.99M Estimate"
2025-02-03,GDS,0.1829,0.0092,0.0504,0.0152,0.139,0.3801,-0.0863,earnings,1,"IDEXX Laboratories Posts Upbeat Results, Joins Stratasys, Saia And Other Big Stocks Moving Higher On Monday"
2025-02-04,BKSY,0.1652,0.0494,0.2988,-0.0023,-0.0215,-0.2542,0.421,earnings,2,BlackSky Wins EMDYN Subscription Contract To Deliver On-Demand Gen-2 Space-Based Imagery Services To International Government Customers; Terms Not Disclosed
2025-02-04,NXH,0.3333,0.0069,0.0207,-0.0475,-0.0434,-0.4132,0.2918,no news found,0,
2025-02-04,PLTR,0.2399,0.2276,0.9487,-0.0238,0.0847,-0.1319,0.1137,earnings,38,"Palantir Technologies Q4 2024 Adj. EPS $0.14 Beats $0.11 Estimate, Sales $827.519M Beat $775.907M Estimate"
2025-02-05,ASST,0.4377,0.1647,0.3763,-0.0886,-0.1519,-0.3873,-0.036,other news,1,12 Communication Services Stocks Moving In Wednesday's Pre-Market Session
2025-02-05,GRAL,0.2161,0.0046,0.0213,-0.0407,0.1416,-0.0273,0.454,no news found,0,
2025-02-05,MAT,0.1533,0.1771,1.1552,0.0283,0.0422,-0.0082,0.0072,earnings,14,"Mattel Q4 Adj EPS $0.35 Beats $0.20 Estimate, Sales $1.65B Beat $1.63B Estimate"
2025-02-05,MRCY,0.1851,0.2414,1.3042,-0.0509,-0.0824,-0.1219,-0.0134,FDA / clinical,13,"Mercury Sys Q2 Adj $0.07 Beats $(0.04) Estimate, Sales $223.13M Beat $182.41M Estimate"
2025-02-05,MWA,0.1668,0.0278,0.1667,0.0329,-0.0246,-0.0745,0.0319,earnings,4,"Mueller Water Products Q1 2025 Adj. EPS $0.25 Beats $0.19 Estimate, Sales $303.300M Beat $290.186M Estimate"
2025-02-05,ORIC,0.1526,-0.0009,-0.0061,0.0121,-0.2373,-0.3664,0.2573,no news found,0,
2025-02-06,AMSC,0.3417,0.0972,0.2844,-0.0406,-0.0745,-0.4378,-0.1242,FDA / clinical,10,"American Superconductor Q3 Adj $0.16 Beats $0.07 Estimate, Sales $61.40M Beat $56.67M Estimate"
2025-02-06,GRRR,0.1532,0.0313,0.2042,0.0277,0.679,0.5722,-0.205,no news found,0,
2025-02-06,IDCC,0.1605,0.0959,0.5974,-0.0349,0.015,0.0164,-0.0933,earnings,7,"Earnings Scheduled For February 6, 2025"
2025-02-06,SBET,0.302,0.4968,1.6452,-0.1064,-0.0671,-0.2591,-0.3626,other news,2,Why Coherent Shares Are Trading Higher By Over 15%; Here Are 20 Stocks Moving Premarket
2025-02-07,AFRM,0.2181,0.132,0.605,0.0336,0.0727,-0.3831,0.0075,earnings,18,"Affirm Holdings Q2 2025 GAAP EPS $0.23 Beats $(0.16) Estimate, Sales $866.38M Beat $807.16M Estimate"
2025-02-07,BBAI,0.2688,0.0,0.0,0.0151,0.0501,-0.6345,0.7096,other news,1,What the Options Market Tells Us About BigBear.ai Hldgs
2025-02-07,DOCS,0.3599,0.2444,0.6791,0.0493,-0.0273,-0.2369,0.0501,earnings,17,"Doximity Q3 2025 Adj. EPS $0.45 Beats $0.34 Estimate, Sales $168.603M Beat $152.819M Estimate"
2025-02-07,ESE,0.1974,0.0798,0.4041,0.0258,0.0152,-0.0137,0.0073,earnings,4,"ESCO Technologies Q1 2025 Adj EPS $0.92 Beats $0.73 Estimate, Sales $247.03M Beat $232.39M Estimate"
2025-02-07,EXPE,0.1727,0.1284,0.7435,0.0031,0.0001,-0.1255,-0.0535,earnings,16,"Expedia Group Q4 Adj $2.39 Beats $2.02 Estimate, Sales $3.18B Beat $3.07B Estimate"
2025-02-07,LEU,0.3313,0.16,0.483,0.0503,0.0466,-0.3204,0.1108,earnings,3,"Centrus Energy Q4 Adj ESP $3.20 Beats $1.25 Estimate, Sales $151.60M Beat $106.67M Estimate"
2025-02-07,LTBR,0.3538,0.0067,0.0189,-0.0379,0.1179,-0.3512,0.5395,no news found,0,
2025-02-07,NET,0.1776,0.0847,0.4765,0.035,0.027,-0.3003,0.245,earnings,22,"Cloudflare Q4 2024 Adj. EPS $0.19 Beats $0.18 Estimate, Sales $459.900M Beat $452.097M Estimate"
2025-02-07,OKLO,0.1619,0.0342,0.2115,-0.0317,-0.0517,-0.5731,0.619,no news found,0,
2025-02-07,PINS,0.1908,0.2173,1.1388,-0.009,-0.0283,-0.2063,0.056,earnings,26,"Pinterest Q4 2024 Adj. EPS $0.56 Misses $0.65 Estimate, Sales $1.150B Beat $1.139B Estimate"
2025-02-07,SERV,0.1659,0.0329,0.1986,0.0837,-0.2886,-0.6569,-0.1026,other news,1,Watching Serve Robotics; Hearing Zacks Newsletter Picks Stock
2025-02-07,ULCC,0.1545,0.1496,0.968,0.0771,-0.0525,-0.3539,-0.0276,earnings,4,"Earnings Scheduled For February 7, 2025"
2025-02-07,VSAT,0.1954,-0.02,-0.1022,-0.0185,-0.1942,-0.1538,-0.0145,earnings,2,"Viasat Q3 2025 Adj. EPS $0.11 Beats $(0.58) Estimate, Sales $1.124B Beat $1.122B Estimate"
2025-02-10,ASTS,0.1747,0.0334,0.1911,-0.088,-0.0077,-0.0796,0.1777,earnings,3,"AST SpaceMobile, Teladoc Health And IREN Are Among Top 10 Mid Cap Gainers Last Week (Feb 3-Feb 7): Are The Others In Your Portfolio?"
2025-02-10,AXSM,0.2016,0.1672,0.8293,0.0403,0.0079,-0.0596,0.2809,FDA / clinical,5,Axsome Therapeutics Entered Into A Settlement Agreement With Teva Pharmaceuticals Resolving All Patent Litigation Related To Axsome's Auvelity (Dextromethorphan HBR – Bupropion HCL) Product
2025-02-10,CLF,0.1793,0.0827,0.4611,-0.0456,0.0152,-0.2382,0.0297,earnings,5,"US Steel, Aluminum Stocks Rally As Trump Revives 25% Tariff Plan"
2025-02-10,MNDY,0.2646,0.2202,0.8322,0.0041,-0.0139,-0.2565,0.1357,earnings,14,"Earnings Scheduled For February 10, 2025"
2025-02-10,NSP,0.1621,0.0525,0.3238,0.0569,0.0738,0.1079,-0.0814,earnings,6,"Earnings Scheduled For February 10, 2025"
2025-02-10,SMCI,0.1756,0.0474,0.27,-0.0947,0.3083,-0.0424,0.1125,earnings,4,"Palantir, Super Micro Computer And Spotify Are Among Top 10 Large Cap Gainers Last Week (Feb 3-Feb 7): Are The Others In Your Portfolio?"
2025-02-11,GDS,0.1723,0.054,0.3135,0.0041,0.2543,0.0341,0.0935,other news,1,"Lattice Semiconductor, SelectQuote, Radiant Logistics And Other Big Stocks Moving Higher On Tuesday"
2025-02-12,ANAB,0.3056,0.0141,0.046,0.1941,0.1681,0.0427,-0.1535,FDA / clinical,6,Why Upstart Shares Are Trading Higher By Over 25%; Here Are 20 Stocks Moving Premarket
2025-02-12,ARQT,0.1588,-0.0175,-0.1105,-0.0681,0.0159,0.1211,-0.1636,other news,1,Watching Arcutis Biotherapeutics; Traders Circulate Unconfirmed Rumor From M&A Blog
2025-02-12,BBAI,0.2175,-0.0375,-0.1724,0.0041,-0.229,-0.6643,1.6846,no news found,0,
2025-02-12,EH,0.2139,0.014,0.0655,0.0267,0.037,-0.134,0.4688,other news,1,"Gilead Sciences, Upstart, Mercury General, Confluent And Other Big Stocks Moving Higher On Wednesday"
2025-02-12,GRAL,0.1843,-0.0247,-0.1342,0.3393,0.2165,-0.3143,0.7851,contract / partnership,2,GRAIL And Quest Diagnostics Provide GRAIL's Galleri Multi-Cancer Early Detection Test Through The Quest Diagnostics Test Ordering System
2025-02-12,GRRR,0.1651,-0.0558,-0.3382,0.2537,0.2393,0.0707,0.7208,contract / partnership,2,"Gorilla Technology, British Telecom And Port Of Tyne Expand Partnership To Focus On Safety In High-Risk Environments"
2025-02-12,LTBR,0.3469,-0.0489,-0.141,0.0404,-0.1459,-0.4411,1.0886,other news,2,Lightbridge Reveals Significant Milestone In Its Nuclear Fuel Development Efforts
2025-02-12,SEZL,0.1537,-0.0313,-0.2035,0.0971,0.01,-0.2885,0.1925,no news found,0,
2025-02-12,UPST,0.3182,0.2391,0.7513,-0.0519,-0.1077,-0.4783,0.18,earnings,22,"Upstart Hldgs Q4 2024 Adj EPS $0.26 Beats $(0.04) Estimate, Sales $218.96M Beat $182.18M Estimate"
2025-02-13,ANAB,0.1941,0.0288,0.1483,0.0995,-0.0365,-0.133,0.0836,no news found,0,
2025-02-13,APP,0.2402,0.3129,1.3029,0.0815,-0.1195,-0.379,0.1845,earnings,22,"AppLovin Q4 2024 GAAP EPS $1.73 Beats $1.25 Estimate, Sales $1.372B Beat $1.264B Estimate"
2025-02-13,AUR,0.4605,0.0589,0.1279,0.0817,-0.2118,-0.2601,0.0062,earnings,3,"Aurora Innovation Q4 EPS $(0.11), Inline"
2025-02-13,BROS,0.291,0.3068,1.0542,-0.0188,-0.0891,-0.2521,0.0953,earnings,23,"Dutch Bros Q4 2024 Adj EPS $0.07 Beats $0.02 Estimate, Sales $342.80M Beat $317.80M Estimate"
2025-02-13,CROX,0.2389,0.2456,1.0283,-0.0147,-0.0223,-0.104,-0.155,earnings,14,"Earnings Scheduled For February 13, 2025"
2025-02-13,DNOW,0.2008,0.273,1.3592,0.0118,0.0265,-0.1219,0.0537,earnings,3,"Earnings Scheduled For February 13, 2025"
2025-02-13,GRAL,0.3393,0.0168,0.0495,0.0464,-0.2254,-0.4344,1.1691,no news found,0,
2025-02-13,GRRR,0.2537,0.063,0.2484,-0.1243,-0.0046,0.1071,0.769,other news,1,Gorilla Tech Gr Unusual Options Activity
2025-02-13,HIMS,0.2771,0.0257,0.0927,0.0218,-0.1673,-0.44,0.768,other news,1,"Robinhood, Gilead Sciences, Crocs, Lincoln Electric, HubSpot, GE HealthCare And Other Big Stocks Moving Higher On Thursday"
2025-02-13,INOD,0.1927,0.0265,0.1373,0.0296,0.184,-0.0786,0.2913,FDA / clinical,1,10 Industrials Stocks Whale Activity In Today's Session
2025-02-13,IRDM,0.1542,0.1219,0.7908,-0.0114,-0.0286,-0.1375,0.0191,earnings,4,"Earnings Scheduled For February 13, 2025"
2025-02-13,MGM,0.1746,0.1216,0.6967,-0.0139,-0.1082,-0.2133,0.0384,earnings,15,"MGM Resorts Intl Q4 2024 Adj. EPS $0.45 Beats $0.30 Estimate, Sales $4.346B Beat $4.273B Estimate"
2025-02-13,NKTR,0.2197,0.1076,0.4896,0.1016,0.0448,0.0052,-0.1874,no news found,0,
2025-02-13,NUTX,0.1554,0.0033,0.021,-0.0193,-0.1449,-0.2219,0.8219,no news found,0,
2025-02-13,PGY,0.2428,0.1545,0.6364,0.0499,-0.0096,-0.2787,0.3794,earnings,3,"Earnings Scheduled For February 13, 2025"
2025-02-13,PZZA,0.1842,0.0027,0.0146,-0.0439,-0.0695,-0.1545,0.1623,M&A,2,'Qatari-Backed Investor Eyes Papa Johns Takeover' - Semafor
2025-02-13,PVLA,0.1848,0.0178,0.0962,-0.0225,-0.039,0.3733,0.3005,no news found,0,
2025-02-13,ROOT,0.1695,0.0142,0.0837,-0.0653,-0.2758,0.0965,0.3951,no news found,0,
2025-02-13,SERV,0.1712,0.021,0.1224,-0.3957,-0.476,-0.6658,0.1926,no news found,0,
2025-02-13,SOC,0.2517,0.2056,0.8166,-0.0033,-0.0699,-0.1884,0.0714,other news,1,"Robinhood, Gilead Sciences, Crocs, Lincoln Electric, HubSpot, GE HealthCare And Other Big Stocks Moving Higher On Thursday"
2025-02-14,ABSI,0.164,0.018,0.1098,-0.0052,-0.2311,-0.4485,0.7483,no news found,0,
2025-02-14,APLD,0.1517,0.0544,0.3583,0.0571,-0.0099,-0.1943,-0.055,no news found,0,
2025-02-14,DKNG,0.1516,0.0489,0.3224,-0.0374,-0.1724,-0.2759,0.1996,earnings,10,"DraftKings Q4 2024 Adj. EPS $0.14 Beats $(0.15) Estimate, Sales $1.393B Miss $1.433B Estimate"
2025-02-14,GT,0.1726,0.0918,0.5319,0.0793,0.0219,-0.0438,-0.1281,earnings,3,"Goodyear Tire & Rubber Q4 2024 Adj EPS $0.39 Beats $0.31 Estimate, Sales $4.95B Beat $4.87B Estimate"
2025-02-14,PCOR,0.1651,0.0792,0.4798,0.0095,-0.0808,-0.2038,-0.0218,earnings,8,"Procore Technologies Q4 2024 Adj EPS $0.01 Misses $0.12 Estimate, Sales $302.05M Beat $297.80M Estimate"
2025-02-14,RXRX,0.2388,0.0788,0.33,0.0104,-0.1453,-0.3504,0.324,other news,2,10 Health Care Stocks With Whale Alerts In Today's Session
2025-02-18,INTC,0.1606,0.0424,0.2639,-0.061,-0.1606,-0.0537,0.1998,M&A,21,"Inflation Spikes In January, Wall Street Rallies On Ukraine Peace Talks, Delayed Tariffs: This Week In The Markets"
2025-02-18,OSCR,0.1776,0.1233,0.6946,0.0088,-0.0151,-0.1905,-0.0997,earnings,1,"Watsco Posts Upbeat Results, Joins GeneDx, Intel And Other Big Stocks Moving Higher On Tuesday"
2025-02-18,PCT,0.1708,0.1515,0.8868,-0.0404,-0.133,-0.2936,-0.0106,earnings,1,PureCycle Technologies Option Alert: Feb 28 $12 Calls Sweep (10) Near The Ask: 1000 @ $0.671 vs 1062 OI; Earnings 2/27 Before Open Ref=$11.0396
2025-02-18,SMCI,0.1647,0.0645,0.3916,0.0797,-0.1839,-0.3208,0.5395,earnings,11,$1000 Invested In Super Micro Computer 15 Years Ago Would Be Worth This Much Today
2025-02-18,SNDK,0.2865,0.1059,0.3695,-0.0244,0.0214,0.1966,0.0181,no news found,0,
2025-02-18,VMI,0.1751,0.061,0.3481,-0.0258,-0.0782,-0.1447,-0.0452,earnings,5,"Earnings Scheduled For February 18, 2025"
2025-02-18,WGS,0.4769,0.2439,0.5114,-0.0129,-0.15,-0.1948,0.1185,earnings,9,"WeRide, CRISPR And GeneDx Are Among Top 10 Mid-Cap Gainers Last Week (Feb 10-Feb 14): Are The Others In Your Portfolio?"
2025-02-19,ADEA,0.2168,0.113,0.521,0.0449,-0.0218,-0.1508,0.0419,earnings,5,"Adeia Q4 2024 GAAP EPS $0.32 Beats $0.28 Estimate, Sales $119.168M Beat $114.218M Estimate"
2025-02-19,ANDE,0.1727,0.156,0.9036,-0.0342,-0.1071,-0.0843,-0.0817,earnings,3,"Andersons Q4 2024 GAAP EPS $1.31 Beats $1.09 Estimate, Sales $3.123B Beat $2.717B Estimate"
2025-02-19,APPN,0.162,0.1895,1.1696,-0.0698,-0.1133,-0.1926,-0.0232,earnings,9,"Earnings Scheduled For February 19, 2025"
2025-02-19,COMP,0.2832,0.0689,0.2434,-0.0449,-0.0771,-0.1328,0.1805,earnings,10,"Compass Q4 EPS $(0.08), Inline, Sales $1.38B Beat $1.34B Estimate"
2025-02-19,HIMS,0.175,0.013,0.0742,-0.0339,-0.3906,-0.5071,1.1005,earnings,4,Hims & Hers Acquires An At-Home Lab Testing Facility And Plans To Introduce At-Home Lab testing Through Its Platform
2025-02-19,SEDG,0.1595,0.3447,2.1611,-0.0734,-0.0555,-0.135,0.2171,earnings,7,"Earnings Scheduled For February 19, 2025"
2025-02-20,AMPL,0.2186,0.2321,1.0618,-0.0706,-0.1537,-0.1835,0.0487,earnings,11,"Amplitude Q4 Adj $0.02 Beats $0.01 Estimate, Sales $78.13M Beat $76.69M Estimate"
2025-02-20,HLF,0.427,0.2856,0.6687,0.0362,0.0299,-0.0037,-0.1459,earnings,5,"Herbalife Appoints Stephan Gratziani As Chief Executive Officer, Effective May 1"
2025-02-20,MD,0.2211,0.0489,0.2212,-0.094,-0.1259,-0.1788,0.0079,earnings,6,"Earnings Scheduled For February 20, 2025"
2025-02-20,U,0.3041,0.1495,0.4916,0.0121,-0.0654,-0.2489,-0.032,earnings,6,"Earnings Scheduled For February 20, 2025"
2025-02-21,CELH,0.2777,0.3361,1.2102,-0.0383,-0.2124,0.0095,0.0071,M&A,15,WSJ Reports Celsius Will Buy Alani Nu For $1.8B
2025-02-21,SEI,0.2258,0.193,0.8549,-0.06,-0.0503,-0.3718,-0.1511,earnings,2,"Solaris Energy Q4 2024 Adj. EPS $0.12 Misses $0.14 Estimate, Sales $96.297M Miss $96.950M Estimate"
2025-02-21,VICR,0.2277,0.053,0.2329,-0.0521,-0.0053,-0.1575,-0.1442,earnings,2,"Vicor Q4 EPS $0.23 Beats $0.14 Estimate, Sales $96.17M Beat $91.03M Estimate"
2025-02-24,RHLD,0.3804,0.6004,1.5784,-0.088,0.4068,-0.0401,-0.1189,no news found,0,
2025-02-25,AHCO,0.2444,0.1345,0.5502,0.0432,-0.0282,-0.0329,-0.1723,earnings,6,"Earnings Scheduled For February 25, 2025"
2025-02-25,EVER,0.2715,0.3027,1.1152,0.0047,0.0289,0.1596,0.1468,M&A,8,"EverQuote Q4 EPS $0.33 Misses $0.39 Estimate, Sales $147.46M Beat $133.86M Estimate"
2025-02-25,GSHD,0.159,0.0873,0.5488,0.003,0.0083,-0.0094,0.0474,earnings,7,"Goosehead Insurance Q4 Adj $0.79 Beats $0.40 Estimate, Sales $93.92M Beat $78.57M Estimate"
2025-02-25,JBTM,0.1532,0.0193,0.1259,0.0004,-0.0245,-0.0549,-0.1066,earnings,2,"JBT Marel Q4 Adj $1.70 Misses $1.82 Estimate, Sales $467.60M Miss $489.07M Estimate"
2025-02-25,VVX,0.1574,0.0711,0.4517,-0.0294,-0.0676,0.045,-0.2084,earnings,6,"V2X Q4 Adj EPS $1.33 up from $1.22 per share from the same period last year, Sales $1.16B Beat $1.10B Estimate"
2025-02-26,ACMR,0.2071,0.2062,0.9958,-0.0574,-0.0372,0.0043,0.3322,earnings,4,"Earnings Scheduled For February 26, 2025"
2025-02-26,AXON,0.1525,0.1778,1.1657,-0.082,-0.0654,-0.0233,-0.1787,earnings,10,"Axon Enterprise Q4 2024 Adj. EPS $2.08 Beats $1.40 Estimate, Sales $575.000M Beat $566.086M Estimate"
2025-02-26,GTM,0.2308,0.1726,0.7477,0.0239,0.0145,-0.0597,-0.0574,no news found,0,
2025-02-26,HURN,0.1823,0.0712,0.3904,0.0094,-0.002,-0.0383,-0.0107,earnings,5,"Huron Consulting Gr Q4 2024 Adj EPS $1.90 Beats $1.52 Estimate, Sales $388.40M Beat $380.50M Estimate"
2025-02-26,LNTH,0.1649,0.0119,0.072,-0.0189,0.0775,0.0555,-0.1857,earnings,4,"Earnings Scheduled For February 26, 2025"
2025-02-26,NNE,0.1624,0.0653,0.4022,-0.0705,-0.0294,-0.0105,-0.2333,no news found,0,
2025-02-27,ESTA,0.1794,0.0538,0.2998,0.008,-0.0106,-0.0444,0.0927,earnings,3,"Establishment Labs Hldgs Q4 EPS $(1.19) Misses $(0.62) Estimate, Sales $44.51M Miss $44.61M Estimate"
2025-02-27,EVTC,0.1611,0.0963,0.5981,-0.0054,-0.0011,-0.0038,-0.0053,earnings,4,"Evertec Q4 2024 Adj EPS $0.87 Beats $0.72 Estimate, Sales $216.40M Beat $215.29M Estimate"
2025-02-27,MQ,0.2108,0.141,0.6689,-0.0165,-0.0447,0.0094,-0.0954,earnings,6,"Marqeta Q4 EPS  $(0.05), Inline, Sales $135.79M Beat $132.75M Estimate"
2025-02-27,ROOT,0.2557,0.2147,0.8395,0.0905,0.0353,0.2016,0.1955,earnings,3,"Root Q4 Adj EPS $1.62 Beats $(0.44) Estimate, Sales $326.70M Beat $290.99M Estimate"
2025-02-27,VSEC,0.1665,0.0952,0.5719,0.0058,-0.0186,0.0417,-0.0211,earnings,3,"VSE Q4 2024 Adj. EPS $0.90 Beats $0.72 Estimate, Sales $299.000M Beat $287.594M Estimate"
2025-02-28,ALHC,0.1648,0.118,0.7162,-0.0108,-0.051,0.1663,-0.1208,earnings,4,"Alignment Healthcare Q4 EPS $(0.16) Beats $(0.18) Estimate, Sales $701.24M Beat $675.43M Estimate"
2025-02-28,ARLO,0.2064,0.0512,0.248,-0.1551,-0.178,-0.2865,0.0171,earnings,4,"Arlo Technologies Q4 Adj EPS $0.10, Inline, Sales $121.57M Miss $123.92M Estimate"
2025-02-28,GRRR,0.221,-0.0524,-0.2372,0.0644,-0.0618,-0.1731,0.7714,no news found,0,
2025-02-28,NVAX,0.1799,0.0149,0.0827,-0.0552,0.0012,-0.1597,-0.1986,other news,1,"Nvidia, Tesla Lead Tech Stock Rebound: What's Driving Markets Friday?"
2025-02-28,PRGO,0.2018,0.1459,0.723,0.0,-0.0352,-0.025,-0.0222,earnings,4,"Perrigo Q4 2024 Adj EPS $0.93 Misses $0.94 Estimate, Sales $1.14B Miss $1.20B Estimate"
2025-02-28,RHLD,0.4802,0.2046,0.4259,0.0784,-0.1427,-0.3172,0.0718,no news found,0,
2025-02-28,SOUN,0.1748,0.0152,0.087,-0.0462,-0.0998,-0.2144,-0.3417,earnings,11,"SoundHound AI Q4 2024 Adj. EPS $(0.05) Beats $(0.10) Estimate, Sales $34.543M Beat $33.692M Estimate"
2025-02-28,TPC,0.3442,0.1326,0.3853,-0.0488,-0.0956,-0.1997,-0.1,earnings,2,"Tutor Perini Q4 EPS $(1.51) Misses $0.16 Estimate, Sales $1.07B Miss $1.08B Estimate"
2025-03-04,GRRR,0.1821,-0.0642,-0.3526,0.1,-0.2916,-0.3404,1.3716,contract / partnership,1,Gorilla Technology Stock Jumps On $1.8 Billion Thailand Energy Deal
2025-03-04,OKTA,0.2427,0.1479,0.6097,0.0739,-0.0121,-0.0334,-0.0749,earnings,26,"Okta Q4 2025 Adj. EPS $0.78 Beats $0.74 Estimate, Sales $682.000M Beat $669.461M Estimate"
2025-03-05,ASTS,0.1814,0.0528,0.2909,-0.0479,-0.1846,-0.337,0.3326,analyst,2,"Scotiabank Maintains Sector Outperform on AST SpaceMobile, Raises Price Target to $47.9"
2025-03-05,ATRO,0.2483,0.0931,0.3747,-0.0165,-0.0257,-0.0116,0.091,earnings,4,"Astronics Q4 2024 Adj EPS $0.48 Beats $0.19 Estimate, Sales $208.54M Beat $194.91M Estimate"
2025-03-05,BKKT,0.2374,0.0178,0.0752,-0.0734,-0.2828,-0.3574,-0.1999,M&A,2,Bakkt Holdings Shares Resume Trade Following Circuit Breaker Halt
2025-03-05,MRNA,0.1594,0.0701,0.4401,-0.0258,-0.0057,-0.2127,-0.1691,other news,3,"Moderna CEO Stephane Bancel Discloses Open Market Purchase Of 160,314 Shares At Avg. Price $31.22"
2025-03-05,NN,0.2234,0.0106,0.0476,-0.0287,-0.107,0.1148,-0.2137,no news found,0,
2025-03-05,SITM,0.1953,0.0412,0.211,-0.0226,-0.0863,-0.1313,-0.2553,no news found,0,
2025-03-06,TREE,0.2252,0.188,0.8346,-0.0146,-0.0567,-0.0336,-0.1011,earnings,13,"LendingTree Q4 Adj EPS $1.16 Beats $(0.05) Estimate, Sales $261.50M Beat $236.84M Estimate"
2025-03-06,VSTM,0.16,-0.0167,-0.1042,0.0057,0.0359,-0.181,0.0221,no news found,0,
2025-03-06,WLY,0.1526,0.1214,0.7956,0.0565,0.0012,0.0002,-0.1074,earnings,3,"Earnings Scheduled For March 6, 2025"
2025-03-07,AMRC,0.1938,0.0883,0.4556,-0.0676,-0.0496,-0.0243,-0.5399,earnings,1,"American Public Education Posts Better-Than-Expected Earnings, Joins Willdan Group, Broadcom, Walgreens Boots Alliance And Other Big Stocks Moving Higher On Friday"
2025-03-07,ARRY,0.1626,0.0397,0.2442,0.0374,-0.0114,-0.2862,-0.2243,earnings,1,"American Public Education Posts Better-Than-Expected Earnings, Joins Willdan Group, Broadcom, Walgreens Boots Alliance And Other Big Stocks Moving Higher On Friday"
2025-03-07,GAP,0.1883,0.1528,0.8114,-0.034,-0.1304,-0.1734,-0.1345,earnings,12,"Gap Q4 2024 Adj EPS $0.54 Beats $0.37 Estimate, Sales $4.10B Beat $4.07B Estimate"
2025-03-07,USAR,0.214,0.1664,0.7773,-0.1601,0.428,-0.4188,-0.1467,no news found,0,
2025-03-07,WLDN,0.2973,0.1173,0.3946,-0.0359,-0.0344,-0.0742,-0.0845,earnings,4,"Willdan Group Q4 Adj $0.75 Beats $0.57 Estimate, Sales $79.25M Beat $75.50M Estimate"
2025-03-07,WOLF,0.1806,0.0019,0.0103,-0.0941,-0.0168,-0.5563,-0.131,other news,1,"Wolfspeed Announces Its Reducing Headcount By ~180 Employees, Primarily In Materials Operations, At Both The Durham And Siler City Locations"
2025-03-10,ASST,0.1718,0.0328,0.1908,0.0,-0.122,-0.1781,-0.3007,no news found,0,
2025-03-10,MLYS,0.4221,0.3432,0.8131,-0.0441,-0.0495,-0.1945,0.0468,FDA / clinical,10,Mineralys Therapeutics To Announce Topline Data From Launch-HTN And Advance-HTN Pivotal Trials
2025-03-10,PTGX,0.4589,0.3059,0.6665,0.0681,-0.0525,-0.2277,0.0159,FDA / clinical,8,"Reported Saturday, Protagonist Reports Icotrokinra Achieved IGA 0/1 In 74% Of Patients At Week 24 With Favorable Safety Profile"
2025-03-11,GH,0.1895,0.0206,0.109,0.011,0.0286,-0.0662,-0.1941,earnings,3,The Centers For Medicare & Medicaid Services Has Approved Advanced Diagnostic Laboratory Test Status For Guardant Health's Shield Blood Test For Colorectal Cancer Screening
2025-03-11,LMB,0.1563,0.0472,0.3018,-0.0425,-0.0585,-0.1085,-0.2945,earnings,2,"Limbach Holdings Q4 2024 GAAP EPS $0.82 Beats $0.80 Estimate, Sales $143.65M Miss $149.37M Estimate"
2025-03-11,METC,0.3832,0.0893,0.233,-0.2374,-0.1678,-0.3451,-0.1003,earnings,4,"Ramaco Resources Q4 EPS $0.06 Beats $(0.03) Estimate, Sales $170.89M Beat $166.59M Estimate"
2025-03-11,NEO,0.1976,0.0006,0.0028,-0.0597,-0.1167,-0.2463,-0.3245,no news found,0,
2025-03-11,PAY,0.2459,0.019,0.0774,-0.0585,-0.1177,-0.2075,-0.2307,earnings,7,"Paymentus Holdings Q4 2024 Adj EPS $0.13 Beats $0.12 Estimate, Sales $257.88M Beat $222.06M Estimate"
2025-03-12,CXM,0.1658,0.1052,0.6343,-0.0234,-0.0584,-0.1614,-0.0992,earnings,5,"Earnings Scheduled For March 12, 2025"
2025-03-12,GRPN,0.4309,0.2538,0.5891,0.0629,0.201,0.2589,-0.1692,FDA / clinical,5,"Groupon Q4 2024 GAAP EPS $(1.20) vs $(0.04) Estimate, Sales $130.379M Beat $127.743M Estimate"
2025-03-12,IONQ,0.1668,0.084,0.5032,-0.0206,0.0678,0.2085,-0.5447,other news,2,Market Whales and Their Recent Bets on IONQ Options
2025-03-13,QBTS,0.1873,0.0412,0.2202,0.4689,0.2576,0.042,0.0919,earnings,9,D-Wave Quantum Options Trading: A Deep Dive into Market Sentiment
2025-03-14,AAOI,0.3932,0.4902,1.2468,-0.0511,-0.076,-0.4898,-0.366,earnings,12,Trading Halt: Halted at 4:01:00 p.m. ET - Trading Halt: Halt News Pending
2025-03-14,GRRR,0.2964,0.0224,0.0755,-0.1224,-0.2513,-0.4942,0.0707,other news,1,12 Information Technology Stocks Moving In Friday's Intraday Session
2025-03-14,IONQ,0.1699,0.0356,0.2094,-0.0028,-0.1096,0.0436,-0.4376,no news found,0,
2025-03-14,OKLO,0.1574,0.0443,0.2812,0.0101,-0.0202,-0.1883,-0.5596,no news found,0,
2025-03-14,PD,0.1775,0.0583,0.3285,-0.0174,0.0277,-0.1583,-0.1895,earnings,10,"PagerDuty Q4 2025 Adj EPS $0.22 Beats $0.16 Estimate, Sales $121.40M Beat $119.77M Estimate"
2025-03-14,PLPC,0.1689,0.0775,0.459,0.0457,-0.0173,-0.0283,-0.1212,FDA / clinical,2,Performed Line Products Q4 Non GAAP EPS $2.13 Vs $1.29 YoY; Sales $167.1M Vs $145.6M YoY
2025-03-14,PTON,0.1614,0.0857,0.5306,-0.0652,-0.0128,-0.2085,-0.3388,analyst,3,"Canaccord Genuity Upgrades Peloton Interactive to Buy, Announces $10 Price Target"
2025-03-14,QBTS,0.4689,0.1143,0.2438,0.1015,-0.1764,-0.2857,0.144,earnings,10,"D-Wave Quantum, Docusign, Ulta Beauty, Meta Platforms, And Tesla: Why These 5 Stocks Are On Investors' Radars Today"
2025-03-14,QUBT,0.2914,0.0974,0.3344,0.1312,0.0423,-0.0353,-0.3354,other news,1,12 Information Technology Stocks Moving In Friday's Intraday Session
2025-03-14,RBRK,0.2779,0.2265,0.8151,0.0028,-0.0347,-0.1646,-0.2872,earnings,18,"Rubrik Q4 2025 GAAP EPS $(0.61) Beats $(0.80) Estimate, Sales $258.100M Beat $233.104M Estimate"
2025-03-14,RGTI,0.2823,0.0331,0.1174,-0.0053,-0.1916,-0.1889,-0.2553,earnings,2,"Semtech Posts Better-Than-Expected Earnings, Joins Rubrik, DocuSign, PagerDuty And Other Big Stocks Moving Higher On Friday"
2025-03-14,SMR,0.1512,0.0427,0.2826,0.0051,0.0354,-0.1348,-0.4239,no news found,0,
2025-03-14,SMTC,0.2106,0.1391,0.6604,-0.0043,0.0005,-0.3283,-0.1075,earnings,11,"Semtech Q4 2025 Adj. EPS $0.40 Beats $0.32 Estimate, Sales $251.000M Beat $249.197M Estimate"
2025-03-14,SOUN,0.1605,0.0292,0.1818,-0.0251,-0.0464,-0.1992,-0.3622,earnings,3,SoundHound AI To Participate In 2025 NVIDIA GPU Technology Conference
2025-03-14,USAR,0.72,-0.0515,-0.0715,-0.2383,-0.4016,-0.552,-0.1075,no news found,0,
2025-03-17,DXYZ,0.1709,0.0923,0.5404,-0.031,0.1229,-0.1418,-0.3471,no news found,0,
2025-03-17,RHLD,0.3779,-0.0178,-0.047,-0.1835,-0.2204,-0.4062,0.0868,FDA / clinical,1,12 Industrials Stocks Moving In Monday's Intraday Session
2025-03-17,UMAC,0.2422,0.0609,0.2516,-0.0692,-0.034,-0.3182,-0.4622,no news found,0,
2025-03-18,HROW,0.1569,0.2406,1.5328,0.0111,0.0723,-0.1182,-0.2334,earnings,7,12 Health Care Stocks Moving In Monday's After-Market Session
2025-03-18,NEXT,0.1724,0.0,0.0,0.0671,0.0894,-0.1071,-0.1071,government / policy,1,NextDecade Announced U.S. Court Of Appeals For D.C. Circuit Court Issued Revision To August 2024 Judgement Removing Vacatur Risk On Federal Energy Regulatory Commission's Order
2025-03-18,USAR,0.2279,0.0616,0.2702,-0.1058,-0.6133,-0.2207,0.2504,earnings,1,"IHS Holding Posts Upbeat Earnings, Joins Tencent Music Entertainment, Elbit Systems And Other Big Stocks Moving Higher On Tuesday"
2025-03-19,SIG,0.173,0.2118,1.2243,-0.0061,0.0685,-0.0307,-0.1375,earnings,15,"Williams-Sonoma, HealthEquity And 3 Stocks To Watch Heading Into Wednesday"
2025-03-19,STNE,0.1553,0.1026,0.6606,-0.0176,0.0009,0.0396,-0.0248,earnings,6,"StoneCo Q4 2024 Adj. EPS R$2.26 Beats R$1.95 Estimate, Sales R$3.609B Beat R$3.591B Estimate"
2025-03-20,CAPR,0.1751,0.0278,0.1589,-0.1045,-0.1772,-0.2166,-0.1902,earnings,5,"Capricor Therapeutics Q4 2024 GAAP EPS $(0.16) Beats $(0.26) Estimate, Sales $11.10M Beat $5.68M Estimate"
2025-03-20,SPRY,0.2283,0.0558,0.2444,-0.1363,-0.1174,0.0398,-0.0292,earnings,5,"Earnings Scheduled For March 20, 2025"
2025-03-21,OUST,0.3186,0.0191,0.0599,0.0172,-0.1367,-0.39,-0.1492,earnings,10,"Ouster Q4 2024 GAAP EPS $(0.48) Beats $(0.59) Estimate, Sales $30.092M Beat $30.000M Estimate"
2025-03-24,BKKT,0.1593,0.0159,0.1,-0.1222,-0.3731,-0.3543,-0.1669,no news found,0,
2025-03-24,BTDR,0.1638,0.0544,0.3323,-0.0567,-0.2421,-0.1948,-0.2353,other news,1,12 Information Technology Stocks Moving In Monday's Intraday Session
2025-03-24,CLSK,0.1815,0.0269,0.1481,-0.0068,-0.2355,-0.0023,-0.1957,other news,1,12 Information Technology Stocks Moving In Monday's Intraday Session
2025-03-24,IONQ,0.1734,0.0436,0.2513,-0.0218,-0.1551,-0.0214,-0.2987,earnings,1,"Intuitive Machines Posts Q4 Results, Joins Tesla, AnaptysBio, Coherent And Other Big Stocks Moving Higher On Monday"
2025-03-24,LUNR,0.3004,0.0776,0.2582,-0.0022,-0.192,-0.2017,-0.6077,FDA / clinical,11,"KB Home, Intuitive Machines And 3 Stocks To Watch Heading Into Monday"
2025-03-24,MARA,0.1801,0.0368,0.204,-0.0246,-0.2129,-0.0376,-0.1555,no news found,0,
2025-03-24,QUBT,0.184,0.0487,0.2647,-0.0309,-0.0857,-0.3211,-0.0134,no news found,0,
2025-03-25,PRCH,0.1603,0.0073,0.0455,-0.0477,-0.098,-0.358,0.7455,other news,1,12 Information Technology Stocks Moving In Tuesday's Intraday Session
2025-03-26,WOR,0.2374,0.0453,0.1909,0.0016,-0.0105,-0.0398,-0.0192,FDA / clinical,6,"Worthington Enterprises Q3 2025 Adj EPS $0.79 Beats $0.71 Estimate, Sales $304.50M Beat $285.54M Estimate"
2025-03-27,CAR,0.2049,0.0544,0.2657,0.0067,-0.0209,0.265,-0.2361,FDA / clinical,4,"Concentrix Posts Better-Than-Expected Earnings, Joins Soleno Therapeutics, Petco Health and Wellness, MillerKnoll And Other Big Stocks Moving Higher On Thursday"
2025-03-27,CNXC,0.4238,0.1273,0.3003,-0.1244,-0.2246,-0.223,0.0054,FDA / clinical,10,"Concentrix Q1 2025 Adj EPS $2.79 Beats $2.58 Estimate, Sales $2.37B Beat $2.36B Estimate"
2025-03-28,AGX,0.1986,0.1984,0.9991,-0.0503,-0.1306,0.1028,-0.081,FDA / clinical,7,"Argan Q4 2024 GAAP EPS $2.22 Beats $1.15 Estimate, Sales $232.474M Beat $197.500M Estimate"
2025-03-31,CORT,1.0908,0.7377,0.6763,-0.1951,-0.3464,-0.3589,-0.0982,FDA / clinical,9,12 Health Care Stocks Moving In Monday's Pre-Market Session
2025-03-31,GRRR,0.1821,-0.0399,-0.2193,-0.151,-0.3723,-0.3986,-0.1731,earnings,2,"Earnings Scheduled For March 31, 2025"
2025-04-01,CRWV,0.4177,0.0383,0.0917,0.1672,-0.1704,-0.2144,-0.073,earnings,5,CoreWeave Shares Are Trading Lower Today: What's Going On?
2025-04-01,NUTX,0.5182,0.3821,0.7374,0.0513,0.1896,0.5402,-0.0902,other news,5,Nutex Health FY Sales $479.900M Beat $303.479M Estimate
2025-04-01,PVH,0.1824,0.1624,0.8903,0.0182,-0.2085,-0.0975,-0.0922,earnings,15,"PVH Q4 2024 Adj EPS $3.27 Beats $3.21 Estimate, Sales $2.37B Beat $2.33B Estimate"
2025-04-02,CRWV,0.1672,0.0635,0.38,-0.1232,-0.2052,-0.2777,0.3142,earnings,5,CoreWeave Surges 42% In Post-IPO Rally As Nvidia-Backed AI Firm Recovers From Weak Debut
2025-04-02,RCAT,0.1612,-0.0031,-0.0194,-0.0849,0.004,-0.3167,0.179,other news,1,12 Information Technology Stocks Moving In Wednesday's Intraday Session
2025-04-03,VXX,0.2476,0.1481,0.5984,0.1978,0.2674,-0.0237,0.0338,no news found,0,
2025-04-04,USAR,0.1615,0.3077,1.9048,0.2543,0.1007,0.4901,-0.3925,earnings,4,"Dow Tumbles 1,100 Points; US Economy Adds 228,000 Jobs In March"
2025-04-04,VXX,0.1978,0.1191,0.6019,-0.0067,0.0303,-0.1699,0.163,no news found,0,
2025-04-07,DNA,0.1508,-0.0736,-0.4881,-0.1014,0.3042,0.0062,-0.2613,no news found,0,
2025-04-07,RYTM,0.1706,0.0294,0.1723,0.0504,0.0943,0.141,-0.0756,FDA / clinical,3,"Reported Sunday, Rhythm Pharmaceuticals To Reveal Topline Results From Pivotal Phase 3 TRANSCEND Trial Of Setmelanotide In Acquired Hypothalamic Obesity"
2025-04-07,USAR,0.2543,-0.0318,-0.125,-0.113,0.2408,0.0855,-0.4188,other news,1,"Five Below, Telix Pharmaceuticals, Dollar Tree And Other Big Stocks Moving Higher On Monday"
2025-04-09,AAPL,0.1532,-0.0027,-0.0179,-0.0424,-0.023,-0.0068,-0.2192,earnings,22,Apple Shares Drop As Trump's 104% China Tariff Escalation Sparks Market Reversal: What's Going On?
2025-04-09,AAL,0.226,0.0066,0.0293,-0.1448,-0.1529,-0.0081,-0.2086,no news found,0,
2025-04-09,AAOI,0.2963,-0.0019,-0.0063,-0.155,-0.248,0.0642,-0.29,no news found,0,
2025-04-09,ACHR,0.1609,-0.0047,-0.0291,-0.0552,-0.0511,0.179,-0.0602,no news found,0,
2025-04-09,ADI,0.1839,-0.0002,-0.0013,-0.0929,-0.1053,0.0313,-0.2056,other news,1,10 Information Technology Stocks With Whale Alerts In Today's Session
2025-04-09,AEIS,0.1927,-0.0046,-0.024,-0.0932,-0.105,0.1563,-0.2235,no news found,0,
2025-04-09,AEO,0.1683,-0.0052,-0.0311,-0.0523,-0.0774,0.0187,-0.1598,no news found,0,
2025-04-09,AEHR,0.292,0.0339,0.1162,-0.0719,-0.0685,-0.0377,-0.1851,earnings,6,"Aehr Test Systems Q3 Adj $0.07 Beats $0.04 Estimate, Sales $18.31M Beat $17.76M Estimate"
2025-04-09,AFRM,0.2154,0.0118,0.0548,-0.0804,-0.0799,0.2248,-0.2207,analyst,4,Affirm And Shopify Announced The Acceleration Of Their Global Expansion Plans
2025-04-09,AEVA,0.2335,-0.0085,-0.0362,0.0302,-0.0165,0.3978,1.2775,no news found,0,
2025-04-09,AI,0.1612,-0.0049,-0.0306,-0.0415,-0.0864,0.1081,-0.1281,no news found,0,
2025-04-09,ALGM,0.2272,-0.0016,-0.007,-0.0607,-0.1851,-0.093,-0.2568,no news found,0,
2025-04-09,ALAB,0.1977,0.0071,0.0358,-0.085,-0.0862,0.1136,-0.1868,no news found,0,
2025-04-09,ALGT,0.1892,0.0017,0.0087,-0.0787,-0.1383,0.0846,-0.2509,no news found,0,
2025-04-09,ALB,0.1914,-0.0018,-0.0095,-0.0953,-0.1307,-0.0501,-0.2976,analyst,1,"Wells Fargo Maintains Equal-Weight on Albemarle, Lowers Price Target to $60"
2025-04-09,ALK,0.2258,0.0044,0.0194,-0.1146,-0.1118,0.0497,-0.2355,no news found,0,
2025-04-09,AMAT,0.1611,0.0048,0.0297,-0.0767,-0.0771,0.0419,-0.1227,no news found,0,
2025-04-09,AMD,0.2382,0.0129,0.0542,-0.0841,-0.0883,0.0502,-0.1917,government / policy,4,Trump Threatened TSMC He'd Impose Up To 100% Tariffs If It Didn't Manufacture Chips In US: 'These Chip Companies Are Loaded'
2025-04-09,AMKR,0.2054,0.0109,0.053,-0.1106,-0.1021,0.0011,-0.221,no news found,0,
2025-04-09,AMBA,0.1913,0.0114,0.0597,-0.0914,-0.0919,0.1006,-0.1878,no news found,0,
2025-04-09,AMRC,0.1649,-0.0259,-0.1569,-0.0546,-0.0574,0.2202,-0.1008,no news found,0,
2025-04-09,ANF,0.1537,-0.0139,-0.0904,-0.0549,-0.1018,-0.051,-0.1493,analyst,1,"Citigroup Maintains Buy on Abercrombie & Fitch, Lowers Price Target to $98"
2025-04-09,AMSC,0.1756,-0.0125,-0.0712,-0.0718,-0.0335,0.1372,-0.1384,no news found,0,
2025-04-09,AOSL,0.2788,-0.0034,-0.012,-0.1475,-0.2091,-0.095,-0.3102,no news found,0,
2025-04-09,APO,0.1634,0.0063,0.0386,-0.0352,-0.0252,0.0369,-0.1535,analyst,4,"Citigroup Maintains Buy on Apollo Global Management, Lowers Price Target to $138"
2025-04-09,APA,0.1907,-0.022,-0.1155,-0.1264,-0.0798,-0.016,-0.2693,other news,1,Is the Market Bullish or Bearish on APA?
2025-04-09,ARES,0.1555,-0.0146,-0.0942,-0.0464,-0.0195,0.1649,-0.1317,analyst,2,"Wells Fargo Maintains Overweight on Ares Management, Lowers Price Target to $156"
2025-04-09,APP,0.1687,-0.0041,-0.0244,-0.0405,-0.1642,0.2348,-0.0872,analyst,3,"Wells Fargo Maintains Overweight on AppLovin, Lowers Price Target to $386"
2025-04-09,ARCB,0.2043,-0.0046,-0.0224,-0.1162,-0.1832,-0.129,-0.1874,analyst,2,"Citigroup Maintains Neutral on ArcBest, Lowers Price Target to $66"
2025-04-09,ARWR,0.1812,-0.023,-0.1271,-0.0585,-0.0381,0.1229,-0.3367,no news found,0,
2025-04-09,ASML,0.1543,0.038,0.2465,-0.0549,-0.0761,0.0329,-0.1374,no news found,0,
2025-04-09,ASO,0.1703,-0.0078,-0.0455,-0.0548,-0.0815,0.0089,-0.2692,analyst,2,"Loop Capital Maintains Buy on Academy Sports, Lowers Price Target to $60"
2025-04-09,ASAN,0.1791,0.0015,0.0081,-0.048,-0.075,0.0609,0.091,no news found,0,
2025-04-09,ASTS,0.1892,-0.003,-0.0156,-0.0414,-0.0725,0.046,-0.2917,no news found,0,
2025-04-09,ATI,0.1594,0.0024,0.0149,-0.0469,-0.0604,0.4603,-0.1912,no news found,0,
2025-04-09,AS,0.1502,0.0119,0.0794,-0.0862,-0.0713,0.136,-0.2161,no news found,0,
2025-04-09,AUR,0.1572,-0.0106,-0.0674,-0.0244,-0.1038,0.1832,-0.1051,no news found,0,
2025-04-09,AVGO,0.1866,0.0287,0.1535,-0.0694,-0.0569,0.1222,-0.1767,other news,3,Recent Report Shows That Rep. Jared Moskowitz Sold Up to $125K Worth of Broadcom Stock
2025-04-09,BA,0.1537,-0.0039,-0.0254,-0.033,-0.027,0.192,-0.0952,other news,1,Looking At Boeing's Recent Unusual Options Activity
2025-04-09,BBNX,0.2163,0.0093,0.0429,-0.0948,-0.0737,0.2625,-0.3535,no news found,0,
2025-04-09,BBWI,0.1763,0.0203,0.1153,-0.0797,-0.0836,0.0578,-0.1439,analyst,2,"Piper Sandler Upgrades Bath & Body Works to Overweight, Lowers Price Target to $35"
2025-04-09,BILL,0.1634,-0.0085,-0.0518,-0.06,-0.07,0.0814,-0.1482,no news found,0,
2025-04-09,BKKT,0.2314,0.0157,0.0679,-0.0058,-0.0568,0.1311,-0.3739,no news found,0,
2025-04-09,BLMN,0.1566,-0.0096,-0.0615,-0.0442,0.0372,0.0124,-0.2805,no news found,0,
2025-04-09,BTDR,0.203,-0.0027,-0.0134,-0.1393,-0.1642,0.5334,-0.3056,crypto,1,"Bitdeer Technologies Reported Self-mined Bitcoin Of 114 (Vs. 294 A Year Ago), Total Hash Rate Under Management (EH/S) Of 24.2 In March 2025 Vs. 22.5 In March 2024"
2025-04-09,CAL,0.1552,-0.0161,-0.1036,-0.049,-0.1562,-0.0805,-0.0611,no news found,0,
2025-04-09,CAMT,0.1929,0.0354,0.1833,-0.08,-0.0715,0.1051,-0.1746,no news found,0,
2025-04-09,CAVA,0.1719,0.007,0.0408,-0.0346,-0.0695,0.0434,-0.0194,no news found,0,
2025-04-09,CAR,0.1759,-0.0103,-0.0588,-0.0413,-0.0166,0.3676,-0.0146,no news found,0,
2025-04-09,CCL,0.1747,0.0043,0.0244,-0.1026,-0.0886,0.0326,-0.1261,no news found,0,
2025-04-09,CC,0.2403,-0.0188,-0.0783,-0.0898,-0.0724,-0.0541,-0.2989,no news found,0,
2025-04-09,CENX,0.1635,-0.0051,-0.0312,-0.0816,-0.0094,-0.027,-0.2435,no news found,0,
2025-04-09,CE,0.1708,-0.0222,-0.1301,-0.144,-0.1449,0.1788,-0.3134,analyst,1,"Wells Fargo Maintains Equal-Weight on Celanese, Lowers Price Target to $40"
2025-04-09,CEG,0.165,0.0064,0.039,-0.0509,-0.0522,0.256,-0.1133,analyst,3,"Citigroup Upgrades Constellation Energy to Buy, Lowers Price Target to $232"
2025-04-09,CHRD,0.158,-0.0115,-0.0727,-0.0957,-0.0436,-0.0143,-0.2053,no news found,0,
2025-04-09,CLF,0.1589,-0.0029,-0.0183,-0.0843,-0.0969,-0.1006,-0.2395,no news found,0,
2025-04-09,CLS,0.1919,0.002,0.0106,-0.068,-0.0183,0.1739,-0.2049,no news found,0,
2025-04-09,COHR,0.2267,-0.0072,-0.0318,-0.1206,-0.1204,0.1198,-0.227,no news found,0,
2025-04-09,COIN,0.1691,-0.0092,-0.0543,-0.0422,-0.0276,0.1661,-0.2098,government / policy,2,"Cathie Wood Loads Up On $18.2 Million Worth Of Nvidia Stock, Adds $5.8 Million Worth Of Amazon Shares To Her Shopping Cart Amid Trump Tariff Upheaval"
2025-04-09,CORZ,0.1536,-0.0077,-0.05,-0.0919,-0.1225,0.2583,-0.2457,crypto,1,"TeraWulf Price Forecast Cut As Analyst Cites Tough Bitcoin Economics, Doubts Over AI Growth Plans"
2025-04-09,CPRI,0.3109,-0.0385,-0.1237,-0.1057,-0.1889,0.03,-0.3593,government / policy,5,'Prada Deal for Versace at Risk of Collapsing With Market in Turmoil; Pending Deal Talks Offer Latest Example Of Trump Trade War Wreaking Havoc On Markets' - WSJ
2025-04-09,CRDO,0.2258,0.0283,0.1255,-0.1162,-0.1283,0.1877,-0.1859,no news found,0,
2025-04-09,CRI,0.1845,-0.0115,-0.0622,-0.0538,-0.0909,-0.1168,-0.2072,no news found,0,
2025-04-09,CRGY,0.1755,-0.0413,-0.2351,-0.1331,-0.0513,-0.0234,-0.2983,other news,1,Crescent Energy Transitions To Single Class Of Common Stock And Eliminates Up-C Structure
2025-04-09,CRUS,0.1653,0.0066,0.0398,-0.0596,-0.0522,0.0813,-0.2393,no news found,0,
2025-04-09,CRWD,0.1629,-0.0014,-0.0083,-0.0249,0.0049,0.134,-0.0143,contract / partnership,2,CrowdStrike Deepens Partnership With Google
2025-04-09,CSIQ,0.2101,-0.0118,-0.0563,-0.1186,-0.1222,0.1259,-0.2966,no news found,0,
2025-04-09,CRS,0.1569,-0.0064,-0.0406,-0.0415,-0.0163,0.1965,-0.1613,no news found,0,
2025-04-09,CTRI,0.1686,-0.0092,-0.0547,-0.0564,-0.0192,0.1787,-0.0571,no news found,0,
2025-04-09,CVNA,0.2504,0.0011,0.0045,-0.0762,-0.0506,0.2953,0.0238,analyst,3,"Citigroup Maintains Buy on Carvana, Lowers Price Target to $280"
2025-04-09,DAL,0.234,0.0286,0.1224,-0.111,-0.0832,0.0965,-0.2315,earnings,12,Top Wall Street Forecasters Revamp Delta Air Lines Price Expectations Ahead Of Q1 Earnings
2025-04-09,DAVE,0.1769,0.0027,0.0152,-0.0549,-0.0588,0.7495,-0.0934,no news found,0,
2025-04-09,CZR,0.1727,-0.0055,-0.032,-0.0769,-0.1023,0.0094,-0.1555,earnings,1,BofA Flags Rising Risks For Gaming And Lodging Firms As Valuations Tumble
2025-04-09,DAN,0.1526,-0.026,-0.1701,-0.1118,-0.0722,0.2666,-0.2537,no news found,0,
2025-04-09,DELL,0.1597,-0.0004,-0.0026,-0.0624,-0.0098,0.1502,-0.2073,no news found,0,
2025-04-09,DNA,0.1771,-0.0052,-0.0294,0.0767,0.1932,0.1608,-0.17,no news found,0,
2025-04-09,DJT,0.2167,-0.0084,-0.0388,-0.073,-0.0261,0.2403,-0.1487,government / policy,4,Trump's Tariff Push Drags Down His Personal Fortune — Here's How Much The Billionaire President Has Lost Since 'Liberation Day'
2025-04-09,DKS,0.1561,-0.0103,-0.0657,-0.04,-0.0873,-0.0336,-0.1346,no news found,0,
2025-04-09,DOW,0.1568,-0.0182,-0.1159,-0.0862,-0.08,-0.0208,-0.296,analyst,1,"Wells Fargo Maintains Overweight on Dow, Lowers Price Target to $35"
2025-04-09,DOCN,0.1837,-0.0031,-0.0168,-0.0799,-0.0916,-0.0254,-0.2856,no news found,0,
2025-04-09,DUOL,0.1505,0.0103,0.0687,-0.0606,-0.0326,0.4925,0.0668,no news found,0,
2025-04-09,DVN,0.1595,-0.0279,-0.1752,-0.1068,-0.0569,0.0278,-0.2158,analyst,1,"Mizuho Maintains Outperform on Devon Energy, Lowers Price Target to $46"
2025-04-09,DXYZ,0.1597,0.0019,0.0117,-0.044,-0.0304,0.2214,-0.0733,no news found,0,
2025-04-09,ECPG,0.1677,-0.0184,-0.1099,-0.0713,-0.0685,0.2869,-0.1914,no news found,0,
2025-04-09,ENVX,0.217,-0.0092,-0.0422,-0.1091,-0.1226,-0.0248,-0.2666,no news found,0,
2025-04-09,ENTG,0.2473,0.02,0.0808,-0.1221,-0.1387,-0.0167,-0.3295,no news found,0,
2025-04-09,ESTA,0.264,-0.0132,-0.0499,-0.1269,-0.1257,0.0081,-0.2369,no news found,0,
2025-04-09,EVR,0.1573,-0.0168,-0.107,-0.0773,-0.0591,0.1435,-0.1686,analyst,1,"Wells Fargo Maintains Equal-Weight on Evercore, Lowers Price Target to $180"
2025-04-09,EXPE,0.1834,-0.0036,-0.0198,-0.0752,-0.0563,0.0452,-0.1656,no news found,0,
2025-04-09,FCX,0.1551,0.0245,0.158,-0.0709,-0.0061,0.1182,-0.1858,no news found,0,
2025-04-09,FIVN,0.1727,-0.0093,-0.0538,-0.0804,-0.1045,0.0433,-0.2738,no news found,0,
2025-04-09,FORM,0.2839,0.0164,0.0578,-0.1186,-0.1287,0.0071,-0.2459,no news found,0,
2025-04-09,FOXF,0.196,-0.0103,-0.0528,-0.0951,-0.1238,-0.0282,-0.2584,no news found,0,
2025-04-09,FN,0.1602,-0.0025,-0.0154,-0.0946,-0.0753,0.0307,-0.1202,no news found,0,
2025-04-09,FSLY,0.16,-0.016,-0.1,-0.0724,-0.0828,0.3138,-0.2401,other news,1,Demystifying Fastly: Insights From 4 Analyst Reviews
2025-04-09,FTAI,0.2106,-0.0093,-0.0443,-0.1149,-0.1335,0.0098,-0.1451,no news found,0,
2025-04-09,FUN,0.1866,0.0018,0.0095,-0.0381,-0.0515,0.0259,-0.18,analyst,2,"UBS Initiates Coverage On Six Flags Entertainment with Buy Rating, Announces Price Target of $49"
2025-04-09,GAP,0.161,-0.0137,-0.0849,-0.0635,-0.1013,0.1346,-0.1842,analyst,1,"Citigroup Maintains Buy on Gap, Lowers Price Target to $22"
2025-04-09,FWRD,0.319,-0.0229,-0.0716,-0.039,0.0585,0.2469,-0.3969,earnings,1,Forward Air Estimates Q1 Consolidated EBITDA $54M-$59M; Estimates That Between 10%-15% Of 2024 Revenues Would Have Been Impacted By Recently Announced Tariffs
2025-04-09,FWRG,0.1507,0.002,0.013,-0.0063,0.0666,-0.0894,-0.0933,no news found,0,
2025-04-09,GFS,0.1914,0.0073,0.038,-0.0655,-0.126,-0.0067,-0.1846,no news found,0,
2025-04-09,GLBE,0.2104,-0.0144,-0.0686,-0.0518,-0.1128,0.0405,-0.1887,no news found,0,
2025-04-09,GRAL,0.1641,-0.0178,-0.1083,-0.0865,0.0643,0.4498,-0.2996,no news found,0,
2025-04-09,GTM,0.1552,-0.0216,-0.1391,-0.0841,-0.0666,0.0794,-0.3276,no news found,0,
2025-04-09,GTES,0.153,-0.0154,-0.1008,-0.0424,-0.0613,0.1516,-0.2016,no news found,0,
2025-04-09,HAPN,0.16,-0.0245,-0.1533,-0.0715,-0.0554,0.0685,-0.1753,no news found,0,
2025-04-09,HLNE,0.1613,-0.006,-0.0374,-0.0612,-0.0818,0.1062,-0.0925,analyst,1,"Wells Fargo Maintains Equal-Weight on Hamilton Lane, Lowers Price Target to $147"
2025-04-09,HOOD,0.2353,-0.0135,-0.0572,-0.0403,-0.0367,0.281,-0.0602,government / policy,3,Peering Into Robinhood Markets's Recent Short Interest
2025-04-09,HOS,0.1505,-0.0351,-0.2333,-0.0814,-0.0523,-0.0247,-0.2353,no news found,0,
2025-04-09,HPE,0.159,-0.0115,-0.0725,-0.0526,0.0256,0.1635,-0.1775,no news found,0,
2025-04-09,HUN,0.1636,-0.0106,-0.0645,-0.0574,-0.099,-0.1572,-0.2858,analyst,1,"Wells Fargo Maintains Overweight on Huntsman, Lowers Price Target to $17"
2025-04-09,IBKR,0.1611,-0.0079,-0.0493,-0.0375,-0.075,0.0807,-0.1369,government / policy,1,"Don't Panic, Billionaire Thomas Peterffy Says: Tariffs Present 'Greatest' Buying Opportunity"
2025-04-09,ICHR,0.2537,0.0036,0.0142,-0.1048,-0.1833,-0.2,-0.327,no news found,0,
2025-04-09,INOD,0.1564,-0.0131,-0.0837,-0.0035,-0.0628,0.1078,-0.2338,no news found,0,
2025-04-09,INTC,0.1875,-0.0033,-0.0176,-0.0766,-0.1068,-0.0246,-0.0834,government / policy,2,Trump Threatened TSMC He'd Impose Up To 100% Tariffs If It Didn't Manufacture Chips In US: 'These Chip Companies Are Loaded'
2025-04-09,IONQ,0.2392,0.028,0.1169,-0.0182,-0.0683,0.2074,0.138,no news found,0,
2025-04-09,IPGP,0.1568,-0.0074,-0.0475,-0.0799,-0.0981,0.0219,-0.1548,no news found,0,
2025-04-09,IOT,0.1552,-0.0138,-0.0887,-0.0522,-0.0155,0.1004,-0.0485,no news found,0,
2025-04-09,JOBY,0.1745,0.0028,0.0161,-0.0383,-0.0751,0.0623,-0.1161,no news found,0,
2025-04-09,KLIC,0.1617,0.0096,0.0595,-0.0847,-0.0876,-0.0124,-0.2193,no news found,0,
2025-04-09,KKR,0.1688,-0.018,-0.1064,-0.0777,-0.0761,0.0749,-0.157,analyst,4,'KKR Nears Deal To Buy Karo Healthcare For More Than €2.5 Billion' - Bloomberg News
2025-04-09,KLAC,0.173,0.0089,0.0516,-0.0661,-0.0869,0.0001,-0.0973,no news found,0,
2025-04-09,KN,0.1699,-0.0085,-0.0502,-0.0351,-0.055,0.0855,-0.2077,no news found,0,
2025-04-09,KRUS,0.3162,-0.0232,-0.0732,-0.0671,0.0139,0.1094,-0.2304,earnings,9,"Kura Sushi USA Q2 2025 Adj EPS $(0.14) Misses $(0.13) Estimate, Sales $64.89M Miss $64.91M Estimate"
2025-04-09,KSS,0.2557,-0.008,-0.0313,-0.1185,-0.21,-0.0902,-0.3146,no news found,0,
2025-04-09,LAZ,0.1506,-0.0306,-0.2034,-0.0904,-0.0929,0.1322,-0.2735,analyst,1,"Wells Fargo Maintains Equal-Weight on Lazard, Lowers Price Target to $38"
2025-04-09,LASR,0.1848,-0.0016,-0.0084,-0.0799,-0.0668,0.1284,-0.2756,no news found,0,
2025-04-09,LBRT,0.1662,-0.043,-0.2585,-0.0822,-0.0194,0.0212,-0.3052,no news found,0,
2025-04-09,LEVI,0.2022,0.005,0.0249,-0.0272,-0.0544,0.1528,-0.2349,analyst,3,"Barclays Maintains Overweight on Levi Strauss, Lowers Price Target to $18"
2025-04-09,LEU,0.1605,-0.0043,-0.027,-0.0617,0.0124,0.3747,-0.2503,no news found,0,
2025-04-09,LIF,0.1578,-0.0013,-0.008,-0.0727,-0.0085,0.2344,-0.2233,no news found,0,
2025-04-09,LITE,0.1957,-0.0108,-0.0552,-0.0893,-0.1271,0.0978,-0.1939,no news found,0,
2025-04-09,LMND,0.1871,-0.0084,-0.0447,-0.1244,-0.0973,0.0469,-0.2672,no news found,0,
2025-04-09,LRCX,0.1802,0.0072,0.04,-0.0658,-0.084,0.0532,-0.1787,no news found,0,
2025-04-09,LSCC,0.2273,0.0003,0.0012,-0.0917,-0.1044,0.059,-0.3545,no news found,0,
2025-04-09,LUNR,0.1551,-0.0172,-0.1111,-0.0644,-0.0973,0.1158,0.1196,no news found,0,
2025-04-09,LUV,0.1535,-0.0067,-0.0434,-0.0966,-0.1291,0.0884,-0.1845,no news found,0,
2025-04-09,MANH,0.1554,-0.0085,-0.0546,-0.0518,-0.0311,0.1239,-0.141,no news found,0,
2025-04-09,MBLY,0.1691,-0.0031,-0.0183,-0.1281,-0.1876,0.0357,-0.1268,no news found,0,
2025-04-09,MARA,0.1702,-0.0067,-0.0391,-0.0463,0.0008,0.1608,-0.2102,no news found,0,
2025-04-09,MCHP,0.2705,0.0044,0.0163,-0.1357,-0.1549,0.0944,-0.3235,government / policy,1,"Wall Street Roars As Trump Pauses Tariffs For Non-Retaliator, Hikes China Duties To 125%"
2025-04-09,MDB,0.1748,-0.004,-0.0231,-0.0598,-0.066,0.0462,-0.2547,no news found,0,
2025-04-09,MGM,0.1605,-0.0062,-0.0386,-0.0394,-0.0491,0.0762,-0.1758,earnings,1,BofA Flags Rising Risks For Gaming And Lodging Firms As Valuations Tumble
2025-04-09,MEOH,0.1709,-0.0008,-0.0046,-0.1325,-0.1139,0.0671,-0.2886,no news found,0,
2025-04-09,MKSI,0.2453,0.0146,0.0595,-0.1224,-0.1298,0.056,-0.2549,no news found,0,
2025-04-09,MGNI,0.2044,-0.0122,-0.0598,-0.1015,-0.0867,0.3736,-0.2754,no news found,0,
2025-04-09,M,0.185,-0.021,-0.1135,-0.0358,-0.0725,-0.0072,-0.259,no news found,0,
2025-04-09,MNDY,0.1543,-0.0033,-0.0217,-0.0331,-0.0066,0.1178,-0.1009,no news found,0,
2025-04-09,MOD,0.1635,0.0014,0.0083,-0.0741,-0.0972,0.1153,-0.1031,no news found,0,
2025-04-09,MPWR,0.2343,0.0084,0.0358,-0.1373,-0.0658,0.139,-0.1998,other news,1,Is the Market Bullish or Bearish on Monolithic Power Systems?
2025-04-09,MRVL,0.2183,0.0052,0.0239,-0.1326,-0.1471,-0.0535,-0.255,no news found,0,
2025-04-09,MSTR,0.2476,0.0171,0.069,-0.0826,0.0499,0.3959,-0.0869,crypto,4,"Bitcoin 11% Away From Falling Below Strategy's Average Buying Price, But Michael Saylor's Confidence In Apex Crypto Remains Intact"
2025-04-09,MTDR,0.159,-0.032,-0.2011,-0.1096,-0.0559,0.0039,-0.2198,no news found,0,
2025-04-09,MTSI,0.2162,0.0228,0.1055,-0.0687,-0.0878,0.1226,-0.1317,no news found,0,
2025-04-09,MU,0.1882,0.0101,0.0537,-0.1004,-0.1097,0.0935,-0.2631,other news,1,10 Information Technology Stocks With Whale Alerts In Today's Session
2025-04-09,MUR,0.1812,-0.0311,-0.1717,-0.1386,-0.1118,-0.0776,-0.2227,no news found,0,
2025-04-09,MXL,0.2295,0.012,0.0524,-0.1031,-0.0978,-0.0027,-0.2337,no news found,0,
2025-04-09,NBR,0.1883,-0.0331,-0.176,-0.156,-0.1183,-0.1744,-0.2677,no news found,0,
2025-04-09,NBIS,0.1695,0.0229,0.1353,-0.1032,-0.1014,0.2029,-0.2118,no news found,0,
2025-04-09,NCLH,0.1834,0.0039,0.0211,-0.0924,-0.1251,-0.0277,-0.1721,no news found,0,
2025-04-09,NFE,0.2325,-0.0221,-0.0952,-0.1302,-0.1707,-0.0823,-0.4147,analyst,2,"Citigroup Maintains Buy on New Fortress Energy, Lowers Price Target to $8"
2025-04-09,NET,0.1551,-0.0022,-0.0142,-0.0627,-0.0267,0.1044,-0.1884,no news found,0,
2025-04-09,NOG,0.2013,-0.0206,-0.1024,-0.122,-0.0732,0.0628,-0.2523,no news found,0,
2025-04-09,NVMI,0.15,0.0229,0.1527,-0.0717,-0.0897,-0.026,-0.2122,no news found,0,
2025-04-09,NUTX,0.2219,0.0337,0.1517,0.1056,0.3189,0.1628,0.8526,analyst,2,"Maxim Group Maintains Buy on Nutex Health, Raises Price Target to $100"
2025-04-09,NVDA,0.1872,0.0269,0.1435,-0.0591,-0.086,0.0266,-0.1145,earnings,18,"Trump Unleashes 'Beautiful Clean Coal' Policies As Wall Street Tanks, S&P 500 Hits 1-Year Low"
2025-04-09,NXPI,0.2109,0.0197,0.0932,-0.1091,-0.093,0.0145,-0.251,no news found,0,
2025-04-09,OKLO,0.1903,0.0297,0.1558,-0.0565,-0.1047,0.1192,-0.2057,no news found,0,
2025-04-09,OLN,0.2239,-0.0094,-0.042,-0.1066,-0.0735,-0.0259,-0.2714,analyst,1,"Wells Fargo Maintains Equal-Weight on Olin, Lowers Price Target to $19"
2025-04-09,OLED,0.1742,0.0034,0.0194,-0.1363,-0.0919,0.1353,-0.2855,no news found,0,
2025-04-09,ONON,0.1568,-0.009,-0.0574,-0.0442,-0.0724,0.1046,-0.1386,no news found,0,
2025-04-09,ONTO,0.263,0.0225,0.0857,-0.115,-0.1386,-0.0492,-0.1523,no news found,0,
2025-04-09,ON,0.2269,0.0116,0.051,-0.1102,-0.1263,0.0145,-0.2545,no news found,0,
2025-04-09,OVV,0.1535,-0.0363,-0.2364,-0.118,-0.0799,-0.0179,-0.1929,no news found,0,
2025-04-09,OSW,0.1756,-0.002,-0.0115,-0.0569,-0.0419,0.0684,-0.1329,no news found,0,
2025-04-09,OXM,0.1792,-0.011,-0.0616,-0.0629,-0.2,0.0323,-0.2392,no news found,0,
2025-04-09,P,0.1553,0.0028,0.0183,-0.0622,-0.077,0.0957,-0.2044,no news found,0,
2025-04-09,PENG,0.1824,0.0069,0.0377,-0.0658,-0.0431,0.039,-0.126,no news found,0,
2025-04-09,PENN,0.184,-0.0145,-0.0791,-0.0977,-0.1235,-0.0608,-0.1878,earnings,1,BofA Flags Rising Risks For Gaming And Lodging Firms As Valuations Tumble
2025-04-09,PI,0.235,0.0072,0.0306,-0.1466,-0.1451,0.2664,-0.3389,no news found,0,
2025-04-09,PLTR,0.19,0.0113,0.0592,-0.0372,0.0076,0.295,-0.0094,government / policy,2,Palantir Co-Founder Joe Lonsdale Asks If China Is Dumping Treasuries As Yields Spike: Tesla Director Kimbal Musk Says Beijing Playing 'Fed-Chicken' With Trump Ahead Of $6.5 Trillion Debt Refinancing Deadline
2025-04-09,PRKS,0.1524,-0.0132,-0.0869,-0.0644,-0.0318,0.0331,-0.1845,analyst,1,"UBS Initiates Coverage On United Parks & Resorts with Neutral Rating, Announces Price Target of $49"
2025-04-09,PSIX,0.1973,-0.0187,-0.0949,-0.0558,0.0889,0.2394,-0.3547,no news found,0,
2025-04-09,PTON,0.174,-0.008,-0.046,-0.063,-0.0426,0.109,-0.1289,other news,2,Peloton Appoints Charles Kirol As Chief Operating Officer
2025-04-09,PVH,0.1686,-0.0101,-0.06,-0.0218,-0.0418,0.0688,-0.1026,no news found,0,
2025-04-09,PTEN,0.2013,-0.0403,-0.2002,-0.1478,-0.1113,-0.1098,-0.2999,no news found,0,
2025-04-09,QBTS,0.1576,0.008,0.051,0.0,-0.1056,0.4472,0.1561,no news found,0,
2025-04-09,QCOM,0.1519,0.004,0.0262,-0.064,-0.0547,0.0105,-0.1858,analyst,3,"TD Cowen Maintains Buy on Qualcomm, Lowers Price Target to $160"
2025-04-09,QRVO,0.2224,0.0108,0.0487,-0.1125,-0.0852,0.1652,-0.285,no news found,0,
2025-04-09,RBRK,0.1681,0.0095,0.0563,-0.0541,0.0102,0.2412,-0.0188,no news found,0,
2025-04-09,RDDT,0.2472,-0.0017,-0.0068,-0.0798,-0.1396,-0.0273,-0.2757,analyst,1,"B of A Securities Maintains Neutral on Reddit, Lowers Price Target to $110"
2025-04-09,RCL,0.1627,0.0001,0.0003,-0.0811,-0.085,0.1113,-0.1302,no news found,0,
2025-04-09,RDW,0.2931,0.022,0.0752,-0.0602,-0.014,0.1505,-0.2522,FDA / clinical,4,Redwire Corporation And ispace technologies-U.S. Sign MOU To Jointly Pursue Commercial Lunar Exploration And Science Missions For The NASA Commercial Lunar Payload Services Initiative And Other Customers
2025-04-09,RGTI,0.2163,0.0337,0.1557,0.0032,-0.1214,0.098,-0.041,no news found,0,
2025-04-09,RH,0.2857,-0.0293,-0.1026,-0.1039,-0.1988,0.0238,-0.3522,other news,2,"Live On CNBC, Bryn Talkington Announces Bought RH"
2025-04-09,RMBS,0.219,0.0003,0.0016,-0.1157,-0.1218,-0.0132,-0.1679,no news found,0,
2025-04-09,RKLB,0.1985,0.0186,0.0938,-0.0466,-0.0299,0.1219,-0.0365,analyst,1,"Wells Fargo Maintains Equal-Weight on Rocket Lab USA, Lowers Price Target to $18"
2025-04-09,ROKU,0.159,-0.0074,-0.0468,-0.0719,-0.0855,-0.0391,-0.2088,no news found,0,
2025-04-09,ROOT,0.192,0.0079,0.0409,-0.0788,-0.0057,0.098,-0.2045,no news found,0,
2025-04-09,RUM,0.1751,-0.0029,-0.0165,-0.0754,-0.1318,-0.046,-0.1091,no news found,0,
2025-04-09,RXO,0.1546,-0.0147,-0.095,-0.0582,-0.1359,-0.0341,-0.2669,analyst,1,"Citigroup Maintains Neutral on RXO, Lowers Price Target to $15"
2025-04-09,SAIA,0.1601,-0.0187,-0.1168,-0.0623,-0.1502,-0.2908,-0.1065,analyst,3,"Citigroup Maintains Buy on Saia, Lowers Price Target to $435"
2025-04-09,S,0.1566,0.0184,0.1176,-0.0701,-0.0919,0.0308,-0.1317,no news found,0,
2025-04-09,SEDG,0.1587,-0.0448,-0.2824,-0.193,-0.1296,0.2746,-0.2283,no news found,0,
2025-04-09,SEI,0.1685,-0.033,-0.1957,-0.1196,-0.0648,0.1604,-0.251,no news found,0,
2025-04-09,SEZL,0.2541,-0.0138,-0.0543,-0.0453,0.1203,0.9654,-0.1722,no news found,0,
2025-04-09,SG,0.1692,-0.0021,-0.0122,-0.0356,-0.1297,-0.201,-0.217,no news found,0,
2025-04-09,SHAK,0.1552,-0.0177,-0.1138,-0.0617,-0.0818,0.1792,-0.1255,analyst,1,"Oppenheimer Maintains Outperform on Shake Shack, Lowers Price Target to $125"
2025-04-09,SHC,0.1551,-0.0194,-0.125,-0.0636,-0.0733,0.1687,-0.1388,no news found,0,
2025-04-09,SGML,0.1749,0.0178,0.1016,-0.0767,-0.1012,-0.1372,-0.3133,no news found,0,
2025-04-09,SHOP,0.1856,-0.0222,-0.1195,-0.0741,-0.0814,0.0284,-0.1706,other news,2,Affirm And Shopify Announced The Acceleration Of Their Global Expansion Plans
2025-04-09,SIG,0.1631,-0.0024,-0.0148,-0.0217,-0.0702,0.1023,0.0743,no news found,0,
2025-04-09,SITM,0.2835,0.0219,0.0773,-0.1324,-0.1342,0.2575,-0.2533,no news found,0,
2025-04-09,SLAB,0.1536,0.0056,0.0363,-0.1129,-0.0947,0.1173,-0.304,no news found,0,
2025-04-09,SMCI,0.1577,0.0091,0.058,-0.0825,-0.1313,-0.1253,-0.2236,no news found,0,
2025-04-09,SMR,0.1546,0.0061,0.0395,-0.0753,-0.0971,0.0542,-0.1419,no news found,0,
2025-04-09,SMTC,0.1593,0.0139,0.0874,-0.0994,-0.1331,0.1584,-0.1969,no news found,0,
2025-04-09,SOC,0.1896,-0.0151,-0.0794,-0.1179,-0.0076,0.0612,-0.2794,no news found,0,
2025-04-09,SNAP,0.2199,-0.0083,-0.0377,-0.1122,-0.1224,-0.068,-0.184,analyst,1,"B of A Securities Maintains Neutral on Snap, Lowers Price Target to $10.5"
2025-04-09,SOFI,0.1989,-0.0105,-0.0529,-0.0764,-0.0641,0.1642,-0.1563,no news found,0,
2025-04-09,SM,0.2073,-0.0255,-0.1228,-0.1373,-0.0934,-0.0641,-0.2985,no news found,0,
2025-04-09,SN,0.1997,-0.0109,-0.0545,-0.0754,-0.0646,0.1636,-0.2631,no news found,0,
2025-04-09,SOUN,0.2298,-0.0042,-0.0182,-0.0713,-0.1212,0.1031,-0.1593,no news found,0,
2025-04-09,SPHR,0.1907,-0.0027,-0.0141,-0.0775,-0.1892,0.0197,-0.1779,contract / partnership,1,"Reported Earlier, Google Named Official AI Partner For The Wizard of Oz at Sphere, Bringing Generative AI To The World's Most Immersive Visual Experience"
2025-04-09,ST,0.1806,-0.0196,-0.1086,-0.0694,-0.0821,0.0753,-0.3589,no news found,0,
2025-04-09,STRL,0.1819,-0.021,-0.1155,-0.0158,0.0439,0.3337,-0.0165,no news found,0,
2025-04-09,STLA,0.1863,0.0175,0.094,-0.1195,-0.0879,0.0489,-0.3167,no news found,0,
2025-04-09,STM,0.2148,0.0422,0.1963,-0.1238,-0.0685,0.0722,-0.2843,no news found,0,
2025-04-09,SWKS,0.2249,0.0092,0.0409,-0.1066,-0.0732,0.1165,-0.2789,other news,1,Tech Stocks Rebound As US Treasuries Tumble: What's Driving Markets Wednesday?
2025-04-09,SYNA,0.2176,0.0019,0.0086,-0.0918,-0.0802,0.1441,-0.3195,no news found,0,
2025-04-09,TALO,0.1912,-0.0235,-0.123,-0.0987,-0.0684,0.0539,-0.2432,no news found,0,
2025-04-09,SYF,0.1516,-0.0276,-0.1824,-0.0763,-0.0736,0.1048,-0.1568,no news found,0,
2025-04-09,SYM,0.1957,-0.0056,-0.0286,-0.0636,-0.0529,0.1197,-0.1546,no news found,0,
2025-04-09,TER,0.1689,0.0211,0.1251,-0.09,-0.1043,-0.0327,-0.2194,no news found,0,
2025-04-09,TEM,0.1762,0.0121,0.0686,-0.0799,-0.0669,0.4894,-0.1832,government / policy,1,"Cathie Wood Loads Up On $18.2 Million Worth Of Nvidia Stock, Adds $5.8 Million Worth Of Amazon Shares To Her Shopping Cart Amid Trump Tariff Upheaval"
2025-04-09,TRIP,0.1818,0.0028,0.0155,-0.0928,-0.0666,0.1848,-0.2137,no news found,0,
2025-04-09,TPG,0.156,-0.0247,-0.1581,-0.0452,-0.0517,0.0628,-0.184,analyst,3,"Citigroup Maintains Buy on TPG, Lowers Price Target to $56"
2025-04-09,TRU,0.1693,-0.0172,-0.1015,-0.1024,-0.0893,0.0673,-0.1584,no news found,0,
2025-04-09,TSSI,0.1595,-0.0031,-0.0192,-0.078,-0.0648,-0.0265,-0.2951,no news found,0,
2025-04-09,TSLA,0.2269,0.0128,0.0562,-0.0727,-0.1126,0.0464,-0.0378,earnings,17,"Trump Unleashes 'Beautiful Clean Coal' Policies As Wall Street Tanks, S&P 500 Hits 1-Year Low"
2025-04-09,TTD,0.1955,-0.006,-0.0305,-0.0896,-0.1048,0.1068,-0.2306,analyst,1,"Keybanc Maintains Overweight on Trade Desk, Lowers Price Target to $67"
2025-04-09,TXG,0.2143,-0.028,-0.1307,-0.1119,-0.0738,-0.0046,-0.3395,no news found,0,
2025-04-09,TXN,0.1609,-0.0058,-0.0359,-0.0761,-0.1354,-0.0144,-0.1766,no news found,0,
2025-04-09,UAL,0.2614,0.0016,0.0061,-0.1141,-0.0542,0.1211,-0.2618,government / policy,1,"Wall Street Roars As Trump Pauses Tariffs For Non-Retaliator, Hikes China Duties To 125%"
2025-04-09,URBN,0.1667,-0.0035,-0.0208,-0.0402,-0.0545,0.0267,-0.2027,analyst,2,"Citigroup Maintains Buy on Urban Outfitters, Lowers Price Target to $54"
2025-04-09,UPST,0.202,-0.0148,-0.0731,-0.1064,-0.0862,0.111,-0.2307,no news found,0,
2025-04-09,U,0.1934,0.0012,0.0062,-0.0455,-0.055,0.033,-0.2012,analyst,1,"Wells Fargo Maintains Equal-Weight on Unity Software, Lowers Price Target to $19"
2025-04-09,VAC,0.1654,-0.0069,-0.0419,-0.1088,-0.1128,0.085,-0.2486,no news found,0,
2025-04-09,VET,0.2117,-0.0442,-0.2088,-0.1277,-0.0395,-0.044,-0.2915,no news found,0,
2025-04-09,VIK,0.174,-0.007,-0.0405,-0.0592,-0.0369,0.0451,-0.1156,no news found,0,
2025-04-09,VERA,0.1676,-0.0175,-0.1044,-0.0095,-0.0354,0.0005,-0.335,FDA / clinical,1,"Kidney Disease-Focused Vera Therapeutics Concludes Enrollment In Pivotal Study, Targets 2026 Commercial Launch"
2025-04-09,VFC,0.2753,-0.0134,-0.0487,-0.0792,-0.17,0.0817,-0.438,other news,1,V.F. Corp Shares Halted On Circuit Breaker To The Upside
2025-04-09,VKTX,0.1562,-0.0175,-0.1122,-0.0684,0.0216,0.2056,-0.2466,no news found,0,
2025-04-09,VRT,0.1578,-0.0166,-0.1049,-0.0699,-0.0161,0.3147,-0.243,no news found,0,
2025-04-09,VST,0.1549,0.0015,0.0096,-0.0742,-0.0182,0.194,-0.1049,other news,1,Here's Where Bridgewater Is Placing Its Bets As Ray Dalio Warns Of 'Once-In-A-Lifetime' Breakdown
2025-04-09,VSH,0.2224,-0.0059,-0.0263,-0.1141,-0.1564,-0.0048,-0.3758,no news found,0,
2025-04-09,VSXY,0.1886,-0.0036,-0.0189,-0.1196,-0.2182,-0.012,0.0345,no news found,0,
2025-04-09,WCC,0.1581,-0.0126,-0.0799,-0.0456,-0.0387,0.0579,-0.1578,no news found,0,
2025-04-09,WBD,0.2042,-0.0156,-0.0764,-0.1253,-0.1447,-0.027,-0.2584,government / policy,2,"China May Hit US Where It Hurts Amid Trump's Tariff War — Services Trade In Crosshairs, With Walt Disney, IMAX And Warner Bros. Discovery In Focus"
2025-04-09,WDC,0.1503,-0.0067,-0.0445,-0.0393,-0.0185,0.2204,-0.2452,no news found,0,
2025-04-09,WFRD,0.1726,-0.0283,-0.1639,-0.1264,-0.0359,-0.0038,-0.2505,no news found,0,
2025-04-09,WGO,0.1608,-0.0101,-0.0626,-0.0678,-0.1054,0.0151,-0.1901,no news found,0,
2025-04-09,WEX,0.1726,-0.0198,-0.1149,-0.0652,-0.0785,-0.0476,-0.2585,no news found,0,
2025-04-09,WRBY,0.1584,-0.0105,-0.0664,-0.0823,-0.1373,0.0054,-0.3143,no news found,0,
2025-04-09,WWW,0.2245,-0.0178,-0.0795,-0.0963,-0.1449,0.3233,-0.2545,no news found,0,
2025-04-09,XPRO,0.2185,-0.0246,-0.1126,-0.0855,-0.0107,-0.0285,-0.34,no news found,0,
2025-04-09,XPO,0.1542,-0.0085,-0.0553,-0.0783,-0.1143,0.0616,-0.1465,analyst,3,"Citigroup Maintains Buy on XPO, Lowers Price Target to $113"
2025-04-09,W,0.2287,-0.0311,-0.1359,-0.1136,-0.1524,0.1339,-0.2917,other news,1,"Wayfair Shares Halted On Circuit Breaker To The Upside, Stock Now Up 8.99%"
2025-04-10,USAR,0.152,0.0,0.0,-0.0212,0.6596,0.1331,-0.33,earnings,1,"PriceSmart Posts Better-Than-Expected Earnings, Joins Enact Holdings, DexCom And Other Big Stocks Moving Higher On Thursday"
2025-04-10,VXX,0.1683,0.0634,0.3769,-0.0263,-0.0992,-0.2431,0.2561,no news found,0,
2025-04-11,CERT,0.2284,0.1265,0.5542,0.1154,0.1208,-0.0604,0.0077,FDA / clinical,8,12 Health Care Stocks Moving In Thursday's After-Market Session
2025-04-11,NKTR,0.2378,0.0788,0.3315,-0.0223,0.0133,0.1569,-0.3879,analyst,2,"Jefferies Upgrades Nektar Therapeutics to Buy, Raises Price Target to $2"
2025-04-11,NUTX,0.1506,0.0067,0.0446,-0.0179,0.1003,-0.056,1.512,no news found,0,
2025-04-11,SDGR,0.2742,0.0658,0.24,0.0837,0.0694,-0.0131,-0.1236,FDA / clinical,2,Health Care Technology Stocks Surge After FDA Announces Plans To Phase Out Animal Testing Requirements
2025-04-11,SMMT,0.1533,0.0045,0.0291,0.1244,0.0852,0.0869,0.05,no news found,0,
2025-04-14,BMA,0.154,0.12,0.7792,-0.0259,0.0239,0.022,-0.0749,no news found,0,
2025-04-14,MP,0.2165,0.1107,0.5112,-0.0913,-0.1718,-0.2472,-0.1547,government / policy,4,"Third Harmonic Bio, Apple, Dell And Other Big Stocks Moving Higher In Monday's Pre-Market Session (CORRECTED)"
2025-04-14,PPTA,0.1615,0.0,0.0,-0.0349,-0.0324,-0.1066,0.2022,no news found,0,
2025-04-14,SUPV,0.1787,0.1067,0.5974,-0.0361,0.0348,0.0341,-0.0771,no news found,0,
2025-04-14,USAR,0.414,0.1697,0.4099,0.1506,-0.1277,-0.2468,-0.552,earnings,2,"MP Materials, The Metals Company Shares Are Moving Higher Monday: Here's Why"
2025-04-15,IE,0.2832,0.1386,0.4895,-0.0093,-0.0201,0.0494,-0.206,other news,1,"Netflix, Ericsson, Hewlett Packard Enterprise And Other Big Stocks Moving Higher On Tuesday (CORRECTED)"
2025-04-15,USAR,0.1506,0.2179,1.4463,0.1583,-0.1953,-0.3425,-0.1684,government / policy,2,Why Ericsson Shares Are Trading Higher By Around 7%; Here Are 20 Stocks Moving Premarket
2025-04-16,USAR,0.1583,0.092,0.5811,-0.1003,-0.1552,-0.3959,-0.2207,earnings,1,"Autoliv Posts Better-Than-Expected Earnings, Joins Hertz Global, Perion Network And Other Big Stocks Moving Higher On Wednesday"
2025-04-17,CAPR,0.167,0.0581,0.3478,0.0596,0.1582,-0.1609,-0.2111,other news,1,"uniQure, Hertz Global, Eli Lilly And Other Big Stocks Moving Higher On Thursday"
2025-04-17,CAR,0.1637,0.0201,0.1227,-0.0465,0.109,0.2867,0.1936,other news,2,What's Going On With Avis Budget Group (CAR) Stock?
2025-04-17,HTZ,0.4431,0.3012,0.6798,-0.0498,0.0073,-0.1917,0.5644,FDA / clinical,12,11 Industrials Stocks Moving In Wednesday's After-Market Session
2025-04-17,QURE,0.3845,0.385,1.0014,0.0223,0.0908,0.0538,-0.3312,FDA / clinical,3,FDA Grants Breakthrough Therapy Designation To uniQure's AMT-130 For Treatment Of Huntington's Disease
2025-04-22,BTDR,0.2342,0.0447,0.191,0.049,0.0501,0.662,-0.2408,earnings,1,"Quest Diagnostics Posts Better-Than-Expected Earnings, Joins Pentair, 3M, Danaher And Other Big Stocks Moving Higher On Tuesday"
2025-04-22,CAPR,0.1653,0.0168,0.1015,-0.0533,-0.0958,-0.2073,-0.0731,no news found,0,
2025-04-22,CLSK,0.174,0.0375,0.2154,0.0114,-0.0376,0.106,0.004,no news found,0,
2025-04-23,HCSG,0.2954,0.1796,0.6079,0.1091,0.1657,0.1895,-0.0864,FDA / clinical,5,"Earnings Scheduled For April 23, 2025"
2025-04-23,NVAX,0.1952,0.12,0.6148,-0.0535,-0.1071,-0.0482,-0.1873,FDA / clinical,2,Novavax Believes Its Biologics License Application Is Approvable Based On Conversations With FDA As Of PDUFA Date On Apr. 1 And Through Today
2025-04-23,PEGA,0.2878,0.2864,0.9949,0.0314,0.0398,0.1244,-0.0896,earnings,6,"Pegasystems Q1 2025 Adj. EPS $1.53 Beats $0.49 Estimate, Sales $475.633M Beat $356.613M Estimate"
2025-04-23,SMMT,0.215,0.0951,0.4422,0.1044,-0.2741,-0.2353,0.3219,FDA / clinical,4,Summit Therapeutics' Partner Akeso HARMONi-6/AK112-306 Phase 3 Trial Of Ivonescimab In Combination With Platinum-based Chemotherapy Compared With Tislelizumab Met Its Primary Endpoint Of Progression-Free Survival For Locally Advanced Or Metastatic Squamous Non-small Cell Lung Cancer Irrespective Of PD-L1 Expression
2025-04-24,CSIQ,0.1807,-0.0051,-0.0282,0.2015,0.0183,0.0582,-0.1947,no news found,0,
2025-04-24,NOW,0.1549,0.1078,0.6961,0.0071,0.0207,0.0823,-0.0565,FDA / clinical,30,Vodafone Business And ServiceNow Announce 5-Yr Strategic Collaboration To Launch Next Era Of AI-powered Service Management
2025-04-24,PI,0.1645,0.192,1.1672,0.0196,0.0577,0.2837,-0.1588,earnings,11,"Impinj Q1 Adj. EPS $0.21 Beats $0.08 Estimate, Sales $74.28M Beat $71.73M Estimate"
2025-04-24,UMAC,0.1962,0.0358,0.1827,-0.0426,0.0347,-0.2224,-0.2669,no news found,0,
2025-04-24,USAR,0.216,0.0322,0.1489,-0.0824,-0.2698,-0.3114,0.6215,no news found,0,
2025-04-25,CSIQ,0.2015,-0.0447,-0.2219,-0.1193,-0.1435,-0.1211,-0.0664,earnings,2,"VeriSign Posts Better-Than-Expected Results, Joins Charter Communications, Sensient Technologies, Comfort Systems And Other Big Stocks Moving Higher On Friday"
2025-04-28,CGON,0.2503,0.3858,1.5411,-0.0368,0.0075,-0.0876,-0.1696,FDA / clinical,9,"Reported Saturday, CG Oncology Reports Durability In BOND-003 Cohort C And Encouraging Early Results In Cohort P For Cretostimogene Grenadenorepvec"
2025-04-29,CECO,0.1635,0.1182,0.7229,0.0649,0.1383,0.2637,-0.1899,FDA / clinical,6,CECO Environmental's Earnings Outlook
2025-04-29,HIMS,0.2303,0.3322,1.4421,-0.0554,0.4118,0.5223,-0.0226,FDA / clinical,11,Novo Nordisk And Hims & Hers Health Announced A Long-term Collaboration For A Bundled Offering Of Novo Nordisk's FDA-Approved Wegovy On The Hims & Hers Platform
2025-04-29,KNSA,0.2054,0.0503,0.2449,0.0421,0.041,0.0533,-0.0702,earnings,5,Examining the Future: Kiniksa Pharmaceuticals's Earnings Outlook
2025-04-30,ODD,0.3036,0.0868,0.2858,0.0399,0.0944,0.1771,0.0895,earnings,7,"ODDITY Tech Q1 Adj. EPS $0.69 Beats $0.62 Estimate, Sales $268.08M Beat $260.69M Estimate"
2025-05-01,AAOI,0.1501,0.0469,0.3125,0.017,0.0034,0.0483,-0.1524,no news found,0,
2025-05-01,CNMD,0.1645,0.1198,0.7282,0.0085,0.0097,-0.0078,-0.1732,earnings,9,"Conmed Q1 Adj. EPS $0.85 Beats $0.81 Estimate, Sales $321.30M Beat $313.37M Estimate"
2025-05-01,MYRG,0.2026,0.1421,0.7014,0.0508,0.054,0.0663,0.0751,FDA / clinical,4,"MYR Group Q1 EPS $1.45 Beats $1.17 Estimate, Sales $833.62M Beat $785.93M Estimate"
2025-05-01,TNDM,0.1858,0.1074,0.5783,0.0751,0.1381,-0.008,-0.1004,earnings,9,"Tandem Diabetes Care Q1 GAAP EPS $(1.97), Sales $234.42M Beat $220.20M Estimate"
2025-05-01,TTMI,0.1663,0.22,1.3228,0.0719,0.1195,0.2788,-0.0333,earnings,9,"TTM Technologies Q1 Adj. EPS $0.50 Beats $0.39 Estimate, Sales $648.67M Beat $621.45M Estimate"
2025-05-01,UPBD,0.1905,0.1251,0.657,0.0195,0.013,-0.0321,-0.1639,earnings,5,"Earnings Scheduled For May 1, 2025"
2025-05-02,ADPT,0.337,0.197,0.5847,0.0193,-0.0823,-0.0295,-0.073,earnings,5,"Adaptive Biotechnologies Q1 EPS $(0.20) Beats $(0.31) Estimate, Sales $52.40M Beat $42.68M Estimate"
2025-05-02,AUR,0.1831,0.0327,0.1786,-0.0442,-0.1057,-0.2801,-0.0391,earnings,4,"Cathie Wood Pours $9.8 Million In Robinhood Despite Crypto Revenue Slump, Keeps Dumping Palantir Ahead Of Earnings"
2025-05-02,BTSG,0.1659,0.1374,0.8283,0.0134,0.0934,0.1466,-0.0154,earnings,3,"Earnings Scheduled For May 2, 2025"
2025-05-02,CRWV,0.1636,0.0591,0.3612,-0.0109,-0.0039,1.3308,-0.2777,no news found,0,
2025-05-02,DUOL,0.2161,0.0923,0.4273,0.0159,0.0541,0.0831,0.185,earnings,15,"Duolingo Q1 EPS $0.72 Beats $0.51 Estimate, Sales $230.74M Beat $222.98M Estimate"
2025-05-02,DXCM,0.1617,0.0712,0.4401,-0.0165,0.0374,0.0477,0.0311,earnings,8,"DexCom Q1 Adj. EPS $0.32 Misses $0.33 Estimate, Sales $1.04B Beat $1.02B Estimate"
2025-05-02,IRTC,0.2075,0.1028,0.4953,0.0354,0.0502,0.0727,0.0024,earnings,11,"iRhythm Technologies Q1 Adj. EPS $(0.95) Beats $(0.98) Estimate, Sales $158.68M Beat $153.38M Estimate"
2025-05-02,PRDO,0.2248,0.074,0.3291,0.0003,0.0077,0.1104,-0.0519,earnings,5,"Perdoceo Education Q1 Adj. EPS $0.70 Beats $0.66 Estimate, Sales $213.00M Beat $208.00M Estimate"
2025-05-02,RCAT,0.1726,0.0335,0.1943,-0.0681,-0.0025,0.0866,-0.3167,other news,1,12 Information Technology Stocks Moving In Friday's Intraday Session
2025-05-02,RGTI,0.163,0.0089,0.0544,-0.088,-0.0047,0.1533,0.0766,no news found,0,
2025-05-02,TRUP,0.2349,0.1177,0.5012,-0.0042,-0.0162,0.0384,-0.022,earnings,5,"Trupanion Q1 EPS $(0.03) Beats $(0.05) Estimate, Sales $341.98M Beat $337.82M Estimate"
2025-05-05,BCRX,0.2352,0.0969,0.4119,-0.0689,-0.0626,0.0145,0.2183,earnings,5,"Earnings Scheduled For May 5, 2025"
2025-05-06,AEVA,0.1823,-0.0218,-0.1197,-0.0152,0.4701,1.2291,0.1857,no news found,0,
2025-05-06,AORT,0.1536,0.0501,0.326,0.035,0.0543,0.0452,0.0237,earnings,5,"Artivion Q1 Adj. EPS $0.06 Beats $(0.12) Estimate, Sales $98.98M Beat $94.99M Estimate"
2025-05-06,CGAU,0.156,0.0387,0.248,-0.0268,-0.1188,0.0184,0.155,earnings,2,"Earnings Scheduled For May 6, 2025"
2025-05-06,CRMD,0.2359,0.062,0.2629,0.0466,0.0421,0.1093,0.541,earnings,4,"Earnings Scheduled For May 6, 2025"
2025-05-06,HIMS,0.1812,-0.0848,-0.4677,0.0582,0.2937,0.0837,0.6114,earnings,11,"Hims & Hers Health Q1 EPS $0.20 Beats $0.12 Estimate, Sales $586.01M Beat $538.20M Estimate"
2025-05-06,UPWK,0.1802,0.1036,0.575,0.035,0.1132,-0.0299,0.1222,FDA / clinical,12,"Upwork Q1 Adj. EPS $0.34 Beats $0.26 Estimate, Sales $192.71M Beat $188.32M Estimate"
2025-05-07,ASST,4.5574,1.8361,0.4029,1.2684,0.3864,1.0383,0.258,M&A,12,Trading Halt: Halted at 7:55:00 a.m. ET - Trading Halt: Halt News Pending
2025-05-07,ATRO,0.1663,0.078,0.4691,-0.0202,0.0792,0.1791,0.0828,FDA / clinical,3,"Astronics Q1 Adj. EPS $0.44 Beats $0.28 Estimate, Sales $205.94M Beat $192.53M Estimate"
2025-05-07,BBNX,0.2661,0.0493,0.1854,0.0376,-0.1065,0.3605,0.0872,earnings,3,"Beta Bionics Q1 EPS $(0.93) Misses $(0.46) Estimate, Sales $17.64M Beat $16.15M Estimate"
2025-05-07,CRL,0.1868,0.222,1.1883,0.0321,0.0145,0.0309,-0.1392,earnings,8,"Earnings Scheduled For May 7, 2025"
2025-05-07,ELAN,0.2629,0.1388,0.528,0.0225,0.0724,0.1182,0.0638,earnings,9,"Earnings Scheduled For May 7, 2025"
2025-05-07,EOSE,0.3234,0.0635,0.1963,-0.1004,0.0405,-0.4123,0.4237,FDA / clinical,6,"Eos Energy Enterprises Q1 Adj. EPS $(0.17) Beats $(0.21) Estimate, Sales $10.46M Beat $10.40M Estimate"
2025-05-07,EYE,0.171,0.1215,0.7105,0.0685,0.1935,0.3363,0.1744,earnings,3,"Earnings Scheduled For May 7, 2025"
2025-05-07,HALO,0.1812,0.0726,0.4006,-0.0344,-0.3169,-0.2365,0.0005,earnings,4,"Halozyme Therapeutics Q1 Adj. EPS $1.11 Beats $0.94 Estimate, Sales $264.86M Beat $230.18M Estimate"
2025-05-07,LIVN,0.2372,0.1212,0.5108,0.0131,0.0011,0.031,-0.0068,FDA / clinical,5,"Earnings Scheduled For May 7, 2025"
2025-05-07,LION,0.2003,0.1414,0.7059,-0.0442,-0.1521,-0.1779,0.0462,no news found,0,
2025-05-07,OSCR,0.3022,0.2288,0.757,0.0024,-0.0282,-0.0805,0.0423,earnings,4,"Earnings Scheduled For May 7, 2025"
2025-05-07,PRCH,0.6798,0.2634,0.3875,0.0216,0.0131,-0.1239,0.1261,earnings,11,"Porch Group Q1 EPS $0.08 Beats $(0.12) Estimate, Sales $104.75M Beat $79.44M Estimate"
2025-05-07,SHOO,0.1637,0.051,0.3113,0.0181,0.1173,0.0531,-0.0959,earnings,5,"Earnings Scheduled For May 7, 2025"
2025-05-07,TPB,0.2483,0.1409,0.5674,-0.0659,-0.1191,-0.0775,0.1739,earnings,2,"Earnings Scheduled For May 7, 2025"
2025-05-08,ASST,1.2684,0.6372,0.5023,0.0559,-0.1066,-0.251,6.7788,M&A,7,Why AppLovin Shares Are Trading Higher By 15%; Here Are 20 Stocks Moving Premarket
2025-05-08,BKSY,0.3101,0.0584,0.1882,0.0087,0.0611,0.1266,0.2648,FDA / clinical,4,"Earnings Scheduled For May 8, 2025"
2025-05-08,BTDR,0.193,0.0617,0.3196,0.0428,0.014,0.0332,0.5463,no news found,0,
2025-05-08,CDE,0.2163,0.0959,0.4435,0.1248,0.0632,0.3443,0.1913,earnings,1,"Coeur Mining Q1 Adj. EPS $0.11 Up From $(0.05) YoY, Sales $360.00M Beat $317.76M Estimate"
2025-05-08,DAVE,0.4164,0.2492,0.5984,0.0949,0.2038,0.4506,0.4536,earnings,4,"Earnings Scheduled For May 8, 2025"
2025-05-08,DYN,0.2016,0.0191,0.095,0.0102,0.0394,0.3015,0.3803,earnings,1,Dyne Therapeutics Q1 EPS $(1.05) Misses $(0.88) Estimate
2025-05-08,ECPG,0.2385,0.1832,0.7682,-0.0064,0.0025,-0.0579,0.2134,earnings,1,"Encore Capital Gr Q1 EPS $1.93 Beats $1.21 Estimate, Sales $392.77M Beat $374.49M Estimate"
2025-05-08,FA,0.191,0.0514,0.2692,-0.0095,0.0241,0.0191,0.1489,earnings,3,"Earnings Scheduled For May 8, 2025"
2025-05-08,FSLY,0.2637,0.1227,0.4654,0.0079,0.0551,0.0052,0.206,earnings,6,"Fastly Q1 Adj. EPS $(0.05) Beats $(0.06) Estimate, Sales $144.47M Beat $138.01M Estimate"
2025-05-08,GRPN,0.4258,0.101,0.2372,0.0322,0.0764,0.3606,0.0107,earnings,7,"Groupon Q1 GAAP EPS $0.18 Beats $(0.11) Estimate, Sales $117.19M Beat $115.50M Estimate"
2025-05-08,LEU,0.2201,0.1138,0.5169,0.0581,0.0887,0.6178,0.3075,earnings,2,"Centrus Energy Q1 EPS $1.60 Beats $(0.05) Estimate, Sales $73.10M Beat $68.12M Estimate"
2025-05-08,LZ,0.2359,0.1876,0.7953,0.0078,0.0268,0.0234,-0.0082,FDA / clinical,8,"LegalZoom.com Q1 Adj. EPS $0.13, Inline, Sales $183.11M Beat $177.06M Estimate"
2025-05-08,MGNI,0.1979,0.1265,0.639,0.0141,0.0665,0.182,0.3811,earnings,8,"Magnite Q1 Adj. EPS $0.12 Beats $0.07 Estimate, Sales $155.77M Beat $144.20M Estimate"
2025-05-08,PCT,0.1509,0.0747,0.4949,-0.0344,0.1497,0.3086,0.1409,earnings,1,PureCycle Technologies Q1 Sales $1.58M Miss $3.60M Estimate
2025-05-08,PGY,0.2329,0.0547,0.2347,0.0512,0.0123,0.2624,0.2669,no news found,0,
2025-05-08,PZZA,0.159,0.057,0.3587,-0.0085,0.0377,0.3081,0.0363,earnings,5,"Earnings Scheduled For May 8, 2025"
2025-05-08,QBTS,0.5123,0.2583,0.5042,0.0643,0.0585,0.7869,0.1077,earnings,6,"Earnings Scheduled For May 8, 2025"
2025-05-08,QDEL,0.4104,0.1087,0.2648,-0.0033,-0.0941,-0.1901,-0.0134,earnings,6,"QuidelOrtho Q1 Adj. EPS $0.74 Beats $0.11 Estimate, Sales $692.80M Beat $622.32M Estimate"
2025-05-08,QURE,0.2177,0.0149,0.0685,0.0441,0.0816,0.4098,0.2062,earnings,1,Earnings Outlook For uniQure
2025-05-08,QUBT,0.1921,0.0727,0.3787,0.0178,0.0948,0.6232,0.1401,no news found,0,
2025-05-08,RUN,0.1502,0.1421,0.9459,0.1035,0.5118,0.0012,0.3045,FDA / clinical,7,"Sunrun Q1 EPS $0.20 Beats $(0.25) Estimate, Sales $504.27M Beat $484.06M Estimate"
2025-05-08,SEDG,0.2383,0.0247,0.1037,0.0847,0.1394,-0.0055,0.1926,analyst,1,"UBS Maintains Neutral on SolarEdge Technologies, Lowers Price Target to $17"
2025-05-08,SEZL,0.4214,0.3046,0.7229,0.1616,0.2017,0.7617,0.7341,earnings,8,"Sezzle Q1 Adj. EPS $1.00 Beats $0.20 Estimate, Sales $104.90M Beat $64.75M Estimate, GMV $808.7M"
2025-05-08,TGLS,0.1578,0.0691,0.4381,0.0065,0.0292,0.0782,0.1296,earnings,3,"Earnings Scheduled For May 8, 2025"
2025-05-08,TPC,0.2641,0.2178,0.8248,0.0951,0.2167,0.3588,0.204,FDA / clinical,5,"Tutor Perini Q1 EPS $0.53 Beats $0.10 Estimate, Sales $1.25B Beat $1.06B Estimate"
2025-05-08,VSTS,0.1526,0.011,0.0723,0.0032,-0.0112,0.0032,-0.2785,no news found,0,
2025-05-08,VYX,0.1611,0.0514,0.3191,0.0404,0.0719,0.1171,0.1204,earnings,4,"Earnings Scheduled For May 8, 2025"
2025-05-08,XRAY,0.1631,0.0789,0.4837,-0.0065,0.0365,0.0013,0.0812,earnings,4,"Earnings Scheduled For May 8, 2025"
2025-05-09,ARLO,0.1682,0.0977,0.581,0.0724,0.103,0.395,0.1283,earnings,3,Arlo Technologies Sees Q2 Adj EPS $0.09-$0.15 vs $0.14 Est; Sees Sales $119.000M-$129.000M vs $123.58M Est
2025-05-09,CVSA,0.1758,0.058,0.3299,-0.032,-0.0111,-0.1091,0.0883,no news found,0,
2025-05-09,LASR,0.3554,0.3298,0.9281,0.0694,0.0857,0.5107,0.1284,earnings,6,"nLight Q1 Adj. EPS $(0.04) Beats $(0.19) Estimate, Sales $51.67M Beat $47.56M Estimate"
2025-05-09,LYFT,0.2808,0.1273,0.4534,0.0336,0.0072,-0.0613,0.1464,FDA / clinical,18,Lyft Announces $750M Share Buyback Plan
2025-05-09,OUST,0.2277,0.0867,0.3807,0.08,0.0433,0.4298,0.1673,earnings,8,"Ouster Q1 EPS $(0.42) Beats $(0.60) Estimate, Sales $32.63M Miss $33.57M Estimate"
2025-05-09,PODD,0.2088,0.1402,0.6713,0.0193,0.0453,-0.0161,-0.0292,earnings,7,"Insulet Q1 Adj. EPS $1.02 Beats $0.80 Estimate, Sales $569.00M Beat $543.40M Estimate"
2025-05-09,RUM,0.1954,0.0244,0.125,0.071,0.1258,0.0065,-0.046,earnings,5,Rumble Announces Buccaneers Will Use The Company To Provide The Infrastructure For The Storage Of All The Team's Video Content In Support Of Business And Marketing Strategy
2025-05-09,SEZL,0.1616,-0.0131,-0.0809,-0.0069,0.0768,0.5173,0.9654,government / policy,2,"Dow Surges 250 Points After US Announces First Trade Deal: Investor Sentiment Improves, Fear & Greed Index Remains In 'Greed' Zone"
2025-05-09,TMDX,0.1964,0.2296,1.1694,0.0648,0.0904,0.2502,0.2359,earnings,7,"TransMedics Gr Q1 EPS $0.70 Beats $0.25 Estimate, Sales $143.54M Beat $123.66M Estimate"
2025-05-09,TTD,0.186,0.1644,0.8842,0.1177,0.0742,0.0063,0.1068,earnings,19,"Trade Desk Q1 Adj. EPS $0.33 Beats $0.25 Estimate, Sales $616.02M Beat $584.27M Estimate"
2025-05-09,UI,0.1706,0.039,0.2287,0.05,0.0546,0.006,0.1374,earnings,3,"Ubiquiti Q3 Adj. EPS $3.00 Beats $1.97 Estimate, Sales $664.17M Beat $597.69M Estimate"
2025-05-12,AAOI,0.2434,0.107,0.4398,0.1124,0.0439,-0.0987,0.2517,no news found,0,
2025-05-12,AFRM,0.1579,0.0768,0.4864,0.0037,-0.0378,0.1351,0.1392,earnings,6,"JP Morgan Maintains Overweight on Affirm Holdings, Lowers Price Target to $69"
2025-05-12,AEVA,0.1718,0.0342,0.199,0.0391,0.1957,0.7084,0.4807,contract / partnership,2,"Aeva Receives First Purchase Orders For More Than 1,000 Eve 1 Sensors From Automation Companies"
2025-05-12,ASO,0.1828,0.1198,0.6553,0.0031,-0.027,-0.0386,0.0399,earnings,1,"NRG Energy Posts Upbeat Earnings, Joins Tesla, Apple, Amazon And Other Big Stocks Moving Higher On Monday"
2025-05-12,BLMN,0.2068,0.0631,0.3051,-0.0431,-0.0465,-0.0465,0.0548,earnings,1,"Bloomin' Brands Invests For Longer-Term Growth, Will Do 'Fewer Things Better'"
2025-05-12,CAL,0.1542,0.0987,0.64,0.0065,-0.0178,-0.1716,-0.0713,no news found,0,
2025-05-12,FIVE,0.214,0.1817,0.8492,-0.0174,0.0527,0.1929,0.3801,earnings,1,"NRG Energy Posts Upbeat Earnings, Joins Tesla, Apple, Amazon And Other Big Stocks Moving Higher On Monday"
2025-05-12,FWRD,0.1661,0.098,0.5904,-0.0068,-0.0294,0.0289,0.2261,FDA / clinical,1,12 Industrials Stocks Moving In Friday's After-Market Session
2025-05-12,HELE,0.1884,0.1015,0.5389,-0.0197,-0.0537,-0.0873,-0.2248,earnings,1,"NRG Energy Posts Upbeat Earnings, Joins Tesla, Apple, Amazon And Other Big Stocks Moving Higher On Monday"
2025-05-12,MATX,0.1843,0.1459,0.7915,0.0323,0.0374,0.0008,-0.0526,earnings,1,"NRG Energy Posts Upbeat Earnings, Joins Tesla, Apple, Amazon And Other Big Stocks Moving Higher On Monday"
2025-05-12,NBIS,0.1793,0.1433,0.7988,0.0579,0.1266,0.575,0.3436,no news found,0,
2025-05-12,NKTR,0.2139,0.0531,0.2483,-0.0065,-0.0271,0.0588,0.1797,no news found,0,
2025-05-12,NRG,0.2622,0.1481,0.5649,0.0405,0.0706,-0.0128,0.2897,M&A,14,"Dow Futures Rally Over 400 Points As US, China 'Come To Agreement' In Geneva Trade Talks"
2025-05-12,RH,0.1635,0.1622,0.9924,-0.0016,-0.0979,-0.1622,0.129,earnings,2,11 Consumer Discretionary Stocks Moving In Monday's Pre-Market Session
2025-05-12,RUN,0.1684,0.0661,0.3924,0.0858,0.0301,-0.1916,0.5556,other news,2,"Benzinga Bulls And Bears: IBM, Novavax, Arm Holdings — And UK Trade Deal Boosts Markets"
2025-05-12,SBH,0.2215,0.0942,0.4254,-0.0621,-0.0912,-0.0711,-0.0216,earnings,6,"Earnings Scheduled For May 12, 2025"
2025-05-12,SERV,0.1555,0.1227,0.7888,0.0325,0.2181,0.4037,0.4102,no news found,0,
2025-05-12,SOUN,0.2261,0.0618,0.2734,0.0227,-0.0672,-0.1108,0.0951,earnings,3,"HC Wainwright & Co. Maintains Buy on SoundHound AI, Lowers Price Target to $18"
2025-05-12,SWK,0.1573,0.125,0.7941,0.0177,-0.0264,-0.034,0.0681,FDA / clinical,4,11 Industrials Stocks Moving In Monday's Pre-Market Session
2025-05-12,WRBY,0.1987,0.106,0.5335,-0.0212,-0.0683,0.1748,0.0382,no news found,0,
2025-05-12,W,0.2065,0.1647,0.7976,-0.0139,-0.0228,0.2184,0.2472,earnings,5,"Argus Research Upgrades Wayfair to Buy, Announces $40 Price Target"
2025-05-13,ACHR,0.2291,0.0407,0.1779,0.0609,0.0116,0.0905,0.2916,earnings,9,Archer Aviation Q1 EPS $(0.17) Beats $(0.28) Estimate
2025-05-13,ARRY,0.2061,0.1184,0.5745,0.0073,-0.0703,-0.0582,0.6056,other news,2,First Solar Eyes Best 2-Day Rally Since 2013 After GOP Tax Plan Spares Key Clean Energy Credits
2025-05-13,BKKT,0.4735,0.2617,0.5527,-0.1247,-0.1329,-0.1064,0.1362,earnings,1,"Bakkt Hldgs Q1 EPS $1.13 Up From $(1.86) YoY, Sales $1.07B Up From $854.60M YoY"
2025-05-13,COIN,0.2397,0.1182,0.493,0.0253,0.0174,-0.0242,0.1807,FDA / clinical,14,"Coinbase Global Will Replace Discover Financial Services In The S&P 500 Effective Prior To The Opening Of Trading On Monday, May 19"
2025-05-13,FSLR,0.2266,0.1275,0.5626,0.0072,-0.1272,-0.1239,0.2405,government / policy,7,"Wall Street Climbs As Inflation Cools, Nasdaq 100 Hits 10-Week Highs"
2025-05-13,GRAL,0.1917,0.0072,0.0377,-0.2332,-0.0832,0.0228,0.5473,earnings,2,GRAIL Partners With athenahealth To Offer Healthcare Providers Streamlined Ordering of GRAIL's Galleri Multi-Cancer Early Detection Test
2025-05-13,HIMS,0.1592,0.0143,0.0899,-0.045,-0.0436,-0.1006,1.0275,earnings,1,"Hims & Hers Stock Soars 29% On Strong Q1 Earnings, Subscriber Growth"
2025-05-13,LIF,0.2042,0.0099,0.0485,-0.0226,0.0213,0.0527,0.417,earnings,6,"Life360 Q1 EPS $0.05 Beats $(0.08) Estimate, Sales $103.62M Beat $101.63M Estimate"
2025-05-13,LUNR,0.2242,0.1684,0.7512,0.0172,0.0241,-0.0353,0.2306,earnings,4,"Earnings Scheduled For May 13, 2025"
2025-05-13,SMCI,0.1602,0.028,0.175,0.1571,0.0998,0.1111,0.0112,analyst,3,"Raymond James Initiates Coverage On Super Micro Computer with Outperform Rating, Announces Price Target of $41"
2025-05-13,SMR,0.2164,0.0481,0.2221,0.0601,0.085,0.9224,0.1743,earnings,6,NuScale Power Q1 Sales $13.40M
2025-05-14,ECG,0.1727,0.1532,0.8874,0.0156,-0.0579,0.0023,0.3708,FDA / clinical,6,"Everus Construction Group Q1 EPS $0.72 Beats $0.43 Estimate, Sales $826.63M Beat $676.35M Estimate"
2025-05-14,ECHO,0.1519,-0.0081,-0.0532,0.005,-0.0722,-0.2067,-0.1302,no news found,0,
2025-05-14,EXEL,0.2084,0.1001,0.4805,0.0361,-0.0208,-0.0643,0.0339,FDA / clinical,8,"Exelixis Q1 Adj. EPS $0.62 Beats $0.36 Estimate, Sales $555.45M Beat $498.18M Estimate"
2025-05-14,LQDA,0.1664,0.0025,0.015,0.0349,-0.1067,-0.2252,0.1562,no news found,0,
2025-05-14,NUTX,0.261,0.215,0.8235,0.0942,0.0642,-0.2133,-0.0288,earnings,5,"Nutex Health Q1 EPS $2.56 Misses $3.90 Estimate, Sales $211.79M Beat $134.24M Estimate"
2025-05-14,OKLO,0.1555,0.0787,0.506,0.0108,-0.0054,0.7422,0.4204,earnings,4,Oklo Q1 EPS $(0.07) Up From $(0.34) YoY
2025-05-14,RGTI,0.1799,0.036,0.2,-0.0086,-0.0584,0.0395,0.1134,earnings,7,12 Information Technology Stocks Moving In Tuesday's After-Market Session
2025-05-14,SMCI,0.1571,0.1809,1.1514,-0.0231,-0.0744,-0.0364,0.1742,earnings,13,Forecasting The Future: 18 Analyst Projections For Super Micro Computer
2025-05-15,AEVA,0.1785,-0.0311,-0.1744,0.0828,-0.0546,0.3541,0.8526,earnings,5,"Aeva Technologies Q1 Adj. EPS $(0.45) Beats $(0.48) Estimate, Sales $3.37M Beat $2.33M Estimate"
2025-05-15,ASST,0.4617,-0.0511,-0.1106,-0.115,0.8937,-0.1572,8.0559,M&A,1,"Trump Insiders Want A Piece Of Crypto, SPAC Action: Is A Merger Coming?"
2025-05-15,BOOT,0.1666,0.1582,0.9494,0.0112,0.0297,0.0148,0.4425,earnings,18,Boot Barn Authorized $200M Repurchase Program
2025-05-15,CAPR,0.2464,-0.0267,-0.1085,-0.0126,0.136,0.2322,-0.2189,no news found,0,
2025-05-15,GRAL,0.1855,-0.021,-0.1131,0.0236,-0.0056,0.0595,0.2682,no news found,0,
2025-05-15,IBTA,0.2017,0.0775,0.3843,-0.0538,-0.1185,-0.3084,0.0977,earnings,11,"Ibotta Q1 Adj. EPS $0.36 Beats $0.01 Estimate, Sales $84.57M Beat $82.07M Estimate"
2025-05-15,SEDG,0.1623,-0.0059,-0.0361,0.0566,-0.2829,0.118,0.4135,no news found,0,
2025-05-16,ACAD,0.2648,0.0437,0.1652,-0.0121,-0.0126,-0.0054,0.208,other news,4,"Court Determines ACADIA Pharmaceuticals Demonstrated Evidence That Aurobindo Infringes Claims 4 And 5 Of U.S. Patent No. 11,452,721"
2025-05-16,APLD,0.2218,0.0304,0.1371,-0.0015,0.0776,0.6911,0.3701,other news,2,"Evolv Technologies, Quantum Computing, ACADIA Pharmaceuticals And Other Big Stocks Moving Higher On Friday"
2025-05-16,CRWV,0.2209,0.035,0.1586,0.0783,0.2795,0.9738,0.6148,earnings,11,Nvidia Adds Stake In CoreWeave Of ~24.18M Shares
2025-05-16,QUBT,0.3929,0.1396,0.3554,-0.0808,0.0342,0.6488,0.4415,FDA / clinical,11,"Quantum Computing Q1 EPS $0.11 Beats $(0.07) Estimate, Sales $39.00K Miss $100.00K Estimate"
2025-05-16,SERV,0.1534,0.0479,0.3125,-0.0305,0.0471,0.0609,0.7357,no news found,0,
2025-05-16,TSSI,0.7407,0.4656,0.6286,-0.0959,-0.1464,0.399,0.2546,earnings,9,"TSS Q1 EPS $0.12, Sales $98.96M Up From $15.89M YoY"
2025-05-19,NFE,0.2368,-0.0019,-0.0079,-0.0699,-0.152,-0.3222,-0.5325,other news,1,"CI&T, Novavax, Paramount Group And Other Big Stocks Moving Higher On Monday"
2025-05-19,NVAX,0.1501,0.2036,1.3564,-0.0078,-0.0465,-0.1615,0.1217,FDA / clinical,9,"Novavax Wins Limited FDA Nod For COVID Shot—Cleared Only For Seniors, High-Risk Groups Amid Safety Scrutiny"
2025-05-20,AGYS,0.221,0.0376,0.17,-0.0116,0.0442,0.07,0.225,earnings,6,"Agilysys Q4 Adj. EPS $0.54 Beats $0.29 Estimate, Sales $74.27M Beat $71.42M Estimate"
2025-05-20,ASST,0.1817,0.0473,0.2605,0.0388,-0.0775,-0.3307,11.7061,other news,1,12 Communication Services Stocks Moving In Tuesday's Intraday Session
2025-05-20,AS,0.1905,0.1469,0.7709,-0.0099,0.0096,-0.0316,0.4492,earnings,8,"Earnings Scheduled For May 20, 2025"
2025-05-20,QBTS,0.2593,0.1665,0.6422,-0.0725,0.0598,-0.0513,1.1074,earnings,7,"D-Wave Launches Commercial-Grade Advantage2 Quantum System To Tackle Complex Problems In Optimization, AI And Materials Simulation"
2025-05-20,WRBY,0.1563,-0.0068,-0.0436,-0.0147,-0.0128,0.0501,0.2564,earnings,5,"Warby Parker Shares Halted, News Pending"
2025-05-21,CRWV,0.19,-0.0086,-0.0455,-0.0673,-0.0171,0.7095,1.3433,earnings,7,"Dycom Industries Posts Upbeat Earnings, Joins WeRide, Keysight Technologies And Other Big Stocks Moving Higher On Wednesday"
2025-05-21,DY,0.1576,0.1104,0.7008,0.0004,0.0188,0.044,0.2524,FDA / clinical,7,"Earnings Scheduled For May 21, 2025"
2025-05-22,AAP,0.5704,0.3757,0.6586,-0.0102,-0.0252,0.0563,-0.0438,earnings,13,Advance Auto Parts Gears Up For Q1 Print; Here Are The Recent Forecast Changes From Wall Street's Most Accurate Analysts
2025-05-22,ASST,0.6182,0.158,0.2555,-0.196,-0.4612,-0.6188,13.4865,no news found,0,
2025-05-22,HTZ,0.1616,0.0096,0.0594,-0.0289,-0.0978,-0.1157,-0.2625,no news found,0,
2025-05-22,IONQ,0.3652,0.0083,0.0229,-0.0022,-0.119,-0.1016,0.2515,other news,3,Reported Earlier: 'IonQ Aims To Become The Nvidia Of Quantum Computing. How Its CEO Sees That Happening.' - Barron's
2025-05-22,QBTS,0.2396,0.0013,0.0054,-0.0126,-0.1423,-0.2153,1.1543,other news,1,12 Information Technology Stocks Moving In Thursday's Intraday Session
2025-05-22,RAMP,0.1934,0.1429,0.7385,-0.077,-0.0275,-0.0639,0.0918,earnings,9,"LiveRamp Holdings Q4 Adj. EPS $0.30 Beats $0.28 Estimate, Sales $188.72M Beat $185.39M Estimate"
2025-05-22,RGTI,0.2646,0.0066,0.0248,0.0115,-0.1263,-0.2215,0.2031,other news,2,12 Information Technology Stocks Moving In Thursday's Intraday Session
2025-05-22,SEI,0.1703,0.0285,0.1676,0.0635,0.0783,0.0943,0.1235,analyst,2,"Citigroup Initiates Coverage On Solaris Energy with Buy Rating, Announces Price Target of $32"
2025-05-22,SERV,0.2115,0.0542,0.2562,-0.0249,0.006,-0.1178,0.6271,analyst,1,"Cantor Fitzgerald Initiates Coverage On Serve Robotics with Overweight Rating, Announces Price Target of $17"
2025-05-22,URBN,0.2284,0.1904,0.8339,-0.0127,-0.0452,-0.0863,0.1863,earnings,21,"Urban Outfitters Q1 EPS $1.16 Beats $0.82 Estimate, Sales $1.33B Beat $1.28B Estimate"
2025-05-23,LEU,0.2159,0.1994,0.9235,0.1286,0.0997,0.6964,0.3552,other news,3,Why Intuit Shares Are Trading Higher By Over 8%; Here Are 20 Stocks Moving Premarket
2025-05-23,LTBR,0.4259,0.1323,0.3106,0.075,-0.0651,-0.0375,0.2045,other news,2,Why Intuit Shares Are Trading Higher By Over 8%; Here Are 20 Stocks Moving Premarket
2025-05-23,NNE,0.3007,0.0921,0.3064,-0.027,-0.1375,0.1015,0.1961,FDA / clinical,6,"'Trump to sign orders to boost nuclear power as soon as Friday, sources say'- Reuters"
2025-05-23,OKLO,0.2304,0.1244,0.5399,0.1029,0.0731,0.2423,0.6332,government / policy,11,"'Trump to sign orders to boost nuclear power as soon as Friday, sources say'- Reuters"
2025-05-23,SMR,0.1943,0.1256,0.6463,0.1746,0.0592,0.4299,0.529,FDA / clinical,6,"'Trump to sign orders to boost nuclear power as soon as Friday, sources say'- Reuters"
2025-05-23,UEC,0.25,0.1628,0.6512,0.0202,-0.1178,0.031,-0.0209,government / policy,4,Uranium Stocks Surge: Trump's Nuclear Push Sparks Double-Digit Gains
2025-05-27,CRWV,0.2066,0.0635,0.3075,-0.0631,0.2138,0.2866,1.4733,government / policy,6,"GameStop, IonQ, And CoreWeave Are Among Top 11 Large-Cap Gainers Last Week (May 19-May 23): Are The Others In Your Portfolio?"
2025-05-27,NXH,0.1681,0.0265,0.1579,0.0076,-0.0424,-0.0424,0.378,no news found,0,
2025-05-27,RDW,0.2254,0.0454,0.2014,-0.0276,-0.0684,0.0056,0.1607,other news,4,"Redwire Delivers Onboard Computer For ESA's Comet Interceptor Mission, Marking Milestone In Deep-Space Exploration Technology"
2025-05-27,SBET,4.3318,4.0491,0.9347,-0.1862,0.4036,-0.7131,1.0741,earnings,7,Why E2open Shares Are Trading Higher By 25%; Here Are 20 Stocks Moving Premarket
2025-05-27,SMR,0.1746,0.0043,0.0246,-0.0042,-0.105,0.0884,0.8151,government / policy,3,Uranium Mining Stocks Rally After Trump's Nuclear Revival Order Ignites Industry Optimism
2025-05-27,SOUN,0.1608,0.0564,0.3506,-0.0135,-0.107,-0.1394,0.0063,earnings,4,SoundHound AI (SOUN) Stock Jumps 15%: What's Going On?
2025-05-28,BOX,0.1723,0.1084,0.6292,0.013,0.0456,-0.074,0.0201,earnings,19,"Box Q1 Adj. EPS $0.30 Beats $0.26 Estimate, Sales $276.00M Beat $274.80M Estimate"
2025-05-28,EYPT,0.1812,0.0,0.0,0.0241,0.1648,0.473,-0.1209,other news,1,"Heico, Monro, Abercrombie & Fitch, Joby Aviation And Other Big Stocks Moving Higher On Wednesday"
2025-05-28,JOBY,0.2878,0.1657,0.5758,-0.0384,-0.1117,0.07,0.0667,FDA / clinical,8,Joby Aviation Announces The Closing Of The First $250M Tranche Of A Previously Announced Strategic Investment From Toyota Motor Corp
2025-05-28,MNRO,0.3111,0.3068,0.9861,-0.0522,-0.0297,-0.1566,-0.1171,earnings,7,"Earnings Scheduled For May 28, 2025"
2025-05-29,AI,0.2076,0.1551,0.7469,-0.0435,-0.0885,-0.1281,0.0227,FDA / clinical,23,"C3.ai Q4 Adj. EPS $(0.16) Beats $(0.20) Estimate, Sales $108.70M Beat $107.73M Estimate"
2025-05-29,ELF,0.2358,0.203,0.8608,0.0058,0.0354,0.1296,0.4557,earnings,14,"e.l.f. Beauty Q4 Adj. EPS $0.78 Beats $0.72 Estimate, Sales $332.64M Beat $327.47M Estimate"
2025-05-29,ORIC,0.335,0.2211,0.66,0.0251,0.1493,0.2936,0.0557,FDA / clinical,8,ORIC Pharma Announces Preliminary Efficacy And Safety Data From Ongoing Phase 1b Trial Of Once Daily ORIC-944 In Combination With AR Inhibitors In Patients With mCRPC
2025-05-29,SBET,1.7164,0.0,0.0,-0.0317,-0.4632,-0.8818,8.9251,crypto,1,SharpLink Gaming Stock Soars Over 500% This Week On Ethereum Treasury Move
2025-05-29,VEEV,0.19,0.1454,0.7654,0.0024,0.0391,0.0157,0.0123,earnings,21,"Veeva Sys Q1 Adj. EPS $1.37 Misses $1.74 Estimate, Sales $759.00M Beat $731.91M Estimate"
2025-05-30,TSSI,0.1797,0.0082,0.0455,0.0014,0.374,0.9965,0.7895,earnings,2,"Ulta Beauty Posts Upbeat Results, Joins Unity Software, GATX And Other Big Stocks Moving Higher On Friday"
2025-06-02,APLD,0.4846,0.2108,0.435,0.0108,0.284,-0.0375,0.3109,earnings,8,Applied Digital Discussing Possible Sale Of Cloud Services Business; Cloud Services Business To Be Reported As Discontinued Operations
2025-06-02,CENX,0.213,0.2376,1.1152,0.0335,0.0708,-0.0367,-0.078,other news,2,11 Materials Stocks Moving In Monday's Pre-Market Session
2025-06-02,CLF,0.2316,0.2333,1.0074,0.0529,0.0836,0.1309,-0.3101,government / policy,8,UPDATE: President Donald Trump Says He Would Be Increasing Tariffs On Steel To 50% From 25%; Tariffs To Go Into Effect Next Week
2025-06-02,KYMR,0.4551,0.3495,0.768,0.0104,0.0934,0.0304,-0.1421,FDA / clinical,9,"Kymera Therapeutics To Announce Phase 1 KT-621 Trial Results In Webcast On Monday June 2, 2025 At 8:00 am ET"
2025-06-02,MAZE,0.2088,0.007,0.0335,0.1289,0.0587,-0.0364,-0.0548,no news found,0,
2025-06-02,TEM,0.1502,0.0009,0.006,-0.0238,0.0547,-0.0634,0.0642,other news,3,"Reported Saturday, Tempus Unveils Fuses Program To Transform Precision Medicine With AI-Powered Diagnostic Models And Multimodal Data At Scale"
2025-06-02,VERA,0.6749,0.6749,1.0,-0.0261,-0.3009,-0.2754,-0.2021,FDA / clinical,9,Vera Therapeutics Says Atacicept ORIGIN Phase 3 Trial Meets Primary Endpoint Of Reduction In UPCR For IgAN Treatment; Vera Currently Plans To Submit BLA For Accelerated Approval To FDA In 4Q 2025
2025-06-03,AQN,0.1581,0.0168,0.106,-0.0482,-0.0626,-0.0746,-0.0035,earnings,3,"Algonquin Power Forecasts Adjusted EPS of $0.30-$0.32 For 2025, $0.35-$0.37 For 2026, $0.42–$0.46 For 2027"
2025-06-03,BKKT,0.154,0.0061,0.0393,-0.0202,0.0075,0.3966,0.1583,no news found,0,
2025-06-03,CRWV,0.2519,0.0424,0.1684,0.0839,0.0294,0.0086,1.3308,earnings,7,Applied Digital's Stunning 48% Rally May Put Shorts On The Run
2025-06-03,DG,0.1585,0.1008,0.6358,-0.0071,-0.0118,0.0257,0.0761,earnings,13,Top Wall Street Forecasters Revamp Dollar General Expectations Ahead Of Q1 Earnings
2025-06-03,FERG,0.1723,0.1169,0.6782,0.0227,0.0255,0.0516,0.0466,FDA / clinical,10,"Dollar General, Signet Jewelers And 3 Stocks To Watch Heading Into Tuesday"
2025-06-03,MLTX,0.1795,0.1618,0.9012,0.0515,-0.0511,-0.0142,-0.0274,earnings,10,'Merck Held Talks To Buy Swiss Biotech MoonLake Immunotherapeutics For More Than $3B' - Financial Times
2025-06-03,PPTA,0.1555,-0.0043,-0.0279,-0.0156,-0.0451,-0.2923,0.0324,M&A,1,"Watching Perpetua Resources; Shares See Volume To Upside, Traders Circulate Unconfirmed Rumor That Co Is Seeing Acquisition Interest"
2025-06-03,RUN,0.1597,0.0126,0.0789,-0.0145,0.07,0.0857,-0.0206,FDA / clinical,3,"Signet Posts Upbeat Earnings, Joins Ferguson Enterprises, Dollar General And Other Big Stocks Moving Higher On Tuesday"
2025-06-03,SMMT,0.1633,0.0381,0.2332,-0.0514,0.0708,0.097,-0.3647,no news found,0,
2025-06-03,UMAC,0.192,0.0326,0.1698,0.114,0.3602,0.234,-0.2012,no news found,0,
2025-06-03,VG,0.2108,0.0197,0.0935,0.0446,0.1946,0.0842,0.3369,earnings,1,"Signet Posts Upbeat Earnings, Joins Ferguson Enterprises, Dollar General And Other Big Stocks Moving Higher On Tuesday"
2025-06-04,APLD,0.2927,0.022,0.075,-0.0362,-0.0906,-0.2113,0.9826,earnings,5,"CRWV Stock Hits New All-Time High On $7 Billion APLD Deal: Technical Indicators Flash Bullish Signal, But RSI Warns Caution On CoreWeave"
2025-06-04,GRRR,0.1502,0.0028,0.0187,-0.0653,0.0341,0.0307,0.127,no news found,0,
2025-06-04,GWRE,0.1641,0.1319,0.8036,0.0085,-0.0127,-0.0929,0.037,earnings,24,"Guidewire Software Q3 Adj. EPS $0.88 Beats $0.61 Estimate, Sales $293.51M Miss $332.05M Estimate"
2025-06-04,RCAT,0.1645,0.0418,0.2544,-0.0929,0.0446,-0.1227,0.2509,no news found,0,
2025-06-04,SBET,0.1772,0.0986,0.5567,-0.2818,-0.3738,-0.7861,9.2215,no news found,0,
2025-06-05,AG,0.1552,0.0701,0.4516,-0.0167,-0.0203,0.0333,0.14,earnings,2,Silver Hits 12-Year High: Peter Schiff Says Rally's Just Starting
2025-06-05,ECHO,0.1747,0.0025,0.0141,-0.0815,-0.0502,0.6479,-0.3227,no news found,0,
2025-06-05,GEF,0.1564,0.0966,0.6178,0.0436,0.02,0.0893,0.0257,earnings,2,"Greif Q2 Adj. EPS $1.19 Beats $1.11 Estimate, Sales $1.39B Miss $1.41B Estimate"
2025-06-05,NBIS,0.1754,0.0515,0.2938,0.0428,0.086,0.0333,0.5731,earnings,1,"Greif Posts Upbeat Earnings, Joins Planet Labs PBC, IperionX, Owens & Minor And Other Big Stocks Moving Higher On Thursday"
2025-06-06,CRCL,0.294,0.1581,0.5378,0.0701,0.2401,0.9017,0.0,crypto,5,"Cathie Wood Drops $373 Million On Circle's 168% Rally, Dumps Coinbase And Crypto Holdings — Is Ark Ditching Bitcoin for Stablecoins?"
2025-06-06,FCEL,0.2442,0.05,0.2047,0.1546,-0.068,-0.1808,0.3506,FDA / clinical,8,"Earnings Scheduled For June 6, 2025"
2025-06-06,GRRR,0.1846,0.0115,0.0621,-0.0189,-0.1501,-0.0647,0.2916,other news,1,12 Information Technology Stocks Moving In Friday's Intraday Session
2025-06-06,PRCH,0.164,0.0289,0.1765,0.017,-0.0221,0.1473,-0.1239,no news found,0,
2025-06-06,QUBT,0.1581,0.0279,0.1765,0.0467,0.2175,0.4124,0.6709,analyst,1,"Ascendiant Capital Maintains Buy on Quantum Computing, Raises Price Target to $22"
2025-06-06,TSSI,0.1712,0.0035,0.0207,0.0489,-0.0731,0.3478,1.4374,other news,2,"Quanex Building Products, Manchester United, Byrna Technologies And Other Big Stocks Moving Higher On Friday"
2025-06-06,URGN,0.4339,0.037,0.0852,-0.0475,0.6323,0.8602,-0.4921,no news found,0,
2025-06-09,CRWV,0.1565,0.0545,0.3482,-0.0444,-0.0222,-0.0558,1.5484,earnings,4,Elon Musk-Trump Clash Propelled This Stock To Weekly High: Here's A List Of Other Top Performing Large Cap Gainers (Jun 2-Jun 6)
2025-06-09,FCEL,0.1546,0.0634,0.41,-0.1004,-0.071,-0.2503,0.5442,FDA / clinical,1,12 Industrials Stocks Moving In Monday's Intraday Session
2025-06-09,NVTS,0.1812,0.0307,0.1696,0.1082,-0.0151,-0.1192,2.2526,other news,1,"Warner Bros. Discovery, Metsera, eToro Group And Other Big Stocks Moving Higher On Monday"
2025-06-09,UMAC,0.2372,0.1995,0.8409,-0.0251,0.1176,-0.1176,0.369,other news,1,12 Information Technology Stocks Moving In Monday's Pre-Market Session
2025-06-09,VSAT,0.152,0.0206,0.1357,0.0,0.2337,0.4562,0.0077,other news,1,"Warner Bros. Discovery, Metsera, eToro Group And Other Big Stocks Moving Higher On Monday"
2025-06-10,INSM,0.2865,0.2541,0.8869,0.0775,0.1028,0.063,0.086,FDA / clinical,5,Insmed Announces Topline Results From Phase 2b Study Of Treprostinil Palmitil Inhalation Powder (TPIP) As Once-Daily Therapy In Patients With Pulmonary Arterial Hypertension
2025-06-10,NKTR,0.2912,0.0023,0.0078,-0.1586,-0.2308,1.2115,-0.0046,no news found,0,
2025-06-10,SBET,0.1546,0.1808,1.1692,0.0909,-0.6483,-0.4562,7.2207,no news found,0,
2025-06-11,ASST,0.2383,-0.0113,-0.0472,-0.0561,-0.2152,0.0091,-0.2397,no news found,0,
2025-06-11,DNA,0.1506,0.0506,0.3359,-0.0501,-0.1227,0.0204,0.0229,no news found,0,
2025-06-11,OKLO,0.2948,0.0194,0.0658,-0.0522,-0.0883,-0.1757,0.8211,earnings,5,Oklo Selected To Provide Clean Nuclear Power For Air Force Base In Alaska Under Defense Department Pilot Program
2025-06-11,OUST,0.2701,0.1366,0.5058,-0.0432,-0.001,0.1464,0.3976,earnings,6,Ouster's OS1 Digital Lidar Vetted And Approved By Department Of Defense For Use In Unmanned Aerial Systems
2025-06-11,PLAY,0.1774,0.1152,0.6492,0.0076,0.0525,0.0598,0.1695,earnings,13,"Dave & Buster's Enter Q1 Adj. EPS $0.76 Misses $0.98 Estimate, Sales $567.70M Miss $576.41M Estimate"
2025-06-11,QUBT,0.2538,0.1302,0.513,-0.077,0.0063,-0.0812,0.6626,earnings,6,"SailPoint Posts Upbeat Earnings, Joins Ouster, Dave & Buster's Entertainment And Other Big Stocks Moving Higher On Wednesday"
2025-06-11,SMR,0.2041,0.0321,0.1574,-0.0293,-0.0587,-0.099,0.9421,FDA / clinical,3,"SailPoint Posts Upbeat Earnings, Joins Ouster, Dave & Buster's Entertainment And Other Big Stocks Moving Higher On Wednesday"
2025-06-12,FTRE,0.1547,0.0,0.0,-0.0574,-0.1515,-0.201,0.086,other news,4,"Fortrea Names Anshul Thakral As CEO, Effective August 4, 2025"
2025-06-12,URGN,0.5178,0.0041,0.0079,0.0857,0.3222,0.3078,-0.2801,FDA / clinical,4,Trading Halt: Halted at 11:56:54 a.m. ET - Trading Halt: Halt News Pending
2025-06-12,USAR,0.1671,0.0056,0.0337,-0.0888,-0.1645,-0.1844,0.4068,other news,1,"CureVac, TELUS International, Oracle And Other Big Stocks Moving Higher On Thursday"
2025-06-13,CRCL,0.2536,0.0213,0.084,0.131,0.9725,0.4625,0.2801,other news,1,12 Information Technology Stocks Moving In Friday's Intraday Session
2025-06-13,RUN,0.1806,-0.0295,-0.1634,-0.036,-0.376,0.0705,-0.3331,no news found,0,
2025-06-16,BLMN,0.1613,0.0285,0.1767,-0.0022,-0.0481,0.0,-0.0932,no news found,0,
2025-06-16,ECHO,0.4911,0.4412,0.8984,-0.0291,0.0052,0.1585,-0.2646,no news found,0,
2025-06-16,FCEL,0.1509,0.0166,0.1099,-0.1499,-0.1455,-0.281,0.4889,no news found,0,
2025-06-16,FWRD,0.1623,0.0814,0.5015,-0.026,-0.0477,0.1558,0.0704,FDA / clinical,1,12 Industrials Stocks Moving In Friday's After-Market Session
2025-06-16,QUBT,0.2722,0.0408,0.1498,-0.0674,-0.1741,-0.1329,0.8052,other news,4,"Benzinga Bulls And Bears: Eli Lilly, Okto, McDonalds — And Israel-Iran Conflict Sparks Oil Surge"
2025-06-16,SBET,0.456,0.1813,0.3976,-0.1089,-0.2796,1.7875,2.1327,other news,1,12 Consumer Discretionary Stocks Moving In Monday's Pre-Market Session
2025-06-16,SYM,0.1602,0.035,0.2187,-0.0398,-0.0077,0.6259,0.0382,no news found,0,
2025-06-16,TSSI,0.1746,0.0332,0.19,0.0088,0.3183,0.0241,1.0733,other news,1,"Sage Therapeutics, Roku, EchoStar And Other Big Stocks Moving Higher On Monday"
2025-06-16,UMAC,0.2142,0.0533,0.2486,-0.0848,-0.2018,0.1988,0.542,index inclusion,2,"US Stocks Likely To Rebound After Sharp Decline Amid Israel-Iran Conflict: S&P 500 Historically Moves Higher After Wars, Says Expert"
2025-06-16,URGN,0.192,0.0773,0.4026,-0.0767,-0.0384,0.0,0.2213,index inclusion,2,"US Stocks Likely To Rebound After Sharp Decline Amid Israel-Iran Conflict: S&P 500 Historically Moves Higher After Wars, Says Expert"
2025-06-17,PACS,0.2179,0.0207,0.095,0.0769,0.0364,-0.0032,-0.062,earnings,1,"Jabil Posts Upbeat Earnings, Joins Verve Therapeutics, John Wiley & Sons And Other Big Stocks Moving Higher On Tuesday"
2025-06-17,PCT,0.1896,0.1584,0.8356,-0.0305,-0.0177,0.1686,0.2777,earnings,5,"PureCycle Raises $300M To Support Global Expansion Toward 1B Pounds Capacity, Targets $600M Annual EBITDA By 2030"
2025-06-18,AAOI,0.1782,0.0188,0.1054,0.1861,0.4047,0.4482,-0.1187,other news,1,12 Information Technology Stocks Moving In Wednesday's Intraday Session
2025-06-18,COIN,0.1632,0.0006,0.0036,0.0443,0.2702,0.4216,-0.0384,FDA / clinical,10,Coinbase Eyes SEC Nod For Blockchain-Based Stocks— Legal Head Paul Grewal Says It's A 'Huge Priority'
2025-06-18,CRCL,0.3382,0.0273,0.0807,0.2039,0.0703,0.1212,0.792,earnings,5,"Cathie Wood Splashes $12.7 Million On Chip Giants AMD And Taiwan Semiconductors, Ark Dumps Another $45 Million Worth Of Hot Circle Stock"
2025-06-18,GRAL,0.152,0.0226,0.1487,-0.058,0.0194,-0.2735,0.0999,earnings,2,GRAIL Announces Top-Line Results From Its Galleri PATHFINDER 2 Registrational Study Showing Cancer Detection And A Positive Predictive Value Substantially Higher Than The Previously Published PATHFINDER Study
2025-06-18,OSCR,0.1651,0.0118,0.0714,0.1305,0.0911,-0.285,-0.0382,earnings,2,10 Financials Stocks With Whale Alerts In Today's Session
2025-06-18,SRRK,0.166,0.0754,0.4545,-0.0628,-0.0231,0.1211,0.0328,FDA / clinical,3,Scholar Rock Study Shows New Drug Combo Preserves Muscle During Tirzepatide Weight Loss
2025-06-18,TMC,0.2408,0.1149,0.4771,-0.0281,0.0637,0.1319,0.2225,earnings,3,Why Beyond Air Shares Are Trading Lower By Over 23%; Here Are 20 Stocks Moving Premarket
2025-06-20,AAOI,0.1861,0.0369,0.1984,-0.0375,0.1181,0.2038,0.0427,other news,1,12 Information Technology Stocks Moving In Friday's Intraday Session
2025-06-20,CRCL,0.2039,0.1599,0.7842,0.0964,-0.2491,-0.1006,1.3981,earnings,9,"Seaport Global Initiates Coverage On Circle Internet Group with Buy Rating, Announces Price Target of $235"
2025-06-20,GRRR,0.3413,0.1749,0.5125,-0.1914,-0.113,-0.2917,0.1868,earnings,9,"CORRECTION: Gorilla Tech Gr Q1 Adj. EPS $0.23 Up From $(1.47) YoY, Sales $18.26M Up From $8.74M YoY"
2025-06-20,SLDE,0.1506,0.0,0.0,-0.0409,-0.1137,-0.2102,0.0,no news found,0,
2025-06-23,BKSY,0.1582,0.0197,0.1244,0.0674,0.2495,0.2228,0.2496,no news found,0,
2025-06-23,CRMD,0.2168,0.23,1.061,-0.0507,-0.256,-0.3321,0.1074,earnings,3,CorMedix Announces It Is Updating Its Q2 Net Sales Guidance From $31M To A Range Of $35M To $40M
2025-06-23,WGS,0.1897,-0.02,-0.1054,0.1404,0.1581,0.0149,-0.0115,other news,2,Galatea Bio And GeneDx's Fabric Genomics Collaborate To Enhance Genetic Testing By Incorporating Both Rare Pathogenic Variant Analysis And PRS To Assess Genetic Susceptibility To Common Diseases
2025-06-23,ZETA,0.1855,0.1326,0.7148,-0.0405,-0.0785,-0.0708,0.0791,other news,3,Why Sequans Communications Shares Are Trading Higher By Over 42%; Here Are 20 Stocks Moving Premarket
2025-06-24,AMBA,0.2061,0.0278,0.1351,0.0434,0.0362,0.0929,-0.1833,earnings,4,'Chip Designer Ambarella Explores Potential Sale' - Bloomberg News
2025-06-24,AMLX,0.2769,0.0797,0.2878,-0.0234,0.0,0.3089,-0.0634,FDA / clinical,5,"Guggenheim Initiates Coverage On Amylyx Pharmaceuticals with Buy Rating, Announces Price Target of $17"
2025-06-24,CAPR,0.2044,0.0286,0.1401,0.0865,0.0486,-0.2627,-0.2928,FDA / clinical,4,"Capricor Therapeutics Provides Update On Deramiocel BLA, Says FDA Has Indicated An Advisory Committee Meeting Is Not Required At This Time"
2025-06-24,CAR,0.1691,0.0149,0.0881,0.0225,0.0002,0.2073,0.2484,earnings,1,"Carnival Posts Better-Than-Expected Earnings, Joins Liminatus Pharma, Coinbase Global, Uber And Other Big Stocks Moving Higher On Tuesday"
2025-06-24,LTBR,0.1556,0.0221,0.1421,-0.056,-0.134,-0.054,0.1876,no news found,0,
2025-06-24,NKTR,1.5629,1.0881,0.6962,0.191,0.0057,0.0225,-0.0364,FDA / clinical,13,"Nektar Announces It Will Release Top-Line Data from 16-Week Induction Period In REZOLVE-AD Phase 2b Study of Rezpegaldesleukin On June 24, 2025"
2025-06-24,RUN,0.1538,0.0128,0.0833,0.0111,0.2556,0.4778,-0.07,no news found,0,
2025-06-24,SEDG,0.1787,0.0193,0.108,0.0085,0.1548,0.5357,0.0746,no news found,0,
2025-06-24,SMR,0.1847,0.0597,0.3234,-0.1059,-0.1647,0.1066,0.4415,FDA / clinical,3,New York To Construct First Major US Nuclear Plant In 15 Years Amid Trump's Push To Fast-Track Atomic Energy
2025-06-25,AVAV,0.2155,0.1581,0.7336,0.1593,0.0481,0.1543,0.1432,M&A,10,"AeroVironment Q4 Adj. EPS $1.61 Beats $1.42 Estimate, Sales $275.05M Beat $242.69M Estimate"
2025-06-25,BMBL,0.2514,0.1555,0.6183,-0.0015,0.0169,0.3144,-0.0892,earnings,6,Bumble Says Reducing Size Of Team
2025-06-25,NKTR,0.191,0.0176,0.0921,0.0192,-0.1233,-0.1559,1.4918,earnings,4,12 Health Care Stocks Moving In Tuesday's After-Market Session
2025-06-26,AEVA,0.1505,0.0134,0.0888,0.0855,-0.02,-0.3597,0.8084,no news found,0,
2025-06-26,AVAV,0.1593,0.013,0.0818,0.0209,-0.096,0.0019,0.3189,earnings,1,"H.B. Fuller Posts Better-Than-Expected Earnings, Joins AeroVironment, MillerKnoll And Other Big Stocks Moving Higher On Thursday"
2025-06-26,BKSY,0.1852,0.0417,0.225,-0.0483,0.0488,-0.0342,0.4731,FDA / clinical,3,"Canaccord Genuity Maintains Buy on BlackSky Technology, Raises Price Target to $20"
2025-06-26,CORZ,0.3301,0.0073,0.0222,0.0177,0.1002,-0.1589,0.0904,M&A,6,'CoreWeave in Talks to Buy Core Scientific'- WSJ
2025-06-26,ENVX,0.2076,0.0057,0.0276,-0.0608,0.0817,0.3951,0.0859,FDA / clinical,1,12 Industrials Stocks Moving In Thursday's Intraday Session
2025-06-26,QS,0.3492,0.0035,0.0101,-0.1346,-0.0824,0.5647,0.4211,other news,3,Why QuantumScape (QS) Stock Is Exploding Higher This Week
2025-06-27,NKE,0.1519,0.1159,0.7628,-0.0138,0.0623,0.0999,0.0189,earnings,27,"Nike Q4 EPS $0.14 Beats $0.11 Estimate, Sales $11.100B Beat $10.720B Estimate"
2025-06-30,BBAI,0.1627,0.0753,0.4632,-0.0206,0.1178,-0.025,0.509,earnings,4,BigBear.ai Hldgs Option Alert: Thu $7.5 Calls Sweep (29) near the Ask: 1161 @ $0.3 vs 907 OI; Earnings 7/31 After Close [est] Ref=$6.845
2025-06-30,BUR,0.2199,0.0,0.0,-0.0787,0.0222,-0.0815,-0.1019,other news,1,Burford Capital Issues Update On U.S. Tax Proposal As Litigation Finance Rate Cut To 31.8%
2025-06-30,DNA,0.1892,0.0275,0.1453,0.0098,-0.0107,0.1484,0.3048,other news,1,"Hewlett Packard Enterprise, Magnite, GMS And Other Big Stocks Moving Higher On Monday"
2025-06-30,NFE,0.328,0.2,0.6098,0.0934,0.1446,0.0181,-0.0566,government / policy,3,"Hewlett Packard Enterprise, Magnite, GMS And Other Big Stocks Moving Higher On Monday"
2025-07-01,BMNR,0.357,0.5338,1.495,0.2716,0.4503,-0.2522,3.374,crypto,9,12 Information Technology Stocks Moving In Monday's After-Market Session
2025-07-02,BKKT,0.3241,0.0121,0.0373,-0.0279,0.1176,-0.4686,0.2171,no news found,0,
2025-07-02,BMNR,0.2716,0.1202,0.4428,1.3078,-0.2134,-0.4078,4.9357,crypto,4,12 Information Technology Stocks Moving In Tuesday's After-Market Session
2025-07-02,BTDR,0.1575,0.0186,0.118,0.0528,0.0069,-0.0145,-0.1144,no news found,0,
2025-07-02,GBX,0.2107,0.1435,0.6813,-0.0107,-0.0255,-0.1953,0.0524,FDA / clinical,11,"Greenbrier Companies Q3 EPS $1.86 Beats $0.98 Estimate, Sales $842.70M Beat $785.72M Estimate"
2025-07-02,JKS,0.1572,0.0832,0.5288,0.0336,0.0359,-0.0663,0.2245,other news,1,Solar Stocks Are Climbing Higher Wednesday: What's Going On?
2025-07-02,METC,0.2034,0.009,0.0443,-0.0058,0.3847,0.6944,0.129,other news,2,Ramaco's Brook Mine Project Shows Billion-Dollar Potential For US Rare Earths
2025-07-02,RGTI,0.1545,0.0159,0.1029,0.0283,-0.0038,0.1086,-0.0759,index inclusion,4,"Cantor Fitzgerald Initiates Coverage On Rigetti Computing with Overweight Rating, Announces Price Target of $15"
2025-07-02,SBET,0.2807,0.016,0.0571,0.0572,0.5432,0.5708,-0.8311,crypto,2,'MicroStrategy Of Ethereum' Approach Gains Popularity As BitDigital Raises $163 Million
2025-07-03,BMNR,1.3078,-0.0209,-0.016,-0.2038,-0.6991,-0.7653,6.5478,contract / partnership,7,12 Information Technology Stocks Moving In Wednesday's After-Market Session
2025-07-03,RUN,0.168,0.0195,0.1159,0.0581,-0.0371,-0.0619,0.0857,FDA / clinical,2,"Olo, Tripadvisor, Aebi Schmidt Holding And Other Big Stocks Moving Higher On Thursday"
2025-07-03,SEDG,0.1669,0.0201,0.1206,-0.0403,-0.0697,-0.0723,0.3031,other news,3,Wind And Solar Stocks Are Moving Higher Thursday: What's Going On?
2025-07-03,TRIP,0.1674,0.0594,0.3546,-0.0189,0.0286,-0.0737,0.0677,other news,5,'Starboard Takes More Than 9% Stake in Tripadvisor' - WSJ Excluisve
2025-07-07,ASST,0.6347,0.089,0.1402,0.0215,-0.1117,-0.5401,-0.4483,M&A,5,"Asset Entities Enters Amended Merger Agreement On June 27, 2025; Strive Stockholders To Receive Merger Consideration; Merger End Date Extended To February 6, 2026"
2025-07-07,COGT,0.2335,0.1834,0.7853,0.046,0.1861,0.2888,0.344,FDA / clinical,8,"Cogent Biosciences Announces Topline Results From Part 2 Of The SUMMIT Trial Of Bezuclastinib For Non-advanced Systemic Mastocytosis, Demonstrating Clinically Meaningful And Highly Statistically Significant Improvements Across The Primary And All Key Secondary Endpoints"
2025-07-08,MAZE,0.2426,0.0635,0.2619,0.0013,0.0631,-0.0365,-0.0915,analyst,1,"Wedbush Initiates Coverage On Maze Therapeutics with Outperform Rating, Announces Price Target of $17"
2025-07-08,QS,0.1669,0.0171,0.1026,0.022,0.3264,0.0623,0.7613,other news,1,"Microchip Technology, Tesla, Humacyte And Other Big Stocks Moving Higher On Tuesday"
2025-07-08,SBET,0.2857,0.1358,0.4751,0.0473,0.7784,0.2419,-0.702,crypto,3,"Microchip Technology, Tesla, Humacyte And Other Big Stocks Moving Higher On Tuesday"
2025-07-08,TLRY,0.1726,0.0131,0.0759,0.1437,0.0051,0.0771,0.2968,other news,2,"Marijuana Stock Movers For July 7, 2025"
2025-07-09,AES,0.1981,0.1529,0.7718,-0.0642,-0.0177,-0.0185,0.0166,M&A,6,'Power Firm AES Explores Options Amid Takeover Interest'- Bloomberg
2025-07-09,BE,0.1815,0.0733,0.4036,-0.0996,-0.14,0.3535,0.1157,FDA / clinical,8,"JP Morgan Upgrades Bloom Energy to Overweight, Raises Price Target to $33"
2025-07-09,DNTH,0.1556,0.0088,0.0563,-0.0228,-0.0593,-0.0332,-0.0318,no news found,0,
2025-07-09,POET,0.1833,0.0281,0.1534,0.1492,0.0967,-0.1115,0.2303,other news,1,POET Technologies Stock Is On the Rise: What's Behind the Move?
2025-07-09,PTC,0.1765,0.0021,0.0117,-0.0755,-0.0774,0.0249,0.0503,no news found,0,
2025-07-09,RYTM,0.3663,0.1782,0.4866,0.0004,0.0274,0.0113,-0.0436,FDA / clinical,6,Rhythm Pharmaceuticals To Reveal Topline Results from Phase 2 Trial Evaluating Oral MC4R Agonist Bivamelagon in Acquired Hypothalamic Obesity
2025-07-09,XIFR,0.1651,0.0428,0.259,-0.0398,-0.0928,-0.0856,-0.055,analyst,1,"Jefferies Maintains Buy on XPLR Infr, Raises Price Target to $16"
2025-07-10,METC,0.3094,0.1441,0.4656,-0.0006,0.3626,0.3031,0.2637,earnings,1,"AZZ Posts Better-Than-Expected Earnings, Joins MP Materials, WK Kellogg And Other Big Stocks Moving Higher On Thursday"
2025-07-10,MP,0.5062,0.6017,1.1888,-0.0027,0.3323,0.5713,0.0845,earnings,7,MP Materials Strikes $Billion Deal With Pentagon to Build US Rare Earth Magnet Supply Chain
2025-07-10,UUUU,0.1646,0.0823,0.5,0.0138,0.4071,0.4747,-0.0106,earnings,1,"AZZ Posts Better-Than-Expected Earnings, Joins MP Materials, WK Kellogg And Other Big Stocks Moving Higher On Thursday"
2025-07-11,ATRO,0.1614,0.0566,0.351,-0.009,-0.0428,-0.155,-0.0581,analyst,1,"Truist Securities Upgrades Astronics to Buy, Raises Price Target to $49"
2025-07-11,LION,0.1986,-0.0137,-0.069,-0.0257,-0.0843,-0.0957,-0.1244,other news,1,"Lionsgate Studios Shares Halted On Circuit Breaker To The Upside, Stock Now Up 8.56%"
2025-07-11,NFE,0.179,-0.0256,-0.1429,-0.0627,0.1012,-0.3446,0.1355,no news found,0,
2025-07-11,NEXT,0.1694,0.0228,0.1346,0.0418,0.1142,-0.0399,0.1004,analyst,1,"Morgan Stanley Maintains Overweight on NextDecade, Raises Price Target to $15"
2025-07-11,RCAT,0.264,0.1947,0.7374,0.2054,0.3151,0.0887,-0.2107,earnings,9,"Secretary of Defense Pete Hegseth Signs Memo, Announces Efforts To Boost Drone Industry"
2025-07-11,SBET,0.1715,0.0839,0.489,0.103,0.3386,0.1048,-0.4562,crypto,3,"SharpLink Gaming Completes Purchase Of 10,000 ETH From Ethereum Foundation"
2025-07-11,UMAC,0.3947,0.1346,0.3411,-0.0429,-0.1031,-0.1675,-0.0291,contract / partnership,3,12 Information Technology Stocks Moving In Thursday's After-Market Session
2025-07-14,LTBR,0.1646,-0.0025,-0.0152,-0.0409,-0.0516,-0.0316,-0.1606,no news found,0,
2025-07-14,METC,0.1504,0.086,0.572,0.1475,0.0915,0.2286,0.6488,no news found,0,
2025-07-14,NBIS,0.1727,0.1045,0.6052,0.0304,0.0081,0.3521,-0.124,analyst,5,"CoreWeave, Mobileye And First Solar Are Among Top 10 Large Cap Losers Last Week (July 7-July 11): Are The Others In Your Portfolio?"
2025-07-14,RCAT,0.2054,0.014,0.0682,-0.0058,-0.0886,-0.0934,0.0166,government / policy,4,"Benzinga Bulls And Bears: Nvidia, Tesla, Carvana — And Trump Amps Up Tariff Talk"
2025-07-15,MP,0.1999,0.1129,0.5649,0.0057,0.0319,0.2874,0.6616,government / policy,8,Apple Announces $500M Commitment With MP Materials; Co. Commits To Buying American-Made Rare Earth Magnets Developed At MP Materials' Fort Worth Facility
2025-07-15,SBET,0.2131,0.0595,0.279,0.2903,-0.0542,-0.2244,-0.2659,other news,3,12 Consumer Discretionary Stocks Moving In Monday's After-Market Session
2025-07-15,USAR,0.3114,0.0717,0.2304,-0.0824,-0.1628,0.2252,-0.1844,government / policy,4,"MP Materials, CoreWeave, Trade Desk And Other Big Stocks Moving Higher On Tuesday"
2025-07-16,BKKT,0.201,0.0298,0.148,0.1272,0.1557,-0.5432,0.4468,no news found,0,
2025-07-16,CRCL,0.1939,0.0395,0.2039,0.0081,-0.132,-0.3432,0.4625,government / policy,5,Circle CEO: Stablecoins Are Going Mainstream — Fast
2025-07-16,GLXY,0.1678,0.0144,0.0857,0.069,0.2738,0.1634,0.1072,crypto,3,"Backed By Galaxy Digital And Antalpha, Function Launches FBTC With $1.5B In TVL To Transform Bitcoin Into A Productive Financial Asset"
2025-07-16,IMNM,0.1512,0.0202,0.1339,0.0807,0.1841,0.0352,-0.087,no news found,0,
2025-07-16,JOBY,0.1706,0.0713,0.4181,0.0851,0.0772,0.0894,0.6221,FDA / clinical,3,Joby Aviation Stock Soars 169% In 3 Months: What's Driving The Surge?
2025-07-16,RGTI,0.3019,0.0849,0.2813,0.035,-0.0254,0.0411,0.1158,earnings,6,"Rigetti Unveils Industry's Largest Multi-Chip Quantum Computer, Cuts Two-Qubit Gate Error Rate By Half Ahead Of 100+ Qubit Launch"
2025-07-16,SBET,0.2903,0.1667,0.5743,-0.0262,-0.3095,-0.3708,2.1455,crypto,4,Why Data Storage Shares Are Trading Higher By 35%; Here Are 20 Stocks Moving Premarket
2025-07-16,SMMT,0.1605,0.0263,0.1637,-0.0226,-0.0092,-0.0495,0.2315,other news,2,"Johnson & Johnson Raises FY25 Forecast, Joins Rigetti Computing, Unity Software, Brighthouse Financial And Other Big Stocks Moving Higher On Wednesday"
2025-07-17,ASPI,0.1812,0.0441,0.2432,0.087,0.001,0.0953,0.0342,no news found,0,
2025-07-17,BBAI,0.1545,0.0225,0.1455,-0.0328,-0.0511,-0.2895,0.7198,other news,1,"AAR, Lucid Group, Monarch Casino & Resort And Other Big Stocks Moving Higher On Thursday"
2025-07-17,LCID,0.3624,0.31,0.8554,-0.0256,-0.0417,-0.2788,0.0651,earnings,9,"Lucid, Nuro And Uber Announce Global Robotaxi Program Created For The Uber Ride-Hailing Platform"
2025-07-17,PGY,0.2537,0.105,0.4137,0.0549,0.0915,0.1363,0.2603,earnings,3,Pagaya Sees Prelim. Q2 Revenue ~$326M vs Guidance Of $290M-$310M
2025-07-17,QS,0.1982,0.0088,0.0444,0.0765,-0.0713,-0.3316,1.5335,other news,2,"AAR, Lucid Group, Monarch Casino & Resort And Other Big Stocks Moving Higher On Thursday"
2025-07-17,SOC,0.2841,0.01,0.0351,0.1182,0.0113,0.0508,-0.0417,other news,1,'Environmental Defense Center et al vs California Dept of Forestry and Fire Protection'
2025-07-17,SRPT,0.1953,0.2263,1.1588,-0.3594,-0.4137,-0.076,-0.1223,FDA / clinical,14,"Sarepta Announces Strategic Restructuring With 36% Workforce Reduction And $400M In Annual Cost Savings, Refocuses Pipeline On siRNA Assets; Reports $513M In Q2 Revenue And Resolving FDA Issues For ELEVIDYS"
2025-07-18,CRSP,0.1822,0.075,0.4114,0.0031,-0.0057,-0.0829,0.2755,earnings,1,"Independent Bank Posts Upbeat Earnings, Joins Blaize Holdings, Interactive Brokers Group And Other Big Stocks Moving Higher On Friday"
2025-07-18,IVZ,0.1532,0.0356,0.2323,0.0141,0.0947,0.0706,0.1894,earnings,2,"Independent Bank Posts Upbeat Earnings, Joins Blaize Holdings, Interactive Brokers Group And Other Big Stocks Moving Higher On Friday"
2025-07-18,TLN,0.2448,0.1742,0.7117,-0.0563,0.0547,0.1497,-0.0765,M&A,9,Talen Energy Corporation Signs Definitive Agreements To Acquire Caithness Energy's Moxie Freedom Energy Center In Pennsylvania And Caithness Energy Blackrock's Guernsey Power Station In Ohio; The Net Acquisition Price Is $3.5B
2025-07-21,ALAB,0.1935,0.0847,0.4378,-0.0409,0.0177,0.5295,0.0261,other news,2,"Galaxy Digital, Blaize Holdings, Verizon And Other Big Stocks Moving Higher On Monday"
2025-07-21,BYND,0.1714,-0.0014,-0.0083,0.0293,-0.1732,-0.3829,0.0324,no news found,0,
2025-07-21,NVTS,0.2474,0.1016,0.4107,0.0177,0.0106,-0.2007,-0.03,other news,2,"Galaxy Digital, Blaize Holdings, Verizon And Other Big Stocks Moving Higher On Monday"
2025-07-21,NXH,0.2249,0.0395,0.1759,-0.0194,-0.0498,-0.1577,0.4367,no news found,0,
2025-07-22,AEHR,0.2219,0.1702,0.7671,0.1035,-0.0657,-0.1249,0.4753,contract / partnership,4,"Aehr Lands Big AI Chip Test Orders From Top Hyperscaler, Boosting US Tech Manufacturing"
2025-07-22,DHI,0.1698,0.1021,0.6015,-0.0348,-0.0401,0.098,0.0565,earnings,7,"Earnings Scheduled For July 22, 2025"
2025-07-22,DNA,0.1793,0.0018,0.0099,0.0592,-0.0322,-0.1056,0.3209,no news found,0,
2025-07-22,ICLR,0.1566,0.0743,0.4742,0.0396,0.1468,0.1123,-0.0468,earnings,2,"D.R. Horton, IQVIA Holdings, Northrop Grumman And Other Big Stocks Moving Higher On Tuesday"
2025-07-22,IQV,0.1788,0.0778,0.4353,0.0366,0.0383,0.0265,0.0273,earnings,8,"Earnings Scheduled For July 22, 2025"
2025-07-22,KSS,0.3755,0.8954,2.3846,-0.1419,-0.1846,-0.0478,0.2664,earnings,7,Watching Kohl's Corp.; Shares Spiking Higher On Social Media Mentions Of The Stock
2025-07-22,LGIH,0.158,0.0364,0.2305,0.0154,-0.0365,0.1254,0.063,no news found,0,
2025-07-22,MEDP,0.5467,0.4426,0.8097,-0.0844,-0.0624,-0.0326,-0.0016,earnings,15,"Medpace Hldgs Q2 EPS $3.10 Beats $2.97 Estimate, Sales $603.30M Beat $537.97M Estimate"
2025-07-22,PVLA,0.1613,0.0003,0.002,0.0675,0.08,0.3472,0.4059,no news found,0,
2025-07-22,TLRY,0.1669,0.0393,0.2358,-0.0634,-0.2659,0.3488,0.8708,other news,1,"'US Senate Confirms Terrance Cole as DEA Administrator, Says Cannabis Rescheduling Will Be ""One of My First Priorities""'- The Marijuana Herald"
2025-07-23,ASST,0.1578,0.0232,0.1471,-0.1263,-0.3226,-0.1984,-0.131,no news found,0,
2025-07-23,HIMS,0.1602,-0.0002,-0.0012,-0.0121,0.1294,-0.2523,0.1913,no news found,0,
2025-07-23,LBRT,0.1783,0.0883,0.4949,-0.0216,-0.0749,-0.1961,-0.0639,earnings,3,Oklo And Liberty Energy Launch Alliance To Offer Integrated Deployment Strategy
2025-07-23,LUNR,0.1853,0.0124,0.067,-0.0434,-0.1361,-0.353,0.128,FDA / clinical,2,10 Industrials Stocks Whale Activity In Today's Session
2025-07-23,LW,0.1629,0.1401,0.8601,0.0249,0.0265,-0.0287,-0.0909,earnings,7,"Earnings Scheduled For July 23, 2025"
2025-07-23,PRG,0.1663,0.1831,1.1009,-0.0223,-0.0285,-0.0162,0.0197,earnings,7,Preview: PROG Holdings's Earnings
2025-07-23,QBTS,0.1541,0.0404,0.262,-0.0266,-0.1596,-0.2581,0.1774,analyst,5,"Canaccord Genuity Initiates Coverage On D-Wave Quantum with Buy Rating, Announces Price Target of $20"
2025-07-23,VICR,0.1655,0.3861,2.3329,-0.105,-0.1304,-0.1175,0.0313,FDA / clinical,8,"Vicor Q2 EPS $0.91 Beats $0.18 Estimate, Sales $141.046M Beat $96.433M Estimate"
2025-07-24,BE,0.2295,0.1324,0.577,0.0387,0.131,0.356,0.1717,FDA / clinical,5,Bloom Energy To Deploy Its Fuel Cell Technology To Select Oracle Cloud Infrastructure Data Centers In The US
2025-07-24,ICLR,0.1615,0.2034,1.2592,-0.041,-0.1324,-0.099,0.1303,earnings,9,"Icon Q2 Adj. EPS $3.26 Beats $3.20 Estimate, Sales $2.02B Beat $1.97B Estimate"
2025-07-24,SEI,0.1504,0.1542,1.0252,-0.0395,-0.0344,-0.1702,0.0379,earnings,2,"Solaris Energy Q2 Adj. EPS $0.34 Beats $0.18 Estimate, Sales $149.33M Beat $123.43M Estimate"
2025-07-24,TREE,0.2263,0.0894,0.395,-0.0254,-0.0727,0.2545,0.1225,earnings,3,"LendingTree Sees Q2 Revenue $250M, Up From Prior Expectations Of $241M-$248M; Sees Q3 Revenue $273M-$281M; Sees FY25 Revenue $1B-$1.05B"
2025-07-24,WST,0.2279,0.24,1.0533,-0.0559,-0.142,-0.1299,0.0208,earnings,9,"Earnings Scheduled For July 24, 2025"
2025-07-25,BELFB,0.1637,0.0458,0.2799,0.0577,0.0639,0.1065,0.1253,earnings,4,"Bel Fuse Q2 Adj. EPS $1.67 Beats $1.30 Estimate, Sales $168.30M Beat $147.75M Estimate"
2025-07-25,COUR,0.3623,0.272,0.7508,0.0113,-0.0162,-0.08,0.067,earnings,20,"Coursera Q2 Adj. EPS $0.12 Beats $0.09 Estimate, Sales $187.100M Beat $180.482M Estimate"
2025-07-25,FIX,0.2237,0.1821,0.8139,0.0061,0.0095,0.0018,0.1088,FDA / clinical,8,"Comfort Systems USA Q2 EPS $6.53 Beats $4.78 Estimate, Sales $2.173B Beat $1.970B Estimate"
2025-07-25,GNTX,0.1621,0.1673,1.032,0.0182,-0.0417,0.0268,0.0972,M&A,8,"Earnings Scheduled For July 25, 2025"
2025-07-25,VSTM,0.1607,0.0019,0.0118,-0.0195,-0.0098,0.4788,0.2302,no news found,0,
2025-07-28,CELC,1.6718,2.3377,1.3983,0.0465,0.1723,0.3387,0.1465,FDA / clinical,15,Celcuity To Announce Topline Results For PIK3CA Wild-Type Cohort From Phase 3 VIKTORIA-1 Trial In HR+/HER2- Advanced Breast Cancer
2025-07-28,SRPT,0.1618,-0.0184,-0.114,0.1421,0.2338,0.303,-0.3076,FDA / clinical,6,FDA Investigating Death of 8-Year-Old Boy Who Received Elevidys
2025-07-29,AMKR,0.1813,0.1552,0.8556,-0.0455,-0.116,-0.0286,0.0038,earnings,12,"Amkor Tech Q2 EPS $0.22 Beats $0.16 Estimate, Sales $1.51B Beat $1.42B Estimate"
2025-07-29,CECO,0.1625,0.1207,0.7429,0.0788,0.1301,0.1918,0.1726,FDA / clinical,5,"Earnings Scheduled For July 29, 2025"
2025-07-29,CLS,0.1651,0.0757,0.4586,0.002,-0.0272,-0.0167,0.1356,earnings,9,"Celestica Q2 Adj. EPS $1.39 Beats $1.22 Estimate, Sales $2.893B Beat $2.652B Estimate"
2025-07-29,CVLT,0.1826,0.0835,0.4571,0.0005,-0.0518,-0.0807,-0.0625,earnings,7,"Earnings Scheduled For July 29, 2025"
2025-07-29,PII,0.1682,0.1348,0.801,-0.0829,-0.0845,-0.0288,0.2088,earnings,9,"Earnings Scheduled For July 29, 2025"
2025-07-29,SANM,0.2279,0.0677,0.2969,-0.0402,-0.0307,-0.0459,0.0028,earnings,5,"Sanmina Q3 Adj. EPS $1.53 Beats $1.42 Estimate, Sales $2.042B Beat $1.983B Estimate"
2025-07-29,XPRO,0.3211,0.2222,0.692,-0.0849,-0.0892,0.0235,0.0651,earnings,5,A Look at Expro Gr Hldgs's Upcoming Earnings Report
2025-07-30,BHVN,0.2159,0.0483,0.2238,-0.0321,-0.0346,0.0,-0.0907,other news,2,"Teradyne, Littelfuse, Marvell Technology, Cheesecake Factory And Other Big Stocks Moving Higher On Wednesday"
2025-07-30,CAPR,0.2136,0.1766,0.8264,0.0,-0.0538,-0.2359,-0.3212,FDA / clinical,4,Why LendingClub Shares Are Trading Higher By Around 23%; Here Are 20 Stocks Moving Premarket
2025-07-30,FSS,0.1821,0.1205,0.6621,0.0212,0.0114,0.0323,-0.0147,earnings,4,"Earnings Scheduled For July 30, 2025"
2025-07-30,FTAI,0.2657,0.1079,0.4059,-0.0475,-0.0473,0.0399,-0.0079,FDA / clinical,7,"FTAI Aviation Q2 EPS $1.57 Misses $1.62 Estimate, Sales $676.237M Beat $533.522M Estimate"
2025-07-30,FUBO,0.1751,0.1257,0.7177,-0.0433,-0.101,-0.1803,-0.0829,earnings,6,"Needham Maintains Buy on FuboTV, Raises Price Target to $4.25"
2025-07-30,GNRC,0.1961,0.0904,0.4609,0.0756,0.0713,0.0331,0.0566,earnings,5,"Earnings Scheduled For July 30, 2025"
2025-07-30,HAPN,0.2121,0.2738,1.2914,-0.0189,-0.0126,0.0579,0.0898,no news found,0,
2025-07-30,PTON,0.1877,0.1028,0.5474,-0.0272,-0.0368,0.0463,-0.1095,analyst,6,"UBS Upgrades Peloton Interactive to Buy, Raises Price Target to $11"
2025-07-30,REZI,0.1616,0.0222,0.1377,-0.0428,0.0005,0.2167,0.1134,earnings,3,"Resideo Announces Plan To Spin Off ADI Business In Tax-Free Transaction, Creating Two Independent Public Companies By H2 2026"
2025-07-30,TER,0.1889,0.1677,0.888,-0.002,-0.0257,0.0868,0.0069,earnings,6,"Teradyne Q2 Adj. EPS $0.57 Beats $0.54 Estimate, Sales $651.797M Beat $647.908M Estimate"
2025-07-30,WING,0.2686,0.278,1.0351,0.0246,-0.0878,-0.0777,-0.1379,earnings,8,Insights Ahead: Wingstop's Quarterly Earnings
2025-07-31,ALNY,0.1543,0.03,0.1945,0.0244,0.1093,0.1532,0.0551,earnings,7,"Earnings Scheduled For July 31, 2025"
2025-07-31,AMSC,0.2938,0.0878,0.299,-0.0545,-0.0449,-0.0529,0.2212,FDA / clinical,6,"American Superconductor Q1 Adj. EPS $0.29 Beats $0.12 Estimate, Sales $72.358M Beat $64.967M Estimate"
2025-07-31,APLD,0.3101,0.2532,0.8167,-0.0472,0.0837,0.2633,0.0277,earnings,13,"Applied Digital Q4 Adj. EPS $(0.03) Beats $(0.15) Estimate, Sales $38.013M Miss $40.843M Estimate"
2025-07-31,CGNX,0.2076,0.141,0.6791,-0.0072,0.0146,0.0821,0.0532,earnings,7,"Cognex Q2 Adj. EPS $0.25 Beats $0.23 Estimate, Sales $249.093M Beat $247.066M Estimate"
2025-07-31,CHRW,0.1809,0.1312,0.7252,-0.0127,0.0217,0.1211,-0.0066,FDA / clinical,9,"C.H. Robinson Worldwide Q2 Adj. EPS $1.29 Beats $1.18 Estimate, Sales $4.14B Miss $4.17B Estimate"
2025-07-31,CVNA,0.1695,0.1698,1.0018,-0.0573,-0.083,-0.0327,-0.0137,earnings,19,"Carvana Q2 EPS $1.28 Beats $0.97 Estimate, Sales $4.84B Beat $4.53B Estimate"
2025-07-31,EBAY,0.183,0.1373,0.7502,-0.0001,0.0138,0.0115,0.0191,earnings,19,"eBay Q2 Adj. EPS $1.37 Beats $1.30 Estimate, Sales $2.730B Beat $2.641B Estimate"
2025-07-31,INDV,0.1609,0.1991,1.2375,0.0421,0.0916,0.1822,0.1869,earnings,4,"Earnings Scheduled For July 31, 2025"
2025-07-31,MOD,0.1843,0.1002,0.5436,-0.0064,0.0044,0.0584,0.1594,earnings,4,"Modine Manufacturing Q1 Adj. EPS $1.06 Beats $0.96 Estimate, Sales $682.800M Beat $651.826M Estimate"
2025-07-31,PI,0.2649,0.1865,0.704,-0.0107,0.0206,0.2328,0.0911,earnings,14,"Impinj Q2 Adj. EPS $0.80 Beats $0.71 Estimate, Sales $97.894M Beat $93.741M Estimate"
2025-07-31,RSI,0.2553,0.155,0.6073,-0.0402,-0.0511,0.1076,0.0779,earnings,8,Expert Outlook: Rush Street Interactive Through The Eyes Of 5 Analysts
2025-08-01,APPF,0.1936,0.0584,0.3017,0.0066,-0.1121,-0.1309,0.1493,earnings,9,"AppFolio Q2 Adj. EPS $1.38 Beats $1.27 Estimate, Sales $235.575M Beat $229.893M Estimate"
2025-08-01,ATEC,0.3015,0.1319,0.4373,0.0799,0.0871,0.1547,-0.0347,earnings,7,"Alphatec Holdings Q2 Adj. EPS $0.02 Beats $(0.19) Estimate, Sales $186.000M Beat $178.851M Estimate"
2025-08-01,BIO,0.1763,0.1198,0.6795,-0.0274,-0.0716,0.0467,-0.0347,earnings,7,"Bio-Rad Laboratories Q2 Adj. EPS $2.61 Beats $1.76 Estimate, Sales $651.600M Beat $615.110M Estimate"
2025-08-01,IRTC,0.1768,0.1161,0.6563,0.0001,-0.0392,0.0304,-0.0182,earnings,10,"iRhythm Technologies Q2 Adj. EPS $(0.32) Beats $(0.48) Estimate, Sales $186.700M Beat $173.944M Estimate"
2025-08-01,RDDT,0.1747,0.1333,0.7633,0.0696,0.1421,0.1932,0.0078,earnings,22,"Reddit Q2 EPS $0.48 Beats $0.19 Estimate, Sales $499.60M Beat $424.73M Estimate"
2025-08-01,TILE,0.1934,0.1622,0.8388,0.0261,0.0106,0.0865,-0.0429,FDA / clinical,8,"Earnings Scheduled For August 1, 2025"
2025-08-01,WK,0.3207,0.1656,0.5164,-0.0173,-0.1274,-0.0244,-0.0592,earnings,9,"Workiva Q2 Adj. EPS $0.19 Beats $0.05 Estimate, Sales $215.187M Beat $208.897M Estimate"
2025-08-04,AEO,0.2364,0.0622,0.2632,-0.0944,-0.0526,0.0178,0.0576,government / policy,4,"President Trump Posts On Truth Social ""Sidney Sweeney, a registered Republican, has the HOTTEST ad out there. It's for American Eagle, and the jeans are ""flying of the shelves."" Go get 'em Sidney...."""
2025-08-04,AMPX,0.1855,0.0786,0.4235,0.1034,0.0199,-0.0292,0.359,FDA / clinical,1,12 Industrials Stocks Moving In Monday's Intraday Session
2025-08-04,ENR,0.2666,0.2341,0.878,0.0648,-0.0054,0.0199,0.0295,earnings,9,Energizer Hldgs's Earnings Outlook
2025-08-04,FTRE,0.1758,0.1337,0.7604,0.0218,-0.0047,0.5592,0.046,analyst,3,"Baird Upgrades Fortrea Holdings to Outperform, Raises Price Target to $9"
2025-08-04,IDXX,0.2749,0.2366,0.8605,-0.0598,-0.0449,-0.0635,-0.021,earnings,9,"Earnings Scheduled For August 4, 2025"
2025-08-04,JOBY,0.1882,0.0711,0.3777,-0.0441,-0.1628,-0.3438,0.6265,M&A,9,Joby To Acquire Blade's Passenger Business For Up to $125M
2025-08-04,VSAT,0.2232,0.1086,0.4865,0.0498,0.2599,0.5296,0.0184,earnings,3,William Blair Upgrades Viasat to Outperform
2025-08-05,AMRC,0.4898,0.2964,0.6051,-0.1813,-0.209,0.0309,0.0392,FDA / clinical,8,"Ameresco Q2 Adj. EPS $0.27 Beats $0.02 Estimate, Sales $472.28M Beat $415.30M Estimate"
2025-08-05,AXON,0.1641,0.0982,0.5982,-0.004,-0.1137,-0.1636,-0.0714,earnings,10,"Axon Enterprise Q2 Adj. EPS $2.12 Beats $1.46 Estimate, Sales $669.00M Beat $641.24M Estimate"
2025-08-05,BWXT,0.1779,0.1394,0.7834,-0.0124,-0.0137,-0.1144,0.0746,FDA / clinical,7,"BWX Technologies Q2 Adj. EPS $1.02 Beats $0.79 Estimate, Sales $764.039M Beat $707.997M Estimate"
2025-08-05,DOCN,0.2888,0.1474,0.5103,0.0477,-0.1367,-0.0796,-0.0644,earnings,7,"Earnings Scheduled For August 5, 2025"
2025-08-05,HLIO,0.3109,0.2067,0.6649,-0.0021,0.0502,0.0977,0.0387,M&A,12,"Helios Technologies Q2 Adj. EPS $0.59 Beats $0.50 Estimate, Sales $212.50M Beat $201.47M Estimate"
2025-08-05,LMND,0.2954,0.1184,0.4007,0.0655,0.139,0.0403,-0.1319,earnings,5,"Earnings Scheduled For August 5, 2025"
2025-08-05,LSCC,0.1521,0.1197,0.7874,0.0257,0.1281,0.1915,-0.0423,earnings,6,"Lattice Semiconductor Q2 Adj. EPS $0.24, Inline, Sales $123.97M Beat $123.64M Estimate"
2025-08-05,NGVT,0.2132,0.1464,0.6866,-0.0135,0.0868,0.1681,-0.099,earnings,2,"Ingevity Q2 Adj. EPS $1.39 Beats $1.16 Estimate, Sales $365.100M Miss $378.700M Estimate"
2025-08-05,PRIM,0.1666,0.1891,1.1353,0.0173,0.0552,0.0604,0.0935,FDA / clinical,8,"Primoris Services Q2 Adj. EPS $1.68 Beats $1.09 Estimate, Sales $1.89B Beat $1.69B Estimate"
2025-08-05,SBH,0.1695,0.1053,0.6213,0.0326,0.078,0.211,0.005,earnings,4,"Earnings Scheduled For August 5, 2025"
2025-08-05,SNDX,0.211,0.1956,0.9269,0.0255,0.0318,0.2832,0.189,earnings,3,"Syndax Pharmaceuticals Q2 EPS $(0.83) Beats $(1.00) Estimate, Sales $37.958M Beat $26.780M Estimate"
2025-08-05,SNN,0.1525,0.1471,0.9648,0.0003,0.021,0.0525,0.0283,earnings,3,Why Palantir Technologies Shares Are Trading Higher By Over 5%; Here Are 20 Stocks Moving Premarket
2025-08-05,STAA,0.4613,0.4478,0.9707,-0.0044,0.0137,0.0111,0.1132,M&A,7,Alcon To Acquire STAAR Surgical For $28 Per Share In $1.5B Deal To Expand Vision Correction Portfolio With EVO ICL Technology
2025-08-05,TDW,0.292,0.1245,0.4265,-0.0242,-0.1219,-0.1063,0.0145,earnings,4,"Tidewater Q2 EPS $1.46 Beats $0.54 Estimate, Sales $341.40M Beat $322.18M Estimate"
2025-08-05,VVX,0.1522,0.1099,0.7222,-0.0197,-0.0236,-0.0109,-0.0236,earnings,3,"V2X Q2 Adj. EPS $1.33 Beats $0.37 Estimate, Sales $1.080B Beat $1.048B Estimate"
2025-08-05,XMTR,0.4298,0.2486,0.5785,-0.0059,0.0718,0.0549,-0.0807,FDA / clinical,5,"Earnings Scheduled For August 5, 2025"
2025-08-06,ALAB,0.2866,0.2173,0.758,-0.0201,0.1104,0.0778,0.4685,earnings,17,"Astera Labs Q2 Adj. EPS $0.44 Beats $0.32 Estimate, Sales $191.925M Beat $172.537M Estimate"
2025-08-06,AMBQ,0.214,-0.0157,-0.0736,-0.0549,-0.1119,-0.0598,-0.0771,no news found,0,
2025-08-06,ANET,0.1749,0.1327,0.7585,0.0036,-0.0055,0.0172,0.1425,earnings,19,"Arista Networks Q2 Adj. EPS $0.73 Beats $0.65 Estimate, Sales $2.205B Beat $2.105B Estimate"
2025-08-06,BMNR,0.1553,-0.009,-0.058,0.0731,0.6019,0.0967,-0.7014,crypto,3,"Tom Lee: Ethereum Is Having A '2017 Bitcoin Moment', Could Hit $15,000 By End Of 2025"
2025-08-06,FLYW,0.1676,0.2616,1.5603,0.0173,0.0074,0.0767,-0.1196,M&A,9,"Flywire Q2 EPS $(0.10) Misses $(0.07) Estimate, Sales $131.891M Beat $121.313M Estimate"
2025-08-06,GO,0.427,0.225,0.527,-0.0081,-0.0102,-0.0248,0.0093,earnings,7,"Grocery Outlet Holding Q2 Adj. EPS $0.23 Beats $0.17 Estimate, Sales $1.180B Miss $1.198B Estimate"
2025-08-06,HNGE,0.2557,0.1374,0.5373,-0.0033,-0.0413,-0.075,0.1185,earnings,14,Hinge Health Q2 2026
2025-08-06,KVYO,0.1502,0.1554,1.0347,-0.0363,-0.1085,-0.1178,-0.096,earnings,9,"Klaviyo Q2 Adj. EPS $0.16 Beats $0.13 Estimate, Sales $293.10M Beat $278.51M Estimate"
2025-08-06,LRN,0.1567,0.162,1.0338,-0.0288,0.0676,0.0939,-0.0587,earnings,4,"Stride Q4 EPS $2.29 Beats $1.74 Estimate, Sales $653.65M Beat $626.27M Estimate"
2025-08-06,NYT,0.1553,0.0675,0.435,-0.0608,-0.0216,-0.0446,-0.0462,earnings,6,"Earnings Scheduled For August 6, 2025"
2025-08-06,OPLN,0.1542,0.0671,0.4352,-0.0311,-0.001,0.0087,0.0016,no news found,0,
2025-08-06,PRCH,0.2188,0.1626,0.7431,-0.0717,0.0006,0.1191,0.0562,earnings,5,Porch Group Q2 Sales $119.295M Beat $106.100M Estimate
2025-08-06,RNA,0.2614,-0.0018,-0.007,-0.0153,-0.0437,0.0044,0.308,other news,3,"Avidity Biosciences Shares Halted On Circuit Breaker To The Upside, Stock Now Up 3.16%"
2025-08-06,RNG,0.2699,0.2554,0.9464,-0.0292,0.0013,0.0181,-0.2018,earnings,12,"RingCentral Q2 Adj. EPS $1.06 Beats $1.02 Estimate, Sales $620.398M Beat $617.816M Estimate"
2025-08-06,SHOP,0.2197,0.143,0.6509,-0.0247,-0.0311,-0.0629,0.1291,earnings,13,Shopify Gears Up For Q2 Print; Here Are The Recent Forecast Changes From Wall Street's Most Accurate Analysts
2025-08-06,SSRM,0.1733,0.0539,0.3111,-0.0263,0.0729,0.3388,0.0579,earnings,1,"SSR Mining Q2 Adj. EPS $0.51 Beats $0.23 Estimate, Sales $405.455M Beat $351.770M Estimate"
2025-08-06,VSAT,0.3067,0.0094,0.0306,-0.0575,-0.0119,0.082,0.3373,earnings,4,"Viasat Q1 EPS $0.17 Beats $(0.68) Estimate, Sales $1.171B Beat $1.127B Estimate"
2025-08-06,ZETA,0.2747,0.1689,0.6147,-0.0321,-0.0885,-0.0766,0.058,earnings,11,Zeta Global Holdings Sees Q3 Sales $327.000M-$329.000M vs $323.242M Est
2025-08-07,ARHS,0.2152,0.2566,1.1927,-0.0647,0.0315,-0.0394,0.0693,earnings,5,"Earnings Scheduled For August 7, 2025"
2025-08-07,BLBD,0.1851,0.1727,0.9333,0.0579,0.079,0.1246,-0.0211,FDA / clinical,4,"Blue Bird Q3 Adj. EPS $1.19 Beats $0.96 Estimate, Sales $398.000M Beat $377.645M Estimate"
2025-08-07,BROS,0.216,0.2037,0.9431,-0.0596,-0.0998,-0.0611,-0.1286,earnings,11,"Dutch Bros Q2 Adj. EPS $0.26 Beats $0.18 Estimate, Sales $415.80M Beat $403.08M Estimate"
2025-08-07,CERT,0.1815,0.0703,0.3873,-0.0284,-0.0258,-0.0657,-0.1691,earnings,3,"Certara Q2 Adj. EPS $0.07 Misses $0.10 Estimate, Sales $104.600M Beat $104.140M Estimate"
2025-08-07,CELH,0.1727,0.1935,1.1206,0.0365,0.1307,0.1646,-0.0729,earnings,8,"Earnings Scheduled For August 7, 2025"
2025-08-07,ELAN,0.1814,0.128,0.7055,0.0115,0.0922,0.1183,-0.0562,earnings,8,"Earnings Scheduled For August 7, 2025"
2025-08-07,GRPN,0.2028,0.2716,1.3392,-0.106,-0.2044,-0.3491,-0.1604,earnings,8,Groupon Raises FY2025 Sales Guidance from $493.000M-$500.000M to $497.000M-$505.000M vs $499.707M Est
2025-08-07,HL,0.1816,0.1391,0.7662,0.0527,0.061,0.2499,0.059,earnings,4,"Hecla Mining Q2 Adj. EPS $0.08 Beats $0.05 Estimate, Sales $304.027M Beat $253.567M Estimate"
2025-08-07,IBP,0.2048,0.0902,0.4404,0.0104,0.0453,0.0741,0.0554,earnings,3,"Earnings Scheduled For August 7, 2025"
2025-08-07,MQ,0.2025,0.1347,0.6652,-0.0454,-0.0952,-0.0996,-0.0518,earnings,7,Marqeta Q2 Sales $150.39M Beat $142.38M Estimate
2025-08-07,NATL,0.1502,0.0492,0.3279,-0.0072,0.0316,0.0714,0.0902,earnings,3,"NCR Atleos Q2 Adj. EPS $0.93 Beats $0.84 Estimate, Sales $1.104B Beat $1.082B Estimate"
2025-08-07,NBIS,0.1855,0.1685,0.908,0.0531,0.0482,0.0024,0.1963,earnings,5,"Nebius Group N.V. - Class A Ordinary Shares Q2 Adj. EPS $(0.38) Beats $(31.74) Estimate, Sales $105.100M Miss $7.236B Estimate"
2025-08-07,NVAX,0.1583,0.004,0.025,-0.0467,0.074,-0.1002,0.0767,no news found,0,
2025-08-07,RELY,0.1506,0.184,1.2218,0.0026,0.0369,0.0285,-0.1083,earnings,6,"Remitly Global Q2 EPS $0.03 Beats $(0.00) Estimate, Sales $411.85M Beat $385.17M Estimate"
2025-08-07,RUN,0.323,0.2348,0.727,-0.0125,-0.1267,0.5146,-0.1366,FDA / clinical,12,"Sunrun Q2 EPS $1.07 Beats $(0.18) Estimate, Sales $569.336M Beat $548.400M Estimate"
2025-08-07,TARS,0.1515,0.08,0.5277,-0.0021,0.1291,0.2019,0.0085,earnings,1,"Tarsus Pharmaceuticals Q2 EPS $(0.48) Misses $(0.39) Estimate, Sales $102.660M Beat $95.682M Estimate"
2025-08-07,TPC,0.1647,0.3508,2.1302,0.0242,0.0395,0.1372,-0.0036,FDA / clinical,9,"Tutor Perini Q2 Adj. EPS $1.41 Beats $0.34 Estimate, Sales $1.374B Beat $1.266B Estimate"
2025-08-07,USPH,0.1522,0.0941,0.6179,0.0469,0.0266,0.0281,-0.0496,earnings,2,"US Physical Therapy Q2 Adj. EPS $0.81 Beats $0.71 Estimate, Sales $197.344M Beat $189.602M Estimate"
2025-08-07,VCYT,0.1548,0.0847,0.5472,-0.0112,0.0853,0.1716,-0.1148,earnings,2,"Veracyte Q2 2025 Adj. EPS $0.44 Beats $0.25 Estimate, Sales $130.164M Beat $121.173M Estimate"
2025-08-07,VECO,0.1505,0.1404,0.9333,0.0292,0.0571,0.0684,-0.0625,earnings,5,"Veeco Instruments Q2 Adj. EPS $0.36 Beats $0.23 Estimate, Sales $166.104M Beat $151.208M Estimate"
2025-08-07,VITL,0.1759,0.0327,0.186,0.0369,0.0887,0.1655,-0.0475,earnings,3,"Earnings Scheduled For August 7, 2025"
2025-08-07,WMS,0.1721,0.0982,0.5703,-0.0158,0.0432,0.1129,-0.0467,earnings,4,"Earnings Scheduled For August 7, 2025"
2025-08-07,XERS,0.2022,0.225,1.1126,0.0364,0.1061,0.1917,0.0281,earnings,3,"Earnings Scheduled For August 7, 2025"
2025-08-07,ZD,0.2162,0.0649,0.3,-0.0268,-0.039,0.0106,-0.068,earnings,2,"Ziff Davis Q2 Adj. EPS $1.24 Beats $1.19 Estimate, Sales $352.209M Beat $338.085M Estimate"
2025-08-08,AMR,0.1581,0.1478,0.935,0.0416,-0.0213,-0.0604,0.1018,earnings,2,"Earnings Scheduled For August 8, 2025"
2025-08-08,ANIP,0.1807,0.1282,0.7097,0.0417,0.0735,0.1684,0.044,earnings,5,"Earnings Scheduled For August 8, 2025"
2025-08-08,AORT,0.2523,0.1771,0.7018,0.0491,0.0454,0.0608,0.0043,earnings,5,"Artivion Q2 Adj. EPS $0.24 Beats $(0.00) Estimate, Sales $112.97M Beat $107.96M Estimate"
2025-08-08,ASTH,0.3085,0.1184,0.3837,0.0217,0.0445,0.0509,-0.162,earnings,6,"Astrana Health Q2 EPS $0.19 Misses $0.35 Estimate, Sales $654.800M Beat $637.774M Estimate"
2025-08-08,BMNR,0.2457,0.0451,0.1834,0.1469,0.1241,-0.1484,-0.1028,contract / partnership,4,BitMine (BMNR) Stock Surges As Company Becomes World's Largest Ethereum Holder
2025-08-08,GCT,0.3052,0.1403,0.4598,0.0457,0.1162,-0.0465,0.0433,earnings,3,"GigaCloud Tech Q2 Adj. EPS $1.14 Beats $0.41 Estimate, Sales $322.61M Beat $290.08M Estimate"
2025-08-08,GPGI,0.2175,0.0737,0.3387,0.0245,0.0594,0.1067,-0.011,no news found,0,
2025-08-08,LASR,0.2775,0.319,1.1496,0.0126,0.0011,0.0895,0.1023,earnings,11,"nLight Q2 Adj. EPS $0.06 Beats $(0.09) Estimate, Sales $61.735M Beat $55.242M Estimate"
2025-08-08,LZ,0.3118,0.2843,0.9119,0.01,-0.0237,-0.0574,-0.0872,FDA / clinical,10,"LegalZoom.com Q2 Adj. EPS $0.15, Inline, Sales $192.509M Beat $182.702M Estimate"
2025-08-08,REAL,0.1615,0.2795,1.7303,0.025,0.2078,0.2859,0.0147,earnings,9,"RealReal Q2 Adj. EPS $(0.06) Beats $(0.08) Estimate, Sales $165.19M Beat $159.55M Estimate"
2025-08-08,RHLD,0.174,0.0,0.0,0.0545,0.1925,0.4058,0.0431,earnings,1,"Resolute Holdings Mgmt Q2 EPS $(0.07), Sales $119.592M Up From $108.567M YoY"
2025-08-08,SHC,0.2451,0.2032,0.8291,0.0064,0.1267,0.1389,-0.0563,earnings,4,"Earnings Scheduled For August 8, 2025"
2025-08-08,SOUN,0.264,0.2276,0.8622,0.1734,0.1506,0.1284,-0.1277,earnings,16,"SoundHound AI Q2 2025 Adj. EPS $(0.03) Beats $(0.09) Estimate, Sales $42.683M Beat $32.883M Estimate"
2025-08-08,VSTM,0.1993,-0.0036,-0.0179,0.1424,0.2196,0.5178,0.1857,earnings,2,"Verastem Q2 Adj. EPS $(0.63) Beats $(0.74) Estimate, Sales $2.137M Miss $5.054M Estimate"
2025-08-08,WLDN,0.2754,0.1222,0.4438,-0.0077,-0.0056,-0.1408,0.2262,FDA / clinical,5,"Willdan Group Q2 EPS $1.50 Beats $0.50 Estimate, Sales $94.97M Beat $83.45M Estimate"
2025-08-11,ASST,0.2979,0.0,0.0,-0.0328,-0.0211,0.4707,-0.506,no news found,0,
2025-08-11,BHC,0.1583,0.0,0.0,0.0511,0.2042,0.0826,-0.1044,no news found,0,
2025-08-11,GPRE,0.1939,0.0966,0.4983,-0.0017,-0.0572,0.1341,-0.0762,earnings,2,"Earnings Scheduled For August 11, 2025"
2025-08-11,RDNT,0.1619,0.0833,0.5145,0.0258,0.0692,0.1787,-0.0382,earnings,2,"RadNet Q2 Adj. EPS $0.31 Beats $0.16 Estimate, Sales $498.23M Beat $489.00M Estimate"
2025-08-11,SGML,0.2279,0.1921,0.8427,-0.0689,-0.0344,-0.1302,-0.0337,earnings,2,"Albemarle Stock Surges Nearly 11%, Other Lithium Stocks Gain In Monday Pre-Market: What's Going On?"
2025-08-11,SOUN,0.1734,0.0066,0.0383,0.005,-0.0679,-0.066,0.1711,earnings,5,"Ladenburg Thalmann Upgrades SoundHound AI to Buy, Raises Price Target to $16"
2025-08-11,TLRY,0.4182,0.2133,0.5101,0.0332,0.2391,0.2391,0.1175,earnings,4,12 Health Care Stocks Moving In Monday's Pre-Market Session
2025-08-12,AAON,0.1508,0.0068,0.0453,0.0644,-0.0076,0.0259,-0.0324,earnings,3,"Baird Maintains Outperform on AAON, Lowers Price Target to $98"
2025-08-12,ALGT,0.1574,0.0171,0.1088,0.0802,0.0074,0.1091,-0.0954,other news,1,Allegiant Expands Growing Network With New Service To Huntsville International Airport And Multiple Florida Destinations
2025-08-12,CLDX,0.1894,0.0115,0.0607,0.05,0.0092,0.0487,-0.1434,no news found,0,
2025-08-12,ICHR,0.1775,0.0535,0.3018,0.0058,-0.0592,-0.1259,-0.2987,other news,1,12 Information Technology Stocks Moving In Tuesday's Intraday Session
2025-08-12,LTBR,0.2674,0.0052,0.0194,0.0018,-0.1864,-0.1935,-0.0316,earnings,4,Lightbridge Q2 EPS $(0.16) Up From $(0.17) YoY
2025-08-12,MRCY,0.2695,0.0898,0.3331,0.0054,-0.0559,0.0541,0.0451,FDA / clinical,10,"Mercury Sys Q4 Adj. EPS $0.47 Beats $0.23 Estimate, Sales $273.10M Beat $245.40M Estimate"
2025-08-12,REAL,0.1662,0.0122,0.0734,0.0196,0.0301,0.1608,0.2471,other news,1,RealReal Option Alert: Nov 21 $7.5 Calls Sweep (108) Near The Ask: 2500 @ $1.2 vs 1131 OI; Ref=$7.325
2025-08-12,USAR,0.2332,0.0201,0.0861,-0.1077,-0.2206,-0.2715,0.303,earnings,4,USA Rare Earth Q2 Adj. EPS $(0.08) Beats $(0.10) Estimate
2025-08-13,CC,0.1795,0.0463,0.2581,0.0281,-0.0154,0.1501,-0.0569,other news,1,"Samsung Electronics Qualifies Chemours' Opteon Two-Phase Immersion Cooling Fluid For Gen4 SSDs, Advancing AI-Driven Data Center Efficiency And Sustainability"
2025-08-13,HBM,0.1506,0.175,1.1619,-0.03,-0.03,0.1979,-0.0476,earnings,3,"Earnings Scheduled For August 13, 2025"
2025-08-13,INTA,0.1552,0.2021,1.3019,-0.0277,-0.0193,0.0645,-0.1313,M&A,12,"Intapp Q4 Adj. EPS $0.27 Beats $0.23 Estimate, Sales $135.039M Beat $132.005M Estimate"
2025-08-13,OUST,0.1537,0.0375,0.2438,0.0586,-0.1072,-0.0725,0.0141,analyst,1,"WestPark Capital Upgrades Ouster to Buy, Announces $50 Price Target"
2025-08-13,PSKY,0.3678,0.0214,0.0582,-0.0415,-0.0681,0.1641,-0.0661,earnings,5,UFC At White House 'Definitely Going To Happen': President Trump To Get 'One Of One' Fighting Experience
2025-08-13,STOK,0.2498,0.1005,0.4024,0.0154,0.1425,0.4122,0.1515,earnings,3,"Stoke Therapeutics Q2 EPS $(0.40) Beats $(0.46) Estimate, Sales $13.817M Beat $9.967M Estimate"
2025-08-13,TLRY,0.3151,0.011,0.0351,-0.056,-0.152,-0.152,0.6021,other news,2,What's Going On With Tilray Brands Stock Today?
2025-08-14,DLO,0.3133,0.1654,0.5278,0.0205,-0.061,-0.1054,0.0445,earnings,12,"DLocal Q2 EPS $0.14, Inline, Sales $256.458M Beat $229.656M Estimate"
2025-08-14,EQX,0.1518,0.0442,0.2911,0.0204,0.0101,0.3563,0.0952,earnings,3,"Equinox Gold Q2 Adj. EPS $0.11 Beats $0.02 Estimate, Sales $478.60M Beat $470.00M Estimate"
2025-08-14,WULF,0.5952,0.3187,0.5354,0.0299,0.0551,0.2354,0.04,earnings,11,"TeraWulf Announces Two 10-Yr High-Performance Computing Colocation Agreements With Fluidstack; Transaction Anchors ~$3.7B In Contracted Revenues, With Potential To Reach $8.7B"
2025-08-15,ARRY,0.2533,0.0164,0.0649,0.105,0.1903,0.0249,-0.1176,FDA / clinical,3,12 Industrials Stocks Moving In Friday's Intraday Session
2025-08-15,RUN,0.3282,0.0,0.0,0.1135,0.1638,0.1818,0.0522,FDA / clinical,5,12 Industrials Stocks Moving In Friday's Intraday Session
2025-08-15,SEDG,0.171,0.0012,0.0068,0.0366,0.1411,0.0176,0.0164,other news,1,12 Information Technology Stocks Moving In Friday's Intraday Session
2025-08-18,AAOI,0.1683,0.0186,0.1102,-0.1286,-0.0685,0.1072,-0.2188,other news,1,"Soho House, GoodRx Holdings, Dayforce And Other Big Stocks Moving Higher On Monday"
2025-08-18,APLD,0.1597,0.0557,0.3489,-0.0612,-0.0239,0.1909,0.1811,analyst,3,"Soho House, GoodRx Holdings, Dayforce And Other Big Stocks Moving Higher On Monday"
2025-08-18,CIFR,0.1612,0.0173,0.1071,-0.0479,0.0975,0.9025,-0.1808,other news,2,"Soho House, GoodRx Holdings, Dayforce And Other Big Stocks Moving Higher On Monday"
2025-08-18,SHLS,0.1638,0.0405,0.2471,0.0149,0.1258,0.1772,-0.0598,FDA / clinical,2,Shoals Technologies Breaks Ground On Maryvale Solar And Storage Project With PCL Construction And Gentari
2025-08-22,ACMR,0.1921,0.1089,0.5671,-0.0567,-0.0757,0.2014,-0.1406,earnings,4,Why EpicQuest Education Shares Are Trading Higher By Over 81%; Here Are 20 Stocks Moving Premarket
2025-08-22,RXO,0.1544,0.0143,0.0925,-0.0442,-0.0377,-0.0277,-0.1353,earnings,1,"Zoom Posts Better-Than-Expected Earnings, Joins Ubiquiti, MINISO Group And Other Big Stocks Moving Higher On Friday"
2025-08-22,SBET,0.1569,0.02,0.1272,-0.0815,-0.1461,-0.2041,-0.2264,other news,1,SharpLink Authorizes $1.5B Buyback Of Common Stock
2025-08-22,UI,0.3064,0.1587,0.5181,0.0189,0.0351,0.2605,-0.127,earnings,7,"Ubiquiti Q4 Adj. EPS $3.54 Beats $2.23 Estimate, Sales $759.153M Beat $634.101M Estimate"
2025-08-25,AEHR,0.3586,0.1641,0.4576,0.0529,0.0118,0.3676,-0.1674,earnings,5,12 Information Technology Stocks Moving In Monday's Pre-Market Session
2025-08-25,TLRY,0.2087,0.087,0.4167,0.0432,-0.1007,-0.1079,0.6703,analyst,2,"Jefferies Maintains Buy on Tilray Brands, Raises Price Target to $2"
2025-08-26,ASST,0.1646,0.0938,0.5696,0.0572,0.1646,-0.4615,0.2834,other news,1,12 Communication Services Stocks Moving In Tuesday's Intraday Session
2025-08-26,ECHO,0.7025,0.8109,1.1544,0.1551,0.2563,0.437,0.0037,no news found,0,
2025-08-26,SMTC,0.1514,0.0698,0.4611,-0.01,-0.0135,0.0189,-0.0583,earnings,14,"Semtech Q2 Adj. EPS $0.41 Beats $0.40 Estimate, Sales $257.000M Beat $256.094M Estimate"
2025-08-27,ECHO,0.1551,0.0676,0.436,-0.0308,0.144,0.2447,0.7238,no news found,0,
2025-08-27,KSS,0.2404,0.2619,1.0894,-0.0494,0.0154,0.0,0.1155,earnings,14,Kohl's Gears Up For Q2 Print; Here Are The Recent Forecast Changes From Wall Street's Most Accurate Analysts
2025-08-27,MDB,0.3796,0.3159,0.8322,0.0758,0.0891,0.0664,-0.1102,FDA / clinical,46,"MongoDB Q2 Adj. EPS $1.00 Beats $0.66 Estimate, Sales $591.402M Beat $552.459M Estimate"
2025-08-28,BILL,0.1818,0.0766,0.4214,-0.0565,0.0476,0.1012,-0.0806,earnings,19,"BILL Holdings Q4 Adj. EPS $0.53 Beats $0.41 Estimate, Sales $383.349M Beat $376.172M Estimate"
2025-08-28,P,0.3234,0.1455,0.4499,-0.0364,-0.0163,0.0231,0.0275,no news found,0,
2025-08-28,SNOW,0.2027,0.1078,0.5321,-0.0097,-0.064,-0.0679,-0.0903,FDA / clinical,47,"Snowflake Q2 Adj. EPS $0.35 Beats $0.27 Estimate, Sales $1.144B Beat $1.088B Estimate"
2025-08-29,AMBA,0.1678,0.1822,1.0861,-0.0292,0.0183,0.0042,0.0687,earnings,18,"Ambarella Q2 Adj. EPS $0.15 Beats $0.05 Estimate, Sales $95.511M Beat $90.010M Estimate"
2025-08-29,NEO,0.2178,0.2178,1.0,0.0034,-0.0968,-0.115,0.4897,earnings,7,NeoGenomics Secures Court Ruling Invalidating Natera's Patents; Case Dismissed With Prejudice
2025-09-02,ARWR,0.1657,0.0318,0.1918,0.0826,0.0798,0.3431,0.3829,contract / partnership,3,"Arrowhead Pharmaceuticals Inks Global Licensing And Collaboration Agreement With Novartis For ARO-SNCA For Synucleinopathies, Such As Parkinson's Disease; Arrowhead Will Receive $200M As An Upfront Payment And Is Eligible To Receive Up To $2B In Milestone Payments Plus Commercial Sales Royalties"
2025-09-02,CYTK,0.4045,0.2712,0.6704,0.0075,0.0379,0.1076,-0.0371,FDA / clinical,11,"Reported Sunday, Cytokinetics Highlights Consistent Long-Term Safety And Efficacy of Aficamten In Multiple Clinical Trials Presented At ESC Congress 2025"
2025-09-02,IONS,0.3484,0.1526,0.4379,0.0522,0.1202,0.1379,-0.0092,FDA / clinical,9,Trading Halt: Halted at 7:00:00 a.m. ET - Trading Halt: Halt News Pending
2025-09-02,MLYS,0.8643,0.4625,0.5351,0.0135,0.334,0.3139,0.1328,earnings,5,Why Carisma Therapeutics Shares Are Trading Higher By 133%; Here Are 20 Stocks Moving Premarket
2025-09-02,MUX,0.1939,0.0909,0.4687,0.0087,-0.0167,0.24,0.1515,other news,2,McEwen Reports Attractive Gold Intercepts At Grey Fox As Gibson Delivers 10.1 g/t Over 5.8 m And 10.4 g/t Over 5.6 m Supporting October 2025 Resource Growth
2025-09-02,UTHR,0.3283,0.3769,1.1481,-0.033,-0.0025,0.0356,0.0356,FDA / clinical,9,Trading Halt: Halted at 6:55:00 a.m. ET - Trading Halt: Halt News Pending
2025-09-03,BEAM,0.1502,0.027,0.1796,-0.0117,0.0597,0.2862,-0.147,no news found,0,
2025-09-03,M,0.2064,0.1435,0.6955,0.0592,0.0469,0.1151,0.1337,earnings,11,Macy's Gears Up For Q2 Print; Here Are The Recent Forecast Changes From Wall Street's Most Accurate Analysts
2025-09-04,AEO,0.3804,0.3034,0.7976,0.0011,0.0432,-0.0979,0.1325,earnings,19,"American Eagle Outfitters Q2 EPS $0.45 Beats $0.20 Estimate, Sales $1.283B Beat $1.237B Estimate"
2025-09-04,CIEN,0.2331,0.2128,0.9131,-0.002,0.1333,0.3057,0.0364,earnings,10,Ciena Gears Up For Q3 Print; Here Are The Recent Forecast Changes From Wall Street's Most Accurate Analysts
2025-09-04,NKTR,0.2602,0.1499,0.576,0.1167,0.3118,0.6815,0.2655,earnings,3,"Shoe Carnival, American Eagle, Ciena, Victoria's Secret And Other Big Stocks Moving Higher On Thursday"
2025-09-04,OPEN,0.1618,0.0,0.0,0.1158,0.7651,0.344,1.0357,government / policy,3,Offerpad Stock Drops 2.5% In After-Hours Trading
2025-09-04,SNDK,0.179,0.0502,0.2803,0.0968,0.3488,0.9862,0.2642,other news,2,"Shoe Carnival, American Eagle, Ciena, Victoria's Secret And Other Big Stocks Moving Higher On Thursday"
2025-09-05,CSIQ,0.1504,0.0556,0.3699,-0.0224,-0.0251,0.3608,-0.1715,other news,1,12 Information Technology Stocks Moving In Friday's Intraday Session
2025-09-05,EYPT,0.1793,0.0059,0.0329,-0.0257,-0.0471,-0.02,0.1229,no news found,0,
2025-09-05,GWRE,0.2015,0.2166,1.075,0.0045,-0.0298,-0.1178,-0.038,earnings,20,"Guidewire Software Q4 Adj. EPS $0.84 Beats $0.64 Estimate, Sales $356.570M Beat $337.858M Estimate"
2025-09-05,IOT,0.1744,0.127,0.728,-0.0133,-0.091,-0.071,-0.0253,earnings,14,"Samsara Q2 Adj. EPS $0.12 Beats $0.07 Estimate, Sales $391.480M Beat $372.215M Estimate"
2025-09-05,KRMN,0.1712,0.0543,0.3173,-0.0026,0.029,0.1612,0.0984,analyst,1,"Raymond James Initiates Coverage On Karman Holdings with Strong Buy Rating, Announces Price Target of $100"
2025-09-08,ASST,0.174,0.011,0.0633,0.1782,0.167,-0.5253,0.3198,no news found,0,
2025-09-08,DNTH,0.2,-0.0555,-0.2774,0.1186,0.1648,0.0836,0.3838,FDA / clinical,7,"Reported Sunday, Dianthus Therapeutics Announces Investor Webcast On September 8 To Present Phase 2 Claseprubart Data In Generalized Myasthenia Gravis Patients"
2025-09-08,ECHO,0.1991,0.2125,1.0672,0.0365,-0.1078,-0.0477,1.4585,no news found,0,
2025-09-08,GSAT,0.2149,0.0509,0.237,-0.0271,-0.1784,0.1792,0.2403,M&A,3,"Rapport Therapeutics, Planet Labs, QuantumScape, EchoStar And Other Big Stocks Moving Higher On Monday"
2025-09-08,HOOD,0.1583,0.0926,0.5852,0.0104,-0.0209,0.23,-0.0897,index inclusion,11,"AppLovin, Robinhood Markets And S&P Midcap 400 Constituent EMCOR Group Will Replace MarketAxess Holdings, Caesars Entertainment, And Enphase Energy In The S&P 500, Respectively"
2025-09-08,PL,0.4793,0.1799,0.3754,-0.0663,0.0207,0.5776,0.0415,FDA / clinical,15,"Planet Labs, Caseys General Stores And 3 Stocks To Watch Heading Into Monday"
2025-09-08,QS,0.2105,0.2832,1.3455,-0.1012,0.0917,0.6565,-0.1515,other news,4,QuantumScape Premiers Live Demo Of Solid-State Lithium-Metal Batteries Powering An EV During the Volkswagen Group's Press Conference At IAA Mobility
2025-09-09,ASST,0.1782,0.0131,0.0737,0.2882,-0.2866,-0.6656,0.6201,no news found,0,
2025-09-09,CIFR,0.1943,0.0585,0.3013,0.1117,0.2484,0.7082,0.6253,other news,2,"Tourmaline Bio, QMMM Holdings, Teck Resources And Other Big Stocks Moving Higher On Tuesday"
2025-09-09,IREN,0.1527,0.0892,0.5837,0.1139,0.2074,1.0431,0.4195,analyst,3,12 Information Technology Stocks Moving In Tuesday's Pre-Market Session
2025-09-09,NBIS,0.4942,0.5173,1.0467,-0.0243,-0.0657,0.2296,-0.0686,FDA / clinical,16,Nebius Secures Up To $19.4B 5-Year GPU Infrastructure Contract With Microsoft
2025-09-10,AAOI,0.1686,0.0413,0.245,-0.0312,0.0631,0.1623,0.1371,other news,1,Applied Optoelectronics Adds Four New Software Modules To QuantumLink HFC Remote Management Solution
2025-09-10,ASST,0.2882,0.8211,2.8489,0.1014,-0.5451,-0.754,0.4707,M&A,10,"Asset Entities Shareholders Approve Merger With Strive Enterprises, Paving Way For Bitcoin Treasury Company"
2025-09-10,CRWV,0.1688,0.0978,0.5795,-0.038,0.0318,0.195,-0.283,other news,1,"Daktronics, Potbelly, CoreWeave, GameStop And Other Big Stocks Moving Higher On Wednesday"
2025-09-10,ORCL,0.3595,0.3217,0.8948,-0.0623,-0.082,-0.1209,-0.0442,FDA / clinical,50,"Oracle Q1 Adj. EPS $1.47 Misses $1.48 Estimate, Sales $14.926B Miss $15.035B Estimate"
2025-09-10,SEI,0.1787,0.0512,0.2864,0.0317,0.1365,0.6475,-0.1793,no news found,0,
2025-09-10,SOC,0.2258,0.1077,0.4768,-0.0586,-0.0041,-0.1895,-0.3104,no news found,0,
2025-09-10,TVTX,0.262,0.1696,0.6473,-0.0846,-0.134,-0.0406,0.2523,FDA / clinical,5,"Travere Therapeutics Announces FDA Drops Advisory Committee For FILSPARI sNDA In FSGS; PDUFA Target Date Set For January 13, 2026"
2025-09-11,CRCL,0.176,0.0047,0.0265,-0.0627,0.0503,0.1255,-0.3034,crypto,3,"Canaccord Genuity Maintains Buy on Circle Internet Group, Maintains $247 Price Target"
2025-09-11,LION,0.1589,-0.003,-0.019,-0.0379,-0.0666,-0.1997,0.0542,no news found,0,
2025-09-11,MAZE,0.5481,0.3171,0.5786,-0.0607,-0.0532,0.1597,0.1659,FDA / clinical,6,"Maze Therapeutics Reports Clinical Results From Phase 1 Healthy Volunteer Study Of MZE782, Oral Small Molecule Targeting Solute Transporter, SLC6A19"
2025-09-11,OPEN,0.7952,0.2986,0.3755,-0.1378,-0.0551,-0.2262,1.3725,earnings,9,Opendoor Technologies Appoints Kaz Nejatian As Chief Executive Officer; Co. Enters Into Securities Purchase Agreements With Khosla Ventures And Mr. Wu To Invest $40M Of Equity Capital Through A Private Investment In The Company
2025-09-11,ONDS,0.1547,0.0216,0.1395,0.0218,0.028,0.634,0.296,no news found,0,
2025-09-11,PACS,0.2451,0.0726,0.2963,0.0156,0.25,0.3646,-0.311,other news,3,PACS Group Granted NYSE Extension Until November 19 To Complete Financial Restatement And Regain Compliance
2025-09-11,OXM,0.2763,0.1644,0.5948,-0.0863,-0.1168,-0.2451,-0.0658,earnings,12,"Oxford Industries Q2 Adj. EPS $1.26 Beats $1.18 Estimate, Sales $403.143M Miss $410.850M Estimate"
2025-09-11,PSKY,0.1554,-0.0061,-0.0391,0.076,0.0263,0.0316,0.378,other news,4,The Brains Behind Netflix's Password Crackdown Departs
2025-09-11,RCAT,0.2911,0.0886,0.3044,-0.0009,-0.0873,0.3327,-0.1032,contract / partnership,3,"Red Cat Says Black Widow System, Developed By Its Subsidiary Teal Drones, Has Been Approved And Added To NATO Support And Procurement Agency Catalogue, The Inclusion Is Based On 3 Year Contract With Options For 2 Additional Years"
2025-09-11,WBD,0.2895,0.0036,0.0124,0.167,0.1565,0.0928,0.1176,analyst,6,"Wells Fargo Maintains Equal-Weight on Warner Bros. Discovery, Raises Price Target to $14"
2025-09-12,BMNR,0.1526,0.0463,0.3032,-0.036,0.1126,-0.0476,-0.2245,crypto,2,"CNBC Halftime Report Final Trades: BitMine Immersion Technologies, iShares Bitcoin Trust, NRG Energy, CME Group"
2025-09-12,IONQ,0.1819,0.0053,0.0292,0.0629,0.2661,0.2705,0.1417,M&A,4,IonQ Secures UK Investment Security Unit Regulatory Clearance For Acquisition Of Oxford Ionics
2025-09-12,WBD,0.167,0.0841,0.5037,0.0313,0.0244,-0.0938,0.3419,M&A,14,"HBO Max Costs More Than Disney+, Netflix—But CEO Says It's Still 'Way Underpriced'"
2025-09-15,OKLO,0.1568,0.0186,0.1187,0.0016,0.4663,0.7873,0.1229,other news,2,'US Looks to Boost Strategic Uranium Reserve for Nuclear Power'- Bloomberg
2025-09-15,UUUU,0.1584,0.0008,0.0053,-0.0297,0.1266,0.72,0.2186,other news,1,'US Looks to Boost Strategic Uranium Reserve for Nuclear Power'- Bloomberg
2025-09-16,BBAI,0.167,0.0491,0.2941,0.0135,0.3451,0.5,-0.171,other news,1,12 Information Technology Stocks Moving In Tuesday's Intraday Session
2025-09-16,JMIA,0.2165,0.1348,0.6226,-0.0034,-0.0487,0.0445,0.2632,analyst,5,12 Consumer Discretionary Stocks Moving In Tuesday's Pre-Market Session
2025-09-16,NFE,0.4493,0.2536,0.5645,0.08,0.23,0.005,-0.4013,other news,3,Why Webtoon Entertainment Shares Are Trading Higher By 48%; Here Are 20 Stocks Moving Premarket
2025-09-17,QBTS,0.1876,0.0,0.0,0.0657,0.2298,0.9867,0.1461,no news found,0,
2025-09-18,BLSH,0.2072,0.1036,0.5,0.0544,-0.0576,-0.1228,-0.0867,M&A,14,"Bullish Q2 EPS $0.93 Up From $(1.03) YoY, Sales $58.631M Up From $49.578M YoY"
2025-09-18,CLSK,0.1766,0.0472,0.2673,0.0119,0.0163,0.4851,0.2222,other news,3,From Goldman To Gaming: Tradr's Latest ETFs Target Market Movers
2025-09-18,FIGR,0.1616,0.0362,0.224,0.0413,-0.0659,-0.0629,0.1948,no news found,0,
2025-09-18,INTC,0.2277,0.2763,1.2134,-0.0324,0.1119,0.2051,-0.0162,earnings,17,"Nvidia And Intel To Jointly Develop AI Infrastructure And Personal Computing Products, Nvidia To Invest $5B In Intel's Stock At $23.28 Per Share"
2025-09-18,METC,0.1865,0.0265,0.142,-0.0162,0.0666,0.6003,0.2499,index inclusion,2,"Jefferies Maintains Buy on Ramaco Resources, Raises Price Target to $45"
2025-09-18,NKTR,0.1506,0.0889,0.5904,-0.0616,-0.0534,-0.0647,0.9113,FDA / clinical,2,Nektar Therapeutics Announces New Data From Ongoing REZOLVE-AD Phase 2b Study Of Rezpegaldesleukin At 2025 EADV Congress
2025-09-18,NTLA,0.2981,0.0588,0.1973,-0.0323,0.031,0.5462,0.206,FDA / clinical,6,Intellia Therapeutics Completes Enrollment In Global Phase 3 HAELO Study Of Lonvoguran Ziclumeran For HAE Treatment; Topline Data Expected In H1 Of 2026
2025-09-18,QS,0.1823,0.0117,0.0642,0.1063,0.0305,0.2745,0.2971,no news found,0,
2025-09-18,SLDE,0.163,0.0575,0.3527,-0.0068,0.0162,-0.0298,-0.105,analyst,1,"Keefe, Bruyette & Woods Upgrades Slide Insurance Holdings to Outperform, Lowers Price Target to $19"
2025-09-18,TIC,0.2294,-0.0009,-0.004,0.0706,0.0632,-0.087,0.0995,FDA / clinical,1,12 Industrials Stocks Moving In Thursday's Intraday Session
2025-09-19,BHF,0.2724,0.0022,0.0081,-0.042,-0.0321,-0.1919,-0.0306,other news,3,"Brighthouse Financial Shares Halted On Circuit Breaker To The Upside, Stock Now Up 6.10%"
2025-09-19,FLNC,0.1818,0.0164,0.0903,0.1325,0.2724,0.9578,0.0588,analyst,1,"JP Morgan Maintains Neutral on Fluence Energy, Raises Price Target to $9"
2025-09-19,LTBR,0.2061,0.0013,0.0064,0.1035,0.1742,0.2974,0.1067,no news found,0,
2025-09-19,NNE,0.212,0.0024,0.0111,-0.0203,-0.1516,0.033,0.3155,FDA / clinical,3,"CoreWeave, Barrick Mining, FedEx And Other Big Stocks Moving Higher On Friday"
2025-09-19,OKLO,0.2883,0.0355,0.1233,0.0375,-0.1827,0.2082,0.5768,other news,2,What's Going On With Oklo Stock Friday?
2025-09-19,QUBT,0.2681,-0.0087,-0.0325,-0.1315,-0.1343,-0.2123,0.2551,government / policy,5,"IonQ, Rigetti, D-Wave Lead Quantum Stocks Surge—Are ETFs The Next Big Bet?"
2025-09-19,RGTI,0.1528,0.0016,0.0106,-0.0053,0.0933,0.6262,0.6762,government / policy,5,"IonQ, Rigetti, D-Wave Lead Quantum Stocks Surge—Are ETFs The Next Big Bet?"
2025-09-19,SMR,0.2269,0.0283,0.1249,-0.0378,-0.1875,-0.0539,0.1281,FDA / clinical,2,"CoreWeave, Barrick Mining, FedEx And Other Big Stocks Moving Higher On Friday"
2025-09-19,UMAC,0.1791,-0.0054,-0.0302,0.0954,-0.0145,-0.058,0.1549,no news found,0,
2025-09-22,APLD,0.1938,-0.0234,-0.1209,0.009,-0.0941,0.4683,0.2987,no news found,0,
2025-09-22,BBAR,0.2027,0.1544,0.7617,0.0243,-0.0954,-0.0415,-0.4183,other news,2,"PROS Holdings, MBX Biosciences, Metsera, Anywhere Real Estate And Other Big Stocks Moving Higher On Monday"
2025-09-22,BKKT,0.408,0.3697,0.9061,0.1694,0.7381,1.4007,0.3132,other news,3,Bakkt Appoints Investor Mike Alfred To Board Of Directors
2025-09-22,BMA,0.2024,0.1601,0.791,0.0134,-0.0525,0.1238,-0.4023,no news found,0,
2025-09-22,EXK,0.1568,0.0429,0.2736,-0.0205,0.0128,0.1931,0.2007,no news found,0,
2025-09-22,NFE,0.2436,-0.0085,-0.0351,-0.1546,-0.3093,-0.323,-0.025,no news found,0,
2025-09-22,SVM,0.1728,0.0556,0.3218,-0.0016,0.0261,0.1539,0.1655,no news found,0,
2025-09-22,SUPV,0.239,0.1544,0.6458,-0.0161,-0.1399,-0.0113,-0.4567,other news,2,"PROS Holdings, MBX Biosciences, Metsera, Anywhere Real Estate And Other Big Stocks Moving Higher On Monday"
2025-09-22,TSSI,0.1691,-0.0082,-0.0483,-0.0134,-0.0059,-0.0919,0.0557,no news found,0,
2025-09-23,BKKT,0.1694,0.0714,0.4217,0.1635,0.9575,0.8697,0.6591,no news found,0,
2025-09-23,POET,0.1628,0.0145,0.0893,0.0083,-0.0767,0.2417,-0.0337,other news,2,"United States Antimony, Better Home & Finance, PDF Solutions And Other Big Stocks Moving Higher On Tuesday"
2025-09-24,BKKT,0.1635,0.0832,0.5089,-0.0685,0.7075,0.405,1.0513,no news found,0,
2025-09-24,OPEN,0.1608,0.0719,0.4474,0.1045,-0.0207,-0.1713,0.5617,other news,1,Opendoor Technologies (OPEN) Stock Is Surging Wednesday: What's Going On?
2025-09-24,QURE,2.4773,1.8814,0.7595,0.1084,0.1577,0.2613,-0.1215,FDA / clinical,11,Trading Halt: Halted at 7:00:00 a.m. ET - Trading Halt: Halt News Pending
2025-09-25,LAC,0.2263,0.1281,0.5662,-0.1411,-0.0692,-0.1208,1.0868,M&A,7,Why PepGen Shares Are Trading Higher By 112%; Here Are 20 Stocks Moving Premarket
2025-09-29,BKKT,0.4234,0.0613,0.1447,0.317,0.6047,0.1374,1.0656,no news found,0,
2025-09-29,DNA,0.1504,0.02,0.1329,0.102,0.124,0.0121,-0.0551,no news found,0,
2025-09-29,ETSY,0.1583,0.0106,0.0669,-0.1069,-0.0584,0.0164,0.1914,other news,3,OpenAI Announces 'Buy it in ChatGPT: Instant Checkout and the Agentic Commerce Protocol'
2025-09-29,GRAL,0.1787,0.0158,0.0887,0.0061,0.0499,0.4463,0.4617,no news found,0,
2025-09-29,MARA,0.1569,0.0223,0.1423,-0.0214,0.1024,0.0482,0.0107,other news,1,"Benzinga Bulls And Bears: Oracle, Costco, NIO — And Wall Street Snaps Its Slide"
2025-09-29,SNDK,0.1687,0.0734,0.4353,-0.0115,0.0676,0.555,0.9092,other news,3,"Tilray Brands, SNDL, Innoviz Technologies, Pony AI  And Other Big Stocks Moving Higher On Monday"
2025-09-29,TLRY,0.6087,0.1783,0.2929,-0.0649,-0.1459,-0.2054,-0.2177,M&A,7,Why Merus Shares Are Trading Higher By 38%; Here Are 20 Stocks Moving Premarket
2025-09-30,ANAB,0.3159,0.1025,0.3245,0.0441,-0.0245,0.1808,0.1446,earnings,10,Trading Halt: Halted at 4:00:10 p.m. ET - Trading Halt: Halt News Pending
2025-09-30,BKKT,0.317,0.0137,0.0432,0.0149,0.1566,-0.2053,1.9133,earnings,1,"United Natural Foods Posts Upbeat Results, Joins AnaptysBio, Semtech, UiPath And Other Big Stocks Moving Higher On Tuesday"
2025-09-30,SMTC,0.1528,0.0712,0.4657,0.0032,-0.0076,-0.0141,0.067,earnings,5,"Oppenheimer Upgrades Semtech to Outperform, Announces $81 Price Target"
2025-09-30,UNFI,0.1845,0.0642,0.3481,0.0508,0.1188,0.0306,0.1231,earnings,6,"Earnings Scheduled For September 30, 2025"
2025-09-30,WOLF,0.2941,0.3054,1.0385,-0.1318,-0.0668,0.0755,16.8226,earnings,9,Why Wolfspeed Shares Are Trading Higher By Over 50%; Here Are 20 Stocks Moving Premarket
2025-10-01,ABCL,0.1849,0.008,0.043,0.0034,0.0352,-0.057,0.242,no news found,0,
2025-10-01,AES,0.1675,0.1332,0.7952,-0.0704,-0.0417,-0.0649,-0.018,M&A,6,Why Ryvyl Shares Are Trading Higher By 97%; Here Are 20 Stocks Moving Premarket
2025-10-01,ASTS,0.1601,0.0903,0.5636,0.1619,0.4261,0.406,0.0066,index inclusion,7,AST SpaceMobile Stock Surges After Hours Amid BlueBird Satellite Production Update
2025-10-01,BYND,0.2222,0.0397,0.1786,0.0087,-0.0996,-0.2013,-0.2025,no news found,0,
2025-10-01,DXYZ,0.3178,0.0014,0.0044,0.068,-0.0021,-0.1311,-0.2134,no news found,0,
2025-10-01,FLNC,0.2454,0.0185,0.0755,-0.0297,0.1123,0.5078,0.5584,other news,1,"Acuity, Lithium Americas, Rezolve AI, AES And Other Big Stocks Moving Higher On Wednesday"
2025-10-01,LAC,0.2329,0.3082,1.3233,-0.0256,0.1179,-0.1832,1.0177,FDA / clinical,13,'US to Take Stake in Lithium Americas to Boost Nevada Project'- Bloomberg
2025-10-01,QS,0.1843,-0.0016,-0.0088,-0.0199,0.0507,0.0857,0.5938,earnings,3,QuantumScape Stock Declines Nearly 2% In Wednesday Pre-Market: What's Going On?
2025-10-01,UAMY,0.2177,0.0887,0.4074,-0.0053,0.2609,0.1126,0.4385,other news,1,"Acuity, Lithium Americas, Rezolve AI, AES And Other Big Stocks Moving Higher On Wednesday"
2025-10-02,ASTS,0.1619,0.0279,0.1725,0.0242,0.3118,0.159,0.2592,other news,2,"Taysha Gene Therapies, Canaan, Ondas Holdings And Other Big Stocks Moving Higher On Thursday"
2025-10-02,BKKT,0.2861,0.0527,0.1842,-0.0806,-0.13,-0.477,2.9756,crypto,3,"Taysha Gene Therapies, Canaan, Ondas Holdings And Other Big Stocks Moving Higher On Thursday"
2025-10-02,CRCL,0.1604,0.0343,0.2136,-0.0263,0.0051,-0.1804,0.0892,other news,1,10 Information Technology Stocks With Whale Alerts In Today's Session
2025-10-02,FICO,0.1798,0.1803,1.003,0.037,-0.0425,-0.1117,-0.0053,government / policy,8,"Needham Reiterates Buy on Fair Isaac, Maintains $1950 Price Target"
2025-10-02,NXH,0.1762,0.002,0.0114,0.023,-0.137,-0.3489,0.1684,no news found,0,
2025-10-02,ONDS,0.2599,0.067,0.2579,0.076,0.139,-0.317,0.4533,contract / partnership,6,Ondas Places Initial Order For 500 Wasp Drones From Rift Dynamics To Launch U.S. Defense Market Distribution Through American Robotics Subsidiary
2025-10-02,RGTI,0.1859,0.0275,0.1477,0.1316,0.3308,0.2011,0.9847,other news,2,"Taysha Gene Therapies, Canaan, Ondas Holdings And Other Big Stocks Moving Higher On Thursday"
2025-10-02,RZLV,0.2401,0.0672,0.2798,0.0821,-0.0789,-0.3482,0.2341,analyst,3,"HC Wainwright & Co. Maintains Buy on Rezolve AI, Raises Price Target to $10"
2025-10-02,SRPT,0.1568,0.0129,0.0825,0.013,0.0349,0.0403,0.0195,other news,1,"Taysha Gene Therapies, Canaan, Ondas Holdings And Other Big Stocks Moving Higher On Thursday"
2025-10-02,USAR,0.2336,0.0054,0.0233,0.1431,0.3681,-0.1334,0.3379,other news,1,"Taysha Gene Therapies, Canaan, Ondas Holdings And Other Big Stocks Moving Higher On Thursday"
2025-10-03,FCEL,0.1763,0.0346,0.1961,0.0382,-0.093,-0.1234,1.2143,FDA / clinical,1,12 Industrials Stocks Moving In Friday's Intraday Session
2025-10-03,LAC,0.3178,0.016,0.0505,-0.0653,-0.1715,-0.3916,1.4588,government / policy,3,USA Rare Earth Stock Jumps On White House Talks — Will Trump Take A Stake?
2025-10-03,NB,0.1746,0.0621,0.3559,0.0781,0.3086,-0.0718,0.4857,other news,1,"White Mountains Insurance, Rumble, Mesoblast And Other Big Stocks Moving Higher On Friday"
2025-10-03,QUBT,0.2322,0.0886,0.3815,-0.0999,-0.2277,-0.3213,0.3537,analyst,4,"Ascendiant Capital Maintains Buy on Quantum Computing, Raises Price Target to $40"
2025-10-03,RUM,0.1583,0.1123,0.7094,-0.0082,-0.1285,-0.1986,0.0365,index inclusion,8,Rumble Announces Partnership With AI-Powered Search Engine Perplexity
2025-10-06,AAOI,0.2098,0.0419,0.1997,-0.0727,-0.1388,-0.0222,0.1647,no news found,0,
2025-10-06,ACHR,0.1789,0.0458,0.256,-0.085,-0.0638,-0.2361,0.3612,earnings,2,"JPMorgan Chase, Archer Aviation, Capital One Financial And An Energy Stock On CNBC's 'Final Trades'"
2025-10-06,AMD,0.2371,0.3751,1.5824,0.0383,0.0624,0.2746,0.0895,earnings,22,"5 Stocks That Dominated Investor Buzz This Week — How TSLA, OPEN, GME And Others Performed"
2025-10-06,CRML,0.4524,0.4405,0.9737,-0.1355,1.0086,-0.0565,0.37,earnings,12,Washington Joins London In A Race For Greenland's Minerals
2025-10-06,IMNM,0.164,0.0097,0.0591,-0.0409,-0.0111,0.1797,0.1768,no news found,0,
2025-10-06,NNE,0.2054,0.0321,0.1565,0.0559,0.0151,-0.1564,0.4044,FDA / clinical,2,"Congressman Misses Out On 67% Intel Gains, 100K Federal Workers To Resign And More: This Week In Politics"
2025-10-06,ORIC,0.246,0.0618,0.2513,-0.0201,-0.0347,-0.1194,0.063,no news found,0,
2025-10-06,SANM,0.2272,0.4047,1.7812,-0.1027,-0.1046,0.0024,-0.0566,other news,5,12 Information Technology Stocks Moving In Monday's Pre-Market Session
2025-10-07,POET,0.2351,0.0549,0.2333,0.1701,0.1485,-0.2449,0.1925,other news,1,10 Information Technology Stocks Whale Activity In Today's Session
2025-10-07,TMC,0.2021,0.0395,0.1955,-0.0172,0.1519,-0.3545,0.4789,government / policy,2,"James Hardie Industries, AMD, Trilogy Metals, BTQ Technologies And Other Big Stocks Moving Higher On Tuesday"
2025-10-08,CRML,0.1766,0.2161,1.2232,0.2477,0.9271,-0.1035,0.707,contract / partnership,3,"Dell, Select Medical, Century Aluminum And Other Big Stocks Moving Higher On Wednesday"
2025-10-08,FIG,0.1683,0.0355,0.2109,-0.0442,-0.1021,-0.3808,0.141,government / policy,2,Trump Sparks A 2025 IPO Boom: 5 New Stocks Have Rallied Over 400%
2025-10-08,GRAL,0.1587,0.0027,0.0171,-0.0228,0.0375,0.1628,0.6739,no news found,0,
2025-10-08,NTLA,0.1972,0.0,0.0,0.0405,0.0597,-0.4454,0.7205,other news,1,"Dell, Select Medical, Century Aluminum And Other Big Stocks Moving Higher On Wednesday"
2025-10-08,POET,0.1701,0.0819,0.4813,-0.0434,-0.0976,-0.3454,0.4784,FDA / clinical,4,12 Information Technology Stocks Moving In Tuesday's After-Market Session
2025-10-08,RXRX,0.1644,0.0038,0.0233,-0.0296,0.1149,-0.1856,0.1128,other news,3,"Dell, Select Medical, Century Aluminum And Other Big Stocks Moving Higher On Wednesday"
2025-10-09,BBAR,0.1695,0.0036,0.0211,-0.0555,-0.0155,0.6933,-0.1476,no news found,0,
2025-10-09,BMA,0.1747,0.0414,0.2373,-0.0106,0.0249,0.7059,-0.0662,other news,1,"Reported Earlier, Banco Macro Announces Ps.$225B Share Buyback Program To Repurchase Up To 30M Class B Shares"
2025-10-09,CRML,0.2477,0.0577,0.2329,0.0184,0.3202,-0.3154,1.0648,earnings,2,"Tilray Brands Posts Upbeat Results, Joins Byrna Technologies, Delta Air Lines And Other Big Stocks Moving Higher On Thursday"
2025-10-09,NEOG,0.1649,0.134,0.8125,-0.1091,-0.1254,-0.118,0.0411,earnings,4,"Earnings Scheduled For October 9, 2025"
2025-10-09,PATH,0.1881,0.0552,0.2935,-0.0789,-0.1394,-0.2361,0.3419,earnings,3,UiPath Stock Climbs 8% Pre-Market Amid Agentic AI Push
2025-10-09,SERV,0.2863,0.0993,0.3469,-0.1572,-0.1267,-0.3948,0.2882,earnings,7,"DoorDash Partners With And Serve Robotics Partner To Bring Serve's Delivery Robots To DoorDash Platform, The Multi-year Strategic Partnership To Roll Out Autonomous Robot Deliveries Across US-Bloomberg"
2025-10-09,SYRE,0.1974,-0.0011,-0.0057,-0.0959,0.0505,0.0576,0.0927,no news found,0,
2025-10-09,TLRY,0.2209,0.157,0.7105,-0.181,-0.2667,-0.4238,0.578,earnings,6,"Earnings Scheduled For October 9, 2025"
2025-10-09,WOLF,0.1667,0.1271,0.7628,-0.122,-0.0841,-0.4735,19.6531,other news,5,12 Information Technology Stocks Moving In Wednesday's After-Market Session
2025-10-10,APLD,0.1605,0.2639,1.6447,0.0074,0.0074,-0.0886,0.7049,earnings,19,"Applied Digital Q1 Adj. EPS $(0.03) Beats $(0.13) Estimate, Sales $64.216M Beat $49.969M Estimate"
2025-10-10,GLUE,0.1868,0.0142,0.0759,0.0359,0.001,0.2261,0.7301,no news found,0,
2025-10-10,PTGX,0.2977,0.0052,0.0175,-0.09,-0.1092,-0.0857,0.1233,M&A,5,'Johnson & Johnson In Talks To Buy Protagonist Therapeutics; The Two Companies Are Already Codeveloping A Treatment For Ulcerative Colitis' - WSJ Exclusive
2025-10-13,AGX,0.1506,0.0595,0.3954,0.0204,-0.0151,0.1421,0.1122,analyst,4,"JP Morgan Upgrades Argan to Overweight, Raises Price Target to $315"
2025-10-13,ASPI,0.3149,0.0908,0.2884,0.0548,-0.2297,-0.3303,0.1551,M&A,2,"ASP Isotopes Announces Update Featuring Its Largest-Ever Supply Agreement For Enriched Silicon-28 And Acquisition Of A U.S. Radiopharmacy To Expand And Complement Its South African Subsidiary, Pet Labs Pharmaceuticals"
2025-10-13,BBAI,0.2202,0.0526,0.239,0.0114,-0.1532,-0.3519,0.4269,contract / partnership,4,BigBear.ai Partners With Tsecond To Deliver AI-Enabled Edge Infrastructure For Mission-Critical Operations
2025-10-13,BE,0.2652,0.2201,0.8299,0.0378,-0.0077,0.2668,0.2916,FDA / clinical,8,Bloom Energy And Brookfield Announce $5B Partnership to Implement AI Infrastructure; Bloom Energy Will Become Preferred Onsite Power Provider For Brookfield's Global AI Factories
2025-10-13,BTDR,0.1502,0.0349,0.2322,-0.0161,0.2504,-0.1369,0.1009,no news found,0,
2025-10-13,CIFR,0.1986,0.0519,0.2611,0.027,-0.0211,-0.0339,0.5641,other news,1,10 Information Technology Stocks With Whale Alerts In Today's Session
2025-10-13,CRML,0.5541,0.1489,0.2687,0.2874,-0.1589,-0.5571,1.4084,M&A,7,Why NioCorp Developments Shares Are Trading Higher By Around 14%; Here Are 20 Stocks Moving Premarket
2025-10-13,EOSE,0.2337,0.0929,0.3976,-0.0041,-0.1196,0.1255,0.6854,FDA / clinical,1,"IREN, Nebius Emerge As Top 'AI Utility' Picks As Expert Says Next Wave Of AI Trade Is 'Industrial'"
2025-10-13,FLNC,0.2139,0.0695,0.325,0.1611,0.1611,0.3713,0.87,analyst,3,"Susquehanna Maintains Positive on Fluence Energy, Raises Price Target to $17"
2025-10-13,INFQ,0.158,0.0857,0.5424,-0.0624,-0.1715,-0.3322,1.161,no news found,0,
2025-10-13,IONQ,0.1619,0.049,0.3024,-0.0553,-0.2698,-0.3255,0.2705,other news,3,"IonQ Advances Quantum Computing Applications, Modeling Atomic Forces for Carbon Capture and Material Design"
2025-10-13,LTBR,0.2188,0.0322,0.147,-0.0453,-0.0308,-0.2363,0.5805,no news found,0,
2025-10-13,MP,0.2134,0.108,0.506,0.0378,-0.1279,-0.3248,0.2335,government / policy,6,"Rocket Lab, MP Materials, And IREN Are Among The Top 10 Large-Cap Gainers Last Week (Oct. 6-Oct. 10): Are The Others In Your Portfolio?"
2025-10-13,NNE,0.1879,0.055,0.2927,-0.0011,-0.1537,-0.3038,0.3863,no news found,0,
2025-10-13,NVTS,0.2114,0.045,0.2126,0.2608,0.7151,-0.0371,0.3339,other news,2,12 Information Technology Stocks Moving In Monday's Intraday Session
2025-10-13,OKLO,0.1621,0.0737,0.4545,0.0183,-0.0699,-0.3479,0.7792,FDA / clinical,4,"Rocket Lab, MP Materials, And IREN Are Among The Top 10 Large-Cap Gainers Last Week (Oct. 6-Oct. 10): Are The Others In Your Portfolio?"
2025-10-13,ONDS,0.1725,0.0879,0.5094,-0.037,-0.2812,-0.4561,0.4055,contract / partnership,2,12 Information Technology Stocks Moving In Friday's After-Market Session
2025-10-13,POWI,0.2459,0.0308,0.1254,0.0898,0.0498,-0.1731,-0.2157,other news,2,Power Integrations Collaborates With NVIDIA To Accelerate Transition To 800 VDC Power And Megawatt-Scale Racks
2025-10-13,QBTS,0.2302,0.0382,0.1658,0.0601,-0.1531,-0.277,0.8592,other news,4,"Bloom Energy, USA Rare Earth, Broadcom, Tesla And Other Big Stocks Moving Higher On Monday"
2025-10-13,QS,0.1558,0.0469,0.3013,-0.0065,-0.05,-0.0418,0.4774,other news,2,"Bloom Energy, USA Rare Earth, Broadcom, Tesla And Other Big Stocks Moving Higher On Monday"
2025-10-13,RCAT,0.1723,0.0549,0.3186,-0.0078,-0.2477,-0.4044,0.1938,no news found,0,
2025-10-13,RGTI,0.2502,0.0578,0.2311,0.022,-0.2113,-0.3976,1.3007,other news,3,"Rocket Lab, MP Materials, And IREN Are Among The Top 10 Large-Cap Gainers Last Week (Oct. 6-Oct. 10): Are The Others In Your Portfolio?"
2025-10-13,SEI,0.1542,0.0827,0.5363,0.0159,-0.0146,-0.0301,0.4531,analyst,1,"Citigroup Maintains Buy on Solaris Energy, Raises Price Target to $56"
2025-10-13,SNDK,0.1514,0.1097,0.7249,-0.0544,0.0998,0.9906,0.3574,analyst,3,"Wells Fargo Maintains Equal-Weight on SanDisk, Raises Price Target to $115"
2025-10-13,TMC,0.2032,0.0422,0.2078,0.0,-0.2161,-0.4471,0.6096,FDA / clinical,3,"USA Rare Earth, Critical Metals Stocks Explode—JPMorgan Adds Fuel To The Fire"
2025-10-13,TNGX,0.1863,0.0154,0.0827,0.0272,0.0803,-0.0638,0.0934,no news found,0,
2025-10-13,UAMY,0.3686,0.2031,0.5511,0.0455,-0.1963,-0.541,1.4767,government / policy,2,Pentagon's Critical Mineral Stockpiling Plan Points To Shortage Expectations
2025-10-13,USAR,0.1861,0.1828,0.9819,-0.0293,-0.1833,-0.5546,1.3193,government / policy,8,Taiwan's Chip Industry Unfazed By China's Rare Earth Export Curbs: Report
2025-10-13,UUUU,0.1686,0.1967,1.1662,0.1035,-0.0501,-0.3063,0.7049,FDA / clinical,3,"USA Rare Earth, Critical Metals Stocks Explode—JPMorgan Adds Fuel To The Fire"
2025-10-14,ALM,0.1528,0.099,0.6477,-0.0271,-0.1586,-0.2811,0.7963,other news,1,12 Materials Stocks Moving In Monday's After-Market Session
2025-10-14,BKKT,0.1944,-0.0451,-0.2319,-0.05,-0.2864,-0.5233,2.8997,no news found,0,
2025-10-14,CRML,0.2874,0.2994,1.0419,-0.2419,-0.4571,-0.674,2.4798,earnings,8,12 Materials Stocks Moving In Monday's After-Market Session
2025-10-14,FLNC,0.1611,-0.0334,-0.207,0.1621,-0.1187,0.1236,1.1502,no news found,0,
2025-10-14,LAC,0.1922,-0.0391,-0.2037,-0.0607,-0.3095,-0.5085,1.6344,other news,1,Rare Earths' Best-Kept Secret Stocks—Meet The Hidden Powerhouses
2025-10-14,LAES,0.248,-0.0024,-0.0099,-0.0209,-0.2026,-0.2771,0.8029,contract / partnership,3,SEALSQ And Wecan Group Announce Strategic Collaboration To Develop Post-Quantum KYC Solution
2025-10-14,NVTS,0.2608,0.2487,0.9538,0.206,0.1957,-0.2745,0.6318,earnings,9,Navitas Semiconductor Reveals Progress In Its Development Of Advanced Medium And High 800 VDC Voltage GaN And SiC Power Devices To Enable The 800 VDC Power Architecture Announced By Nvidia For Next-generation AI Factory Computing Platforms
2025-10-14,OUST,0.1638,-0.038,-0.2318,0.0185,-0.1272,-0.3139,0.0727,no news found,0,
2025-10-14,STOK,0.1516,0.001,0.0065,0.0189,-0.0074,-0.2813,0.2966,no news found,0,
2025-10-14,VELO,0.2662,-0.0536,-0.2014,-0.035,0.0219,-0.1343,0.6906,no news found,0,
2025-10-15,AAOI,0.157,0.0534,0.34,-0.0549,-0.0903,-0.2734,-0.0156,no news found,0,
2025-10-15,ASM,0.1751,0.0361,0.2062,-0.0046,-0.212,-0.2335,0.2449,analyst,1,"HC Wainwright & Co. Maintains Buy on Avino Silver & Gold Mines, Raises Price Target to $6.1"
2025-10-15,BTDR,0.2873,0.2326,0.8097,-0.0008,-0.173,-0.4618,0.2283,earnings,8,"Bitdeer Mined 452 Bitcoins In September Up ~20.5% From August 2025, Self-Mining Hashrate Hits 35 EH/s; Launches Mass Production Of SEALMINER A3 Series And Expands AI/HPC Strategy With 570 MW Clarington Site By End Of Q3 2026"
2025-10-15,FLNC,0.1621,0.1157,0.714,-0.0868,-0.2901,-0.104,1.46,FDA / clinical,3,12 Industrials Stocks Moving In Wednesday's Pre-Market Session
2025-10-15,HIMS,0.1618,0.0237,0.1465,-0.0575,-0.2438,-0.3783,0.0615,other news,2,"Hims & Hers Health Introduces Menopause, Perimenopause Specialty Platform"
2025-10-15,IMNM,0.1596,-0.0078,-0.0489,0.0086,-0.0275,0.0661,0.5512,no news found,0,
2025-10-15,NVTS,0.206,0.0438,0.2124,0.031,-0.1026,-0.4301,1.1341,contract / partnership,2,GigaDevice In Collaboration With Navitas Semiconductor Launches The Digital Power Joint Lab Combining GigaDevice's GD32 MCU With Navitas' GaN And GeneSiC Technologies
2025-10-15,RXRX,0.1528,0.0272,0.1778,-0.0633,-0.1532,-0.3152,0.2169,other news,1,"Morgan Stanley, T1 Energy, Bunge Global, Bank of America And Other Big Stocks Moving Higher On Wednesday"
2025-10-15,SMR,0.1668,0.0535,0.3207,-0.1084,-0.3502,-0.5141,0.2289,FDA / clinical,5,"Morgan Stanley, T1 Energy, Bunge Global, Bank of America And Other Big Stocks Moving Higher On Wednesday"
2025-10-16,JBHT,0.2214,0.1741,0.7862,-0.0278,-0.0166,-0.0166,0.032,FDA / clinical,25,"JB Hunt Transport Servs Q3 EPS $1.76 Beats $1.47 Estimate, Sales $3.053B Beat $3.021B Estimate"
2025-10-16,PRAX,1.8371,1.7601,0.958,0.1677,0.094,0.0945,0.3025,FDA / clinical,9,Praxis Precision Reports Phase 3 Results for Ulixacaltamide in Essential Tremor
2025-10-17,BYND,0.2417,0.1692,0.7003,1.2767,2.3841,0.6727,-0.8123,other news,1,Decoding Beyond Meat's Options Activity: What's the Big Picture?
2025-10-17,IRON,0.2095,0.1498,0.715,-0.0308,-0.0479,0.0001,0.1873,FDA / clinical,10,12 Health Care Stocks Moving In Thursday's After-Market Session
2025-10-17,LBRT,0.2832,-0.0298,-0.1051,0.0351,0.0702,0.0391,0.074,earnings,2,"Liberty Energy Q3 Adj. EPS $(0.06) Misses $(0.00) Estimate, Sales $947.397M Miss $965.441M Estimate"
2025-10-17,PRAX,0.1677,0.0995,0.5935,-0.0785,-0.0843,-0.0188,2.5974,analyst,8,Praxis Precision Medicines Announces Proposed Public Offering; No Terms Disclosed
2025-10-20,AEHR,0.1632,0.0464,0.2847,-0.1,-0.1271,-0.3031,-0.1733,no news found,0,
2025-10-20,BEAM,0.1786,0.0346,0.194,-0.0238,-0.127,-0.2809,0.0683,other news,1,"WW International, Replimune Group, Datavault AI, GRAIL And Other Big Stocks Moving Higher On Monday"
2025-10-20,BYND,1.2767,0.5798,0.4541,1.4626,0.2313,-0.2925,-0.7718,other news,2,Why Delcath Systems Shares Are Trading Higher By Over 14%; Here Are 20 Stocks Moving Premarket
2025-10-20,CELC,0.3584,0.5248,1.4646,-0.072,0.0982,0.3067,0.0015,FDA / clinical,8,"Reported Saturday, Celcuity Announces Phase 3 VIKTORIA-1 Data: Gedatolisib Triplet Reduces Risk of Progression or Death by 76% in HR+/HER2- PIK3CA Wild-Type Advanced Breast Cancer"
2025-10-20,CLF,0.2147,0.1727,0.8042,-0.1724,-0.1489,-0.322,0.1473,earnings,13,Cleveland-Cliffs Q3 Preview: Will Trump Get Praised By Company For Tariffs Again?
2025-10-20,CRMD,0.1945,0.1572,0.8081,-0.0419,-0.0913,-0.1793,-0.0911,earnings,3,CorMedix Sees Q3 Unaudited Pro Forma Net Revenue Over $125M; Raises FY 2025 Pro Forma Net Revenue Guidance To $375M+
2025-10-20,GRAL,0.1776,0.1479,0.8332,-0.0886,-0.0746,-0.0752,0.8727,other news,5,"Reported Firday, GRAIL's Galleri Test Detected More Than Seven Times The Number Of Cancers Compared To Routine USPSTF Screenings In PATHFINDER 2"
2025-10-20,NB,0.1973,0.0801,0.4062,-0.1323,-0.2472,-0.4264,0.3816,analyst,1,William Blair Initiates Coverage On NioCorp Developments with Outperform Rating
2025-10-20,NVTS,0.1664,0.0113,0.0676,-0.1211,-0.1865,-0.548,1.0913,analyst,4,"Rosenblatt Downgrades Navitas Semiconductor to Neutral, Raises Price Target to $12"
2025-10-20,NUTX,0.1705,0.0443,0.2601,0.0315,0.1665,-0.0635,-0.0133,earnings,1,"Nutex Health Posts 259% Surge In Cash Collections, 11% Jump In Patient Volume In Q3, Working To Regain Nasdaq Compliance"
2025-10-20,TWST,0.1626,0.0241,0.1485,0.0199,0.044,-0.1918,0.0097,other news,1,"WW International, Replimune Group, Datavault AI, GRAIL And Other Big Stocks Moving Higher On Monday"
2025-10-20,UAMY,0.2002,0.1886,0.942,-0.0774,-0.2874,-0.4899,0.7242,M&A,3,"United States Antimony May Offer & Sell, From Time To Time, Common Stock Of Up To $400M Through Or To Agents"
2025-10-20,VELO,0.1627,0.0529,0.3253,0.1804,0.1029,-0.2664,0.5937,no news found,0,
2025-10-21,BYND,1.4626,0.5714,0.3907,-0.011,-0.4544,-0.7238,-0.4824,earnings,7,Why Crown Holdings Shares Are Trading Higher By Around 9%; Here Are 20 Stocks Moving Premarket
2025-10-21,FUN,0.1773,0.0018,0.0104,-0.0414,0.0133,-0.4534,0.0173,contract / partnership,2,'Travis Kelce Teams Up with Investor For Activist Campaign at Six Flags' - WSJ Exclusive
2025-10-21,VELO,0.1804,0.1442,0.7991,-0.2093,-0.17,-0.37,0.9068,FDA / clinical,3,12 Industrials Stocks Moving In Tuesday's Pre-Market Session
2025-10-22,TNL,0.1524,0.03,0.1969,-0.0682,-0.0877,-0.1124,-0.0056,earnings,4,"Earnings Scheduled For October 22, 2025"
2025-10-22,VICR,0.3033,0.2117,0.6979,0.0842,0.0631,-0.008,0.2226,FDA / clinical,7,"Vicor Q3 EPS $0.63 Beats $0.14 Estimate, Sales $110.400M Beat $95.400M Estimate"
2025-10-22,WGO,0.2853,0.1486,0.5208,-0.0306,-0.083,-0.1984,-0.0463,earnings,10,A Look Ahead: Winnebago Industries's Earnings Forecast
2025-10-23,CRS,0.2266,0.0933,0.4116,0.0464,0.0619,0.017,0.0497,FDA / clinical,6,"Earnings Scheduled For October 23, 2025"
2025-10-23,GTX,0.1938,0.1873,0.9665,0.1379,0.1284,0.0476,-0.086,earnings,8,"Earnings Scheduled For October 23, 2025"
2025-10-23,INFQ,0.1531,0.0704,0.4596,0.0465,-0.0878,-0.3243,0.2578,no news found,0,
2025-10-23,KALU,0.1955,0.1188,0.6075,0.0373,-0.0403,-0.0296,0.0502,earnings,2,"Kaiser Aluminum Q3 Adj. EPS $1.86 Beats $0.89 Estimate, Sales $843.500M Miss $850.000M Estimate"
2025-10-23,PBF,0.157,0.0494,0.3149,-0.0087,0.0135,0.0265,-0.0842,no news found,0,
2025-10-23,PI,0.1934,0.0021,0.011,-0.0221,-0.1455,-0.3866,0.0945,earnings,3,"Piper Sandler Maintains Overweight on Impinj, Raises Price Target to $230"
2025-10-23,PTRN,0.1737,0.0007,0.0041,0.1005,0.0061,-0.0682,0.0394,no news found,0,
2025-10-23,SOC,0.1861,0.0305,0.1636,-0.0471,-0.0849,-0.6961,-0.4568,no news found,0,
2025-10-24,ASST,0.2731,0.0845,0.3093,0.4909,0.2091,-0.0727,-0.6858,other news,1,"Watching Strive; Shares Spike Higher, Traders Circulate Mike Alfred Post On X Saying ""I have taken an initial 1M+ share stake in Strive Asset Management $ASST. Strive is one of the most promising BTC Treasury companies globally trading at an attractive level."""
2025-10-24,CIFR,0.1973,0.0588,0.2981,-0.0058,-0.0973,-0.3151,0.4798,other news,3,Jane Street Takes 5% Stake In BTC Miner Cipher Mining That Eric Jackson Bet On
2025-10-24,FIX,0.1899,0.1576,0.8299,-0.0053,-0.0164,-0.0887,0.0551,FDA / clinical,8,"Comfort Systems USA Q3 EPS $8.25 Beats $6.20 Estimate, Sales $2.450B Beat $2.158B Estimate"
2025-10-24,FLNC,0.2177,0.0655,0.3009,-0.04,0.0758,-0.2111,0.3666,FDA / clinical,3,"Ford, Inhibrx Biosciences, Comfort Systems, Western Union And Other Big Stocks Moving Higher On Friday"
2025-10-24,FRMI,0.1865,0.0504,0.2703,0.0123,0.1134,-0.3908,-0.3901,earnings,1,Top 3 Real Estate Stocks That May Explode In Q4
2025-10-24,GRND,0.1886,0.1484,0.7866,-0.0491,-0.0797,-0.081,-0.1961,other news,2,Grindr Receives $18/Share Take-Private Proposal From Existing Holders Lu And Zage; Offer Disclosed In Amended 13D Filing; Funding To Combine Equity And Debt
2025-10-24,HIVE,0.1777,0.0625,0.3516,-0.0216,-0.1376,-0.5207,0.4302,no news found,0,
2025-10-24,HUT,0.1727,0.0637,0.3689,0.0449,0.0629,-0.2795,0.1651,other news,1,Jane Street Takes 5% Stake In BTC Miner Cipher Mining That Eric Jackson Bet On
2025-10-24,LAES,0.2255,0.035,0.155,-0.0285,0.0585,-0.4622,0.4592,FDA / clinical,2,"SEALSQ Receives Approval For Stock Listing On Nasdaq, Effective Oct. 27"
2025-10-27,ASST,0.4909,0.3091,0.6296,-0.122,-0.2256,-0.311,-0.5492,earnings,6,Vivek Ramaswamy's 'Anti-Woke' Asset Management Company Is Surging: Here's Why
2025-10-27,BBIO,0.1714,0.0505,0.2946,0.0148,-0.0249,0.1169,0.0841,FDA / clinical,3,"BridgeBio Pharma To Host Webinar On Limb-girdle Muscular Dystrophy Type 2I/R9 (LGMD2I/R9) FORTIFY Phase 3 Interim Analysis Topline Results On October 27, 2025 At 8:00am ET"
2025-10-27,BBAR,0.4072,0.4385,1.0769,0.0431,0.206,-0.0144,0.1474,other news,3,Why Avidity Biosciences Shares Are Trading Higher By Around 42%; Here Are 20 Stocks Moving Premarket
2025-10-27,BMA,0.3763,0.3895,1.0353,0.0439,0.1488,-0.064,0.275,other news,1,Why Avidity Biosciences Shares Are Trading Higher By Around 42%; Here Are 20 Stocks Moving Premarket
2025-10-27,DYN,0.4118,0.3668,0.8908,0.005,-0.0025,-0.1034,0.3019,other news,4,Why Avidity Biosciences Shares Are Trading Higher By Around 42%; Here Are 20 Stocks Moving Premarket
2025-10-27,LUMN,0.157,0.0655,0.4173,0.0737,0.2639,-0.1763,0.3666,contract / partnership,1,"Alex Karp Says New Lumen Deal Can Make AI Data '200x Faster,' 'Incrementally Cheaper:' 'The Holy Grail For Businesses'"
2025-10-27,PAM,0.2375,0.2993,1.2606,0.0084,0.1431,0.1136,0.012,other news,1,"Janus Henderson, Avidity Biosciences, BridgeBio Pharma And Other Big Stocks Moving Higher On Monday"
2025-10-27,RNA,0.4242,0.4306,1.0151,-0.001,-0.0029,0.0171,0.1444,M&A,16,Novartis On Sunday Announced The Acquisition Of Avidity Biosciences For $72/Share In Cash
2025-10-27,SUPV,0.4799,0.3626,0.7554,0.0612,0.2912,-0.0271,0.2463,other news,2,Why Avidity Biosciences Shares Are Trading Higher By Around 42%; Here Are 20 Stocks Moving Premarket
2025-10-27,UMAC,0.1783,0.2072,1.1616,-0.074,-0.1104,-0.4389,-0.0054,government / policy,4,Donald Trump Jr.-Linked Drone Maker Unusual Machines Wins Major Pentagon Deal
2025-10-27,VELO,0.241,0.0522,0.2165,-0.1116,-0.2615,-0.2615,0.7508,FDA / clinical,1,12 Industrials Stocks Moving In Monday's Intraday Session
2025-10-27,VIST,0.1866,0.2366,1.2677,0.0,0.0333,0.0149,0.1067,other news,3,Why Avidity Biosciences Shares Are Trading Higher By Around 42%; Here Are 20 Stocks Moving Premarket
2025-10-28,AGYS,0.2256,0.1291,0.572,-0.0545,-0.1354,-0.1074,0.109,earnings,6,"Agilysys Q2 Adj. EPS $0.40 Beats $0.38 Estimate, Sales $79.299M Beat $76.867M Estimate"
2025-10-28,ARQT,0.2704,0.1456,0.5386,0.0136,-0.0377,0.2317,0.0548,earnings,5,"Earnings Scheduled For October 28, 2025"
2025-10-28,CCJ,0.2343,0.1606,0.6856,-0.0022,-0.0931,-0.183,0.0255,earnings,11,$1000 Invested In Cameco 10 Years Ago Would Be Worth This Much Today
2025-10-28,FRMI,0.253,0.0764,0.3018,-0.0385,-0.1085,-0.5276,-0.2674,other news,1,"Wayfair, Qorvo, Celestica, United Parcel Service, Regeneron Pharmaceuticals And Other Big Stocks Moving Higher On Tuesday"
2025-10-28,NOK,0.2257,0.0127,0.0564,-0.0566,-0.1235,-0.2201,0.3533,government / policy,12,E.ON And Nokia Partner In Five-Year Deal To Modernize Telecommunications Networks For Distribution System Operators Across Germany
2025-10-28,WULF,0.1686,0.0733,0.4348,-0.0903,-0.0583,-0.1255,0.1759,earnings,8,"Oppenheimer Initiates Coverage On TeraWulf with Outperform Rating, Announces Price Target of $20"
2025-10-28,W,0.2322,0.1394,0.6004,-0.0272,-0.0666,0.0307,-0.0307,earnings,8,"Wayfair Q3 Adj. EPS $0.70 Beats $0.43 Estimate, Sales $3.117B Beat $3.014B Estimate"
2025-10-29,AESI,0.167,0.0077,0.0462,-0.0017,-0.0695,-0.3102,-0.0888,no news found,0,
2025-10-29,AXGN,0.2306,0.0465,0.2014,0.0193,0.0508,0.2831,0.0135,earnings,5,"Axogen Q3 Adj. EPS $0.12 Beats $0.07 Estimate, Sales $60.082M Beat $56.806M Estimate"
2025-10-29,BE,0.1803,0.1414,0.7841,-0.0438,0.0576,-0.2436,0.3395,FDA / clinical,14,"Bloom Energy Q3 Adj. EPS $0.15 Beats $0.09 Estimate, Sales $519.048M Beat $424.983M Estimate"
2025-10-29,CSIQ,0.159,0.0923,0.5809,0.0211,0.4229,0.5418,0.1626,earnings,4,"Canadian Solar's E-Storage Starts Commercial Operation Of 220 MWh Mannum Battery In South Australia; Epic Energy Owned, Recurrent Energy Developed, SolBank Technology"
2025-10-29,FLS,0.3094,0.092,0.2975,-0.0232,0.0138,0.0233,-0.0091,FDA / clinical,6,"Flowserve Q3 Adj. EPS $0.90 Beats $0.80 Estimate, Sales $1.174B Miss $1.206B Estimate"
2025-10-29,MIR,0.181,-0.0014,-0.0077,-0.0242,-0.0403,-0.1311,0.083,earnings,2,"Mirion Technologies Q3 Adj. EPS $0.12 Beats $0.10 Estimate, Sales $223.100M Beat $222.155M Estimate"
2025-10-29,PUMP,0.5205,0.2329,0.4474,-0.0234,-0.0234,-0.1514,0.3931,earnings,4,"ProPetro Holding Q3 EPS $(0.02) Beats $(0.09) Estimate, Sales $293.916M Beat $273.678M Estimate"
2025-10-29,SNDK,0.1642,0.0635,0.3864,-0.0418,0.0594,0.0523,0.5644,no news found,0,
2025-10-29,STX,0.1911,0.0786,0.4111,0.0102,0.0382,0.0251,-0.0554,earnings,15,"Seagate Tech Hldgs Q1 Adj. EPS $2.61 Beats $2.37 Estimate, Sales $2.629B Beat $2.545B Estimate"
2025-10-29,TER,0.2047,0.1775,0.8671,0.0169,0.0785,0.0321,0.049,earnings,12,"Teradyne Q3 Adj. EPS $0.85 Beats $0.79 Estimate, Sales $769.210M Beat $743.776M Estimate"
2025-10-30,CAH,0.1542,0.1032,0.6689,0.0049,0.043,0.1181,0.0414,earnings,7,"Marjorie Taylor Greene Buys 6 Stocks: Buffett, Health Care — And This Magnificent 7 Stock"
2025-10-30,CHRW,0.197,0.1563,0.7933,-0.0057,-0.0429,0.0258,-0.0247,FDA / clinical,14,"C.H. Robinson Worldwide Q3 Adj. EPS $1.40 Beats $1.30 Estimate, Sales $4.136B Miss $4.229B Estimate"
2025-10-30,FORM,0.2416,0.1389,0.575,-0.0726,-0.0849,-0.0714,0.2328,earnings,9,"FormFactor Q3 Adj. EPS $0.33 Beats $0.25 Estimate, Sales $202.676M Beat $200.001M Estimate"
2025-10-30,GH,0.2787,0.2452,0.8798,0.0066,0.0416,0.1732,0.1536,earnings,15,"Guardant Health Q3 Adj. EPS $(0.35) Beats $(0.77) Estimate, Sales $265.196M Beat $235.692M Estimate"
2025-10-30,GSAT,0.2224,-0.0058,-0.026,0.0715,-0.0498,0.1963,0.0608,other news,1,'Globalstar Draws SpaceX Interest in Sale Process'- Bloomberg
2025-10-30,INDV,0.1541,0.1886,1.2237,0.0082,0.0941,0.1535,0.0759,earnings,4,"Indivior Q3 Adj. EPS $0.72 Beats $0.41 Estimate, Sales $314.000M Beat $261.917M Estimate"
2025-10-30,INSM,0.1633,0.0258,0.158,-0.0238,-0.044,0.0698,0.1336,earnings,5,"Insmed Q3 EPS $(1.75) Misses $(1.38) Estimate, Sales $142.342M Beat $115.604M Estimate"
2025-10-30,PRM,0.2113,0.0965,0.4568,-0.0905,-0.0545,0.0785,-0.0265,earnings,4,A Look at Perimeter Solutions's Upcoming Earnings Report
2025-10-30,VIAV,0.2232,0.1338,0.5994,0.0351,0.0257,0.0491,0.093,earnings,10,"Viavi Solutions Q1 Adj. EPS $0.15 Beats $0.13 Estimate, Sales $299.100M Beat $294.351M Estimate"
2025-10-31,ARDX,0.2096,0.2834,1.3524,-0.0231,-0.0776,-0.0776,-0.0457,earnings,6,Ardelyx Q3 Sales $110.329M Beat $100.878M Estimate
2025-10-31,ATEC,0.1629,0.2263,1.3891,0.0158,0.0427,0.1564,0.1868,earnings,11,"Alphatec Holdings Q3 2025 Adj. EPS $0.03 Beats $(0.14) Estimate, Sales $196.503M Beat $182.632M Estimate"
2025-10-31,BFAM,0.1837,0.0844,0.4596,-0.0513,-0.0986,-0.0506,-0.135,earnings,8,"Bright Horizons Family Q3 Adj. EPS $1.57 Beats $1.32 Estimate, Sales $802.812M Beat $780.684M Estimate"
2025-10-31,BJRI,0.1837,0.2049,1.1157,0.0,0.0297,0.096,-0.1018,earnings,4,"BJ's Restaurants Q3 Adj. EPS $0.04 Beats $0.03 Estimate, Sales $330.157M Miss $334.627M Estimate"
2025-10-31,BHF,0.2491,0.2311,0.9279,-0.0612,0.1566,0.1491,-0.1195,earnings,2,"Cloudflare Posts Upbeat Q3 Results, Joins Amazon, Roku, Coinbase, Atlassian And Other Big Stocks Moving Higher On Friday"
2025-10-31,BKKT,0.2046,0.0448,0.2191,-0.0286,-0.1449,-0.4995,-0.477,no news found,0,
2025-10-31,CSIQ,0.1572,-0.0173,-0.1099,0.0968,0.3714,0.3271,0.1749,other news,1,12 Information Technology Stocks Moving In Friday's Intraday Session
2025-10-31,FCEL,0.1578,0.0065,0.041,-0.0726,-0.1598,-0.2838,-0.1094,no news found,0,
2025-10-31,ILMN,0.2478,0.0798,0.3221,-0.0287,-0.0133,0.0419,-0.0029,FDA / clinical,10,"Illumina Q3 Adj. EPS $1.34 Beats $1.17 Estimate, Sales $1.084B Beat $1.065B Estimate"
2025-10-31,MEOH,0.1608,0.0311,0.1933,-0.0538,-0.0484,-0.0775,-0.1332,earnings,2,"Cloudflare Posts Upbeat Q3 Results, Joins Amazon, Roku, Coinbase, Atlassian And Other Big Stocks Moving Higher On Friday"
2025-10-31,QS,0.1678,0.0184,0.1094,-0.1209,-0.0987,-0.3639,0.1042,earnings,2,"TD Cowen Maintains Hold on QuantumScape, Raises Price Target to $16"
2025-10-31,SLDP,0.1782,0.1295,0.7263,0.0223,0.0924,-0.2245,0.3737,contract / partnership,3,Solid Power Enters Strategic Collaboration With Samsung SDI And BMW To Develop And Validate A Demonstration Vehicle Powered By All-Solid-State Battery Technology.
2025-10-31,TWLO,0.1951,0.124,0.6353,0.009,-0.0534,-0.0543,0.0706,earnings,20,"Twilio Q3 Adj. EPS $1.25 Beats $1.08 Estimate, Sales $1.300B Beat $1.254B Estimate"
2025-10-31,TVTX,0.1858,0.1669,0.8984,-0.0179,-0.0802,0.0009,0.2242,earnings,5,"Travere Therapeutics Q3 Adj. EPS $0.59, Sales $164.859M Beat $106.534M Estimate"
2025-11-03,AMKR,0.1722,0.0515,0.2989,-0.0684,-0.0695,0.0742,0.0987,analyst,3,12 Information Technology Stocks Moving In Monday's Intraday Session
2025-11-03,CIFR,0.2204,0.23,1.0438,-0.011,-0.1366,-0.225,0.2687,earnings,13,"Earnings Scheduled For November 3, 2025"
2025-11-03,LUMN,0.1508,-0.0253,-0.1677,-0.109,-0.1133,-0.2274,0.5671,earnings,4,"Consumer Tech News (Oct 27-31): Nvidia Surpasses $5T Market Cap, Trump-Xi Meeting Concludes, Big Tech Report Earnings & More"
2025-11-03,MD,0.2422,0.1503,0.6204,0.0171,0.0707,0.1295,-0.0303,earnings,3,"Pediatrix Medical Group Q3 Adj. EPS $0.67 Beats $0.47 Estimate, Sales $492.875M Beat $476.493M Estimate"
2025-11-03,RHLD,0.9681,0.7922,0.8183,0.0184,0.2055,0.2421,-0.0498,FDA / clinical,6,"CORRECTION: Resolute Holdings Mgmt Q3 Adj. EPS $0.13, Sales $120.865M Up From $107.135M YoY"
2025-11-04,AHCO,0.1738,0.0605,0.3481,-0.0309,-0.1059,-0.1246,0.0145,earnings,3,"Earnings Scheduled For November 4, 2025"
2025-11-04,INSP,0.1533,0.0855,0.5575,-0.0258,0.0656,0.5851,-0.0348,earnings,9,"Inspire Medical Systems Q3 Adj. EPS $0.38 Beats $(0.19) Estimate, Sales $224.501M Beat $220.467M Estimate"
2025-11-04,PAY,0.2618,0.1769,0.6756,-0.0175,0.0452,-0.0349,-0.133,earnings,6,"Paymentus Holdings Q3 Adj. EPS $0.20 Beats $0.15 Estimate, Sales $310.737M Beat $280.392M Estimate"
2025-11-04,SANM,0.1656,0.0688,0.4157,0.0867,0.0342,-0.0374,0.0024,earnings,6,"Sanmina Q4 Adj. EPS $1.67 Beats $1.57 Estimate, Sales $2.096B Beat $2.057B Estimate"
2025-11-04,SGHC,0.156,0.1225,0.7853,0.0,0.0088,-0.108,-0.2326,earnings,4,"Super Group (SGHC) Q3 EPS $0.19 Beats $0.13 Estimate, Sales $556.900M Beat $476.711M Estimate"
2025-11-04,VITL,0.1613,0.1787,1.1079,-0.0455,-0.1204,-0.1833,-0.2318,earnings,3,"Earnings Scheduled For November 4, 2025"
2025-11-04,XMTR,0.2893,0.1419,0.4904,0.0008,0.0474,-0.0998,-0.0792,FDA / clinical,7,12 Industrials Stocks Moving In Monday's After-Market Session
2025-11-05,AEIS,0.1577,0.1359,0.8619,-0.0292,-0.0576,-0.0489,0.1268,earnings,9,"Advanced Energy Indus Q3 Adj. EPS $1.74 Beats $1.47 Estimate, Sales $463.300M Beat $441.589M Estimate"
2025-11-05,ALGT,0.2506,0.0318,0.1269,-0.0504,-0.0482,0.0947,-0.0658,FDA / clinical,6,"Allegiant Travel Q3 Adj. EPS $(2.09) Misses $(1.82) Estimate, Sales $561.900M Miss $575.366M Estimate"
2025-11-05,APPS,0.2314,0.3471,1.5,-0.1413,-0.225,-0.3032,-0.1543,earnings,8,"Digital Turbine Q2 Adj. EPS $0.15 Beats $0.05 Estimate, Sales $140.400M Beat $127.615M Estimate"
2025-11-05,ASST,0.168,0.064,0.381,-0.0068,-0.1164,-0.3312,-0.4048,no news found,0,
2025-11-05,DOCN,0.1801,0.1674,0.9299,0.0277,0.0559,0.0096,0.0138,earnings,5,"Earnings Scheduled For November 5, 2025"
2025-11-05,ESTA,0.2249,0.0913,0.4059,0.0727,0.0443,0.1686,0.2213,earnings,4,"Earnings Scheduled For November 5, 2025"
2025-11-05,FTRE,0.232,0.101,0.4356,-0.0778,-0.051,0.2134,0.0419,earnings,3,"Earnings Scheduled For November 5, 2025"
2025-11-05,INFQ,0.1908,0.0896,0.4696,-0.0406,-0.0731,-0.1727,-0.1492,no news found,0,
2025-11-05,JKS,0.1604,0.0205,0.1281,-0.0056,-0.0497,-0.1371,0.0288,no news found,0,
2025-11-05,LITE,0.2357,0.16,0.679,0.0298,0.0905,0.4086,0.1986,earnings,14,12 Information Technology Stocks Moving In Tuesday's After-Market Session
2025-11-05,LMND,0.3421,0.1541,0.4504,-0.0457,-0.022,-0.0245,0.0654,earnings,6,"Lemonade Q3 EPS $(0.51) Beats $(0.73) Estimate, Sales $194.500M Beat $184.511M Estimate"
2025-11-05,MNRO,0.1514,0.1745,1.1528,-0.0085,0.0316,0.1132,-0.1383,other news,1,12 Consumer Discretionary Stocks Moving In Wednesday's Intraday Session
2025-11-05,QLYS,0.2056,0.1671,0.8126,0.0061,0.0268,0.024,-0.0505,earnings,14,"Qualys Q3 Adj. EPS $1.86 Beats $1.56 Estimate, Sales $169.882M Beat $166.303M Estimate"
2025-11-05,RIVN,0.2336,0.0668,0.286,-0.013,0.1362,0.1712,-0.0573,earnings,12,"Rivian Automotive Q3 EPS $(0.96) Misses $(0.85) Estimate, Sales $1.558B Beat $1.501B Estimate"
2025-11-05,SEDG,0.2891,-0.0409,-0.1413,-0.0522,0.0363,-0.2214,-0.1049,earnings,6,"Earnings Scheduled For November 5, 2025"
2025-11-05,SLDP,0.5156,0.1113,0.2159,-0.2068,-0.2162,-0.3643,-0.1087,earnings,8,"Solid Power Q3 EPS $(0.14) Beats $(0.17) Estimate, Sales $3.732M Miss $5.700M Estimate"
2025-11-05,SRPT,0.1525,0.0241,0.1579,-0.0552,-0.0359,0.2223,-0.2993,analyst,6,"Mizuho Upgrades Sarepta Therapeutics to Outperform, Raises Price Target to $26"
2025-11-05,TDC,0.3259,0.2023,0.6207,0.0306,0.0109,0.0834,-0.0469,earnings,11,"Teradata Q3 Adj. EPS $0.72 Beats $0.54 Estimate, Sales $416.000M Beat $406.228M Estimate"
2025-11-05,U,0.1809,0.1737,0.9599,-0.0574,-0.0545,0.0423,-0.0146,earnings,4,"Earnings Scheduled For November 5, 2025"
2025-11-05,VCYT,0.2746,0.1074,0.3911,-0.0945,-0.0812,0.0298,0.0436,earnings,7,"Veracyte Q3 Adj. EPS $0.51 Beats $0.13 Estimate, Sales $131.900M Beat $124.917M Estimate"
2025-11-05,ZETA,0.194,0.1269,0.6543,-0.0181,0.0266,-0.0697,-0.1633,earnings,9,Zeta Global Holdings Raises Q4 Sales Guidance from $363.000M to $363.000M-$366.000M vs $362.533M Est
2025-11-06,APPN,0.3079,0.0914,0.2968,0.0503,0.1223,0.0678,-0.0074,earnings,7,"Earnings Scheduled For November 6, 2025"
2025-11-06,BHF,0.2683,0.2664,0.9928,0.0047,0.0014,-0.0053,0.0651,M&A,6,"Earnings Scheduled For November 6, 2025"
2025-11-06,COHR,0.1832,0.1416,0.773,-0.0301,-0.1213,0.1412,0.1539,earnings,11,"Coherent Q1 Adj. EPS $1.16 Beats $1.04 Estimate, Sales $1.581B Beat $1.535B Estimate"
2025-11-06,DDOG,0.2313,0.1543,0.6671,0.0022,-0.0254,-0.2065,-0.0557,earnings,12,Top Wall Street Forecasters Revamp Datadog Expectations Ahead Of Q3 Earnings
2025-11-06,FSLY,0.3594,0.202,0.5621,0.0538,0.0428,-0.041,-0.0594,earnings,9,"Fastly Q3 Adj. EPS $0.07 Beats $(0.07) Estimate, Sales $158.223M Beat $150.791M Estimate"
2025-11-06,FWRD,0.1815,0.2402,1.324,0.0005,0.0158,0.2392,-0.2744,FDA / clinical,4,"Forward Air Q3 EPS $(0.52) Misses $(0.25) Estimate, Sales $631.763M Miss $639.998M Estimate"
2025-11-06,HAE,0.3231,0.1214,0.3755,0.0186,0.1013,0.2508,-0.0051,earnings,7,"Haemonetics Q2 Adj. EPS $1.27 Beats $1.11 Estimate, Sales $327.316M Beat $311.399M Estimate"
2025-11-06,HCC,0.2306,0.1167,0.5059,-0.0004,-0.0104,0.0048,0.0181,earnings,4,"Warrior Met Coal Q3 Adj. EPS $0.70 Beats $(0.33) Estimate, Sales $328.589M Beat $304.334M Estimate"
2025-11-06,PEN,0.1732,0.1519,0.8766,0.006,0.0534,0.1362,-0.129,earnings,4,"Penumbra Q3 Adj. EPS $0.97 Beats $0.92 Estimate, Sales $354.685M Beat $340.795M Estimate"
2025-11-06,SITM,0.2177,0.1789,0.822,-0.0379,-0.1505,0.036,-0.1078,earnings,8,"SiTime Q3 Adj. EPS $0.87 Beats $0.71 Estimate, Sales $83.567M Beat $78.138M Estimate"
2025-11-06,URGN,0.2191,-0.0533,-0.2435,-0.0127,0.0161,-0.0238,0.1143,FDA / clinical,3,"Earnings Scheduled For November 6, 2025"
2025-11-07,ASPI,0.1749,-0.0352,-0.2015,-0.0089,-0.0989,-0.32,-0.1345,no news found,0,
2025-11-07,BYND,0.1681,-0.0084,-0.05,-0.036,-0.223,-0.1799,-0.3959,no news found,0,
2025-11-07,EOSE,0.1942,-0.0366,-0.1886,0.0509,-0.2442,-0.155,0.0444,no news found,0,
2025-11-07,EXPE,0.1755,0.1243,0.7081,0.0379,0.0248,0.0256,0.0133,earnings,20,"Expedia Group Q3 Adj. EPS $7.57 Beats $6.92 Estimate, Sales $4.412B Beat $4.280B Estimate"
2025-11-07,FROG,0.2696,0.1936,0.7182,0.072,-0.0152,0.0797,-0.0123,earnings,15,12 Information Technology Stocks Moving In Thursday's After-Market Session
2025-11-07,GCT,0.3005,0.0915,0.3046,0.0199,-0.0812,0.1906,-0.1051,earnings,4,12 Consumer Discretionary Stocks Moving In Thursday's After-Market Session
2025-11-07,GMED,0.3594,0.2964,0.8246,0.0294,0.0067,0.0609,0.0352,earnings,12,"Globus Medical Q3 Adj. EPS $1.18 Beats $0.78 Estimate, Sales $769.048M Beat $734.347M Estimate"
2025-11-07,G,0.1589,0.1225,0.7709,-0.005,0.0089,0.039,-0.0444,FDA / clinical,7,"Genpact Q3 Adj. EPS $0.97 Beats $0.90 Estimate, Sales $1.291B Beat $1.266B Estimate"
2025-11-07,PAR,0.1658,0.1125,0.6782,0.0008,0.0059,-0.1334,-0.1176,earnings,5,"PAR Technology Q3 Adj. EPS $0.06 Beats $(0.01) Estimate, Sales $119.183M Beat $112.252M Estimate"
2025-11-07,PGNY,0.2421,0.1477,0.6101,0.0559,0.0975,0.1042,-0.1245,earnings,7,"Progyny Q3 Adj. EPS $0.45 Beats $0.29 Estimate, Sales $313.346M Beat $299.836M Estimate"
2025-11-07,PLUS,0.1569,0.017,0.1082,0.0397,0.0629,0.0547,0.0153,earnings,1,"ePlus Q2 Adj. EPS $1.53 Beats $0.94 Estimate, Sales $608.800M Beat $518.300M Estimate"
2025-11-07,SNDK,0.1531,0.0035,0.023,0.1189,0.0613,-0.0585,0.6016,earnings,9,"SanDisk Q1 Adj. EPS $1.22 Beats $1.00 Estimate, Sales $2.308B Beat $2.164B Estimate"
2025-11-07,TNDM,0.2198,0.2003,0.9113,0.0068,0.1445,0.2755,-0.1005,earnings,5,"Tandem Diabetes Care Q3 Adj. EPS $(0.31), Inline, Sales $249.253M Beat $236.963M Estimate"
2025-11-07,TXG,0.1731,0.1008,0.5822,0.12,0.042,0.1456,0.1102,earnings,6,"10x Genomics Q3 EPS $(0.22) Beats $(0.29) Estimate, Sales $149.002M Beat $142.490M Estimate"
2025-11-07,UAMY,0.1785,-0.0595,-0.3333,-0.0781,-0.113,-0.2368,-0.3511,no news found,0,
2025-11-10,COGT,1.1903,1.2105,1.017,0.0296,0.0397,0.187,-0.0891,FDA / clinical,9,"Cogent Biosciences Files For Mixed Shelf Offering, Size Not Disclosed"
2025-11-10,MLYS,0.1704,-0.0003,-0.0015,0.0587,-0.0054,-0.1746,-0.0982,FDA / clinical,2,"Reported Friday, Mineralys Therapeutics Showcases Broad Clinical Potential of Lorundrostat Across Cardio-Renal-Metabolic Diseases"
2025-11-10,NVTS,0.2245,0.0714,0.3182,-0.05,-0.1948,-0.0448,-0.0474,analyst,1,"Rosenblatt Maintains Neutral on Navitas Semiconductor, Maintains $8 Price Target"
2025-11-10,OPEN,0.2149,0.0427,0.1986,0.064,-0.0163,-0.0703,-0.1334,crypto,4,Quantum Computer That Could 'Hack Everyone's Crypto': Why Eric Jackson Is Betting On BTQ Technologies As His Next 100-Bagger
2025-11-10,TSEM,0.1669,0.0349,0.2088,0.0171,-0.0278,0.264,0.1823,earnings,4,"Earnings Scheduled For November 10, 2025"
2025-11-11,EWTX,0.1751,0.0,0.0,-0.0144,0.0317,0.1052,0.2427,no news found,0,
2025-11-11,QURE,0.1793,0.013,0.0725,-0.0233,-0.0366,-0.347,-0.5784,contract / partnership,2,"Leerink Partners Maintains Outperform on uniQure, Lowers Price Target to $60"
2025-11-11,REAL,0.3809,0.2123,0.5574,-0.0459,-0.1176,-0.0536,0.1012,earnings,15,"RealReal Q3 Adj. EPS $(0.04) Beats $(0.06) Estimate, Sales $173.573M Beat $170.513M Estimate"
2025-11-11,SOC,0.205,0.0033,0.0163,-0.1148,-0.3638,-0.2628,-0.6776,analyst,2,"Roth Capital Reiterates Buy on Sable Offshore, Announces $22 Price Target"
2025-11-12,BBAI,0.1832,0.0561,0.3063,-0.1158,-0.1855,-0.06,-0.3199,earnings,4,Why BigBear.ai (BBAI) Stock Soared At The Open Today
2025-11-12,ONON,0.1799,0.2462,1.3681,0.0214,0.0431,0.1925,-0.166,earnings,12,Top Wall Street Forecasters Revamp On Holding Expectations Ahead Of Q3 Earnings
2025-11-13,ACVA,0.1603,0.0747,0.4659,-0.0204,0.0424,0.2543,-0.3719,no news found,0,
2025-11-13,CLBT,0.2073,0.1772,0.855,-0.043,-0.0954,-0.0239,-0.1725,earnings,13,"Cellebrite DI Q3 Adj. EPS $0.14 Beats $0.13 Estimate, Sales $126.029M Beat $122.014M Estimate"
2025-11-13,FLY,0.1699,0.2381,1.4019,0.0714,-0.2101,0.0317,-0.3814,FDA / clinical,13,"Firefly Aerospace Q3 Adj. EPS $(0.33) Beats $(0.41) Estimate, Sales $30.778M Beat $27.708M Estimate"
2025-11-13,ONDS,0.1906,0.147,0.7714,0.0945,-0.0442,0.3338,-0.4206,earnings,9,"Earnings Scheduled For November 13, 2025"
2025-11-13,TTEK,0.1528,0.1094,0.7154,-0.0321,-0.0596,-0.0746,-0.0016,FDA / clinical,6,"Tetra Tech Q4 Adj. EPS $0.44 Beats $0.40 Estimate, Sales $1.330B Beat $1.064B Estimate"
2025-11-14,CSIQ,0.1733,-0.0367,-0.2117,-0.1523,-0.3261,-0.3177,0.8299,analyst,1,"JP Morgan Maintains Underweight on Canadian Solar, Raises Price Target to $10"
2025-11-14,DNTH,0.1507,-0.0265,-0.1757,0.0122,0.0147,0.0262,-0.0139,no news found,0,
2025-11-14,FIGR,0.1633,0.0263,0.1611,0.0497,-0.1352,-0.0537,-0.1451,earnings,4,"Figure Technology Q3 EPS $0.42 Beats $0.15 Estimate, Sales $156.365M Beat $119.014M Estimate"
2025-11-14,LGN,0.2086,0.0504,0.2417,-0.0037,0.0124,0.0142,-0.0095,M&A,11,"Dow Tumbles Around 800 Points On US Government Reopening Day; Investor Fear Increases, Greed Index Moves To 'Extreme Fear' Zone"
2025-11-14,SRRK,0.2441,0.1633,0.6689,-0.0251,0.0748,0.2093,0.0214,earnings,6,"Earnings Scheduled For November 14, 2025"
2025-11-17,JAZZ,0.2057,0.1909,0.928,0.0613,0.0636,-0.0021,0.0368,FDA / clinical,7,"Jazz Pharmaceuticals Released Topline Results From Phase 3 HERIZON-GEA-01 Trial Of Ziihera (Zanidatamab-hrii) In Combination With Chemotherapy, With Or Without Tevimbra (Tislelizumab) For Untreated HER2+ Locally Advanced Or Metastatic Gastroesophageal Adenocarcinoma"
2025-11-17,PACS,0.4839,0.2146,0.4434,-0.0809,0.9083,1.1783,-0.137,earnings,5,"PACS Group To Release Q3 2025 Results On November 19, 2025"
2025-11-17,SGML,0.3234,0.3548,1.0969,-0.0312,0.2456,0.2756,-0.0242,other news,3,Why Quantum Computing Shares Are Trading Higher By Over 23%; Here Are 20 Stocks Moving Premarket
2025-11-17,VSTM,0.2111,0.0033,0.0157,0.0131,0.0754,-0.0557,-0.1806,no news found,0,
2025-11-17,ZYME,0.2905,0.296,1.019,-0.0381,0.0456,0.0816,0.0065,FDA / clinical,6,Zymeworks And Partners Report Statistically Significant And Clinically Meaningful Improvements Across PFS OS ORR And DoR In HERIZON GEA 01
2025-11-18,ARVN,0.1766,0.1685,0.9538,-0.1124,-0.067,-0.0978,0.1358,earnings,3,12 Health Care Stocks Moving In Tuesday's Pre-Market Session
2025-11-18,ONDS,0.2534,-0.016,-0.0631,-0.0434,0.0765,-0.0599,-0.195,earnings,3,"Amer Sports Posts Upbeat Q3 Earnings, Joins Diginex, James Hardie Industries  And Other Big Stocks Moving Higher On Tuesday"
2025-11-19,AMTM,0.1712,-0.0018,-0.0107,-0.0447,0.1493,0.1242,-0.0464,earnings,4,"UBS Initiates Coverage On Amentum Holdings with Neutral Rating, Announces Price Target of $25"
2025-11-19,LZB,0.2021,0.159,0.7869,0.0222,0.1112,0.1057,-0.0969,earnings,8,"La-Z-Boy Q2 Adj. EPS $0.71 Beats $0.61 Estimate, Sales $522.480M Beat $522.409M Estimate"
2025-11-19,PACS,0.1663,-0.0042,-0.025,0.5532,0.9109,1.1034,0.1544,earnings,2,"Earnings Scheduled For November 19, 2025"
2025-11-19,PVLA,0.1684,0.0603,0.3579,-0.0554,0.0318,-0.0069,0.0963,analyst,1,"Raymond James Upgrades Palvella Therapeutics to Strong Buy, Raises Price Target to $143"
2025-11-19,SGML,0.3333,0.1454,0.4363,-0.0931,0.0241,0.1207,0.2294,no news found,0,
2025-11-20,NFE,0.2586,0.069,0.2667,-0.1712,-0.1644,-0.1712,-0.3483,earnings,1,"Nutex Health Posts Strong Q3 Results, Joins PACS Group, Walmart, Cerence And Other Big Stocks Moving Higher On Thursday"
2025-11-20,NUTX,0.2687,0.1142,0.4249,-0.0381,-0.1913,0.2079,-0.0185,earnings,4,"Nutex Health Q2 EPS $(2.95) Misses $1.09 Estimate, Sales $243.985M Beat $213.812M Estimate"
2025-11-20,PACS,0.5532,0.5264,0.9517,0.052,0.2781,0.3921,0.3573,earnings,10,"PACS Group Q3 EPS $0.32 Misses $0.33 Estimate, Sales $1.345B Beat $975.647M Estimate"
2025-11-21,AZTA,0.163,0.1333,0.818,0.0519,-0.0009,-0.0057,-0.0738,earnings,4,"Earnings Scheduled For November 21, 2025"
2025-11-21,HLF,0.2438,0.0353,0.1447,-0.0033,0.0534,0.1384,0.1328,earnings,1,"Ross Stores Posts Strong Q3 Results, Joins Enviri, Azenta And Other Big Stocks Moving Higher On Friday"
2025-11-24,BBAI,0.1611,0.0259,0.1609,-0.0128,-0.0766,-0.0239,-0.234,contract / partnership,3,BigBear.ai (BBAI) Stock Is Climbing Again Monday: Here's Why Traders Are Circling Back
2025-11-24,BMNR,0.1962,0.0362,0.1843,-0.0704,0.0261,-0.0421,-0.4843,crypto,6,"BitMine Announces $11.2B in Crypto, Cash, And ""Moonshot"" Holdings Including 3.6M ETH Tokens At $2,840/ETH"
2025-11-24,CIFR,0.1809,0.0583,0.3223,0.0485,0.0557,-0.0479,-0.3151,crypto,8,"Benzinga Bulls And Bears: Nvidia, Webull, Netflix — And Tech Stocks Face Worst Sell-Off Since April"
2025-11-24,CLSK,0.1799,0.0504,0.28,0.0296,0.1943,0.0026,-0.4975,earnings,6,"JP Morgan Upgrades Cleanspark to Overweight, Maintains Price Target to $14"
2025-11-24,CLS,0.1517,0.0151,0.0998,0.0162,-0.0566,-0.0592,-0.0558,other news,2,"Alibaba, Oscar Health, Ondas Holdings, Lumentum, Tesla And Other Big Stocks Moving Higher On Monday"
2025-11-24,GRAL,0.1908,0.0205,0.1076,-0.0333,-0.1259,-0.1796,0.0465,no news found,0,
2025-11-24,INSP,0.3051,0.1766,0.5788,0.1117,0.1419,-0.1902,0.1593,government / policy,5,12 Health Care Stocks Moving In Monday's Pre-Market Session
2025-11-24,LITE,0.1713,0.0454,0.2653,-0.027,0.0115,0.2941,0.4255,government / policy,8,$100 Invested In Lumentum Holdings 10 Years Ago Would Be Worth This Much Today
2025-11-24,ONDS,0.2947,0.0074,0.0252,-0.0321,-0.0745,0.0275,-0.0972,M&A,3,"Alibaba, Oscar Health, Ondas Holdings, Lumentum, Tesla And Other Big Stocks Moving Higher On Monday"
2025-11-24,OSCR,0.2233,0.2055,0.9203,0.0146,0.0218,-0.1001,-0.3012,government / policy,6,Politico Reported The White House To Propose A Two-year Extension Of Obamacare Subsidies With New Limits On Eligibility
2025-11-24,RLAY,0.2068,0.0133,0.0643,-0.0147,-0.0832,0.0171,-0.0131,other news,1,"Alibaba, Oscar Health, Ondas Holdings, Lumentum, Tesla And Other Big Stocks Moving Higher On Monday"
2025-11-25,AMTM,0.1825,0.1175,0.6436,-0.0223,-0.048,-0.003,0.1296,FDA / clinical,7,"Amentum Holdings Q4 Adj. EPS $0.63 Beats $0.59 Estimate, Sales $3.925B Beat $3.613B Estimate"
2025-11-25,ANF,0.3754,0.1931,0.5144,0.0543,0.1038,0.4045,-0.1123,earnings,11,Abercrombie & Fitch Gears Up For Q3 Print; Here Are The Recent Forecast Changes From Wall Street's Most Accurate Analysts
2025-11-25,KSS,0.425,0.239,0.5624,0.0749,0.0248,-0.0313,-0.039,earnings,10,Kohl's Names New CEO Amid Sales Slump— Q3 Earnings In Focus On Tuesday
2025-11-25,PLAY,0.1544,0.0101,0.0654,0.0875,0.095,0.015,-0.2178,other news,1,"Abercrombie & Fitch, Titan Machinery, Zoom Communications, Woodward And Other Big Stocks Moving Higher On Tuesday"
2025-11-25,SPRY,0.1557,-0.0025,-0.016,0.0312,0.0291,0.2371,-0.16,no news found,0,
2025-11-25,SYM,0.3936,0.3247,0.8249,0.1295,-0.0527,-0.2458,-0.2154,FDA / clinical,16,"Symbotic Q4 EPS $(0.03), Inline, Sales $618.457M Beat $604.000M Estimate"
2025-11-26,ARWR,0.2334,0.0128,0.0549,-0.0868,0.1204,0.2157,0.1831,earnings,8,Arrowhead Pharmaceuticals FY25 EPS $(0.01) Up From $(5.00) YoY; Revenue $829.448M Up From $3.551M YoY
2025-11-26,BYND,0.1902,0.0124,0.0654,-0.0376,0.2157,-0.1176,-0.5661,other news,1,Beyond Meat Stock Rises Ahead Of Thanksgiving: What Investors Need To Know
2025-11-26,TRVI,0.1699,0.0106,0.0622,-0.0075,0.0135,-0.0331,0.0788,no news found,0,
2025-11-28,EXK,0.152,0.0452,0.2977,-0.0534,-0.1269,-0.0363,0.0668,other news,1,"Micron, Endeavour Silver, First Majestic Silver, Applied Digital And Other Big Stocks Moving Higher On Friday"
2025-11-28,TMC,0.1938,0.1252,0.646,-0.097,0.0905,-0.092,-0.1526,other news,2,Why Heartbeam Shares Are Trading Higher By Around 43%; Here Are 20 Stocks Moving Premarket
2025-12-01,BYND,0.365,-0.0275,-0.0753,-0.0373,-0.1493,-0.3682,-0.4051,no news found,0,
2025-12-01,CAPR,0.243,0.0,0.0,-0.0436,3.2947,3.3549,-0.1385,other news,1,"Benzinga Bulls And Bears: Alphabet, Reddit, Oklo — And Markets Bounce Bank On Rate Cut Hopes"
2025-12-02,MDB,0.2223,0.237,1.0661,0.0098,0.03,0.044,-0.086,earnings,43,"MongoDB Q3 Adj. EPS $1.32 Beats $0.80 Estimate, Sales $628.309M Beat $591.519M Estimate"
2025-12-02,TMC,0.1774,0.0772,0.435,0.0432,0.0459,-0.1662,-0.111,earnings,2,"Simulations Plus Posts Strong Q4 Results, Joins Credo Technology Group, United Natural Foods, Boeing And Other Big Stocks Moving Higher On Tuesday"
2025-12-03,AEO,0.1507,0.1453,0.9643,0.0089,0.0081,0.0999,0.2602,earnings,21,12 Consumer Discretionary Stocks Moving In Tuesday's After-Market Session
2025-12-03,AEVA,0.2571,0.0918,0.3571,0.16,0.1278,-0.0687,-0.2938,earnings,5,OEM Selects Aeva As Exclusive LiDAR Supplier For Global Series-Production Vehicle Platform To Enable Level 3 Automated Driving
2025-12-03,CAPR,3.7107,3.717,1.0017,-0.1522,-0.0431,-0.0551,0.0478,FDA / clinical,17,Why American Eagle Shares Are Trading Higher By 15%; Here Are 20 Stocks Moving Premarket
2025-12-03,SERV,0.1824,0.0586,0.3214,0.1017,0.0356,0.0025,-0.227,earnings,3,12 Consumer Discretionary Stocks Moving In Tuesday's After-Market Session
2025-12-04,AEVA,0.16,0.019,0.1187,-0.0743,0.0781,-0.1757,-0.0076,analyst,2,12 Information Technology Stocks Moving In Thursday's Intraday Session
2025-12-04,ASPI,0.164,0.0524,0.3191,-0.0195,-0.0315,-0.0195,-0.3029,earnings,3,"Cantor Fitzgerald Initiates Coverage On ASP Isotopes with Overweight Rating, Announces Price Target of $13"
2025-12-04,ASTS,0.1825,0.0127,0.0696,0.0175,0.1666,0.2515,-0.1229,other news,3,10 Communication Services Stocks With Whale Alerts In Today's Session
2025-12-04,AXGN,0.1597,0.0967,0.6055,0.0142,-0.0875,-0.0333,0.1918,FDA / clinical,5,"Reported Earlier, FDA Approves Axogen Biologics License Application For AVANCE For Peripheral Nerve Discontinuities In Adult And Pediatric Patients"
2025-12-04,BBAI,0.1508,0.0,0.0,-0.0285,-0.0399,-0.1624,0.0646,no news found,0,
2025-12-04,BE,0.1521,0.0041,0.0269,0.0092,-0.0771,-0.1204,-0.2057,no news found,0,
2025-12-04,CRML,0.2005,-0.0133,-0.0663,0.0161,-0.0543,-0.0543,-0.2466,no news found,0,
2025-12-04,EOSE,0.1506,-0.0103,-0.0686,-0.0385,0.0545,-0.1366,-0.039,FDA / clinical,1,10 Industrials Stocks With Whale Alerts In Today's Session
2025-12-04,EYPT,0.1515,0.0,0.0,0.061,-0.0371,0.0425,0.1719,no news found,0,
2025-12-04,FLNC,0.1758,0.0131,0.0745,0.0266,0.105,-0.0467,0.0349,earnings,3,"Jensen Huang Reveals AI's Biggest Problem, And It Is Not Chips — Joe Rogan Agrees This Is The 'Smartest' Way To Solve It"
2025-12-04,NUTX,0.1901,0.0142,0.0747,0.0265,0.2149,0.0692,0.0398,other news,1,"Nutex Health Extends $25M Stock Buyback Program By Over Six Months, Now Extended to March 31, 2026"
2025-12-04,OKLO,0.1559,0.004,0.0259,-0.0625,-0.0775,-0.1998,-0.1394,index inclusion,2,"Nvidia CEO Says Nuclear Is AI's Future — Oklo, NuScale Ready To Roar Back?"
2025-12-04,PATH,0.2436,0.0834,0.3425,0.0103,-0.0244,-0.1326,0.0413,earnings,24,"UiPath Q3 Adj. EPS $0.16 Beats $0.15 Estimate, Sales $411.113M Beat $392.967M Estimate"
2025-12-04,RGTI,0.1544,-0.0084,-0.0547,-0.0649,-0.1058,-0.168,-0.2598,other news,1,IonQ Stock Surges As Quantum Enthusiasm Returns: What's Going On?
2025-12-04,SAIC,0.1629,0.051,0.3133,-0.0116,-0.0181,0.0533,-0.0428,FDA / clinical,8,"Earnings Scheduled For December 4, 2025"
2025-12-04,UAMY,0.1504,-0.0188,-0.125,0.0392,-0.0196,0.1225,-0.2367,no news found,0,
2025-12-04,USAR,0.2468,0.0021,0.0087,-0.0149,0.0738,-0.0961,-0.1422,contract / partnership,2,USA Rare Earth Subsidiary Less Common Metals Signs Supply Agreement With Solvay And Arnold Magnetic Technologies To Secure Ex-China Rare Earth Metals Supply
2025-12-05,PRAX,0.3054,0.2686,0.8795,0.0927,0.0839,0.1004,0.1539,FDA / clinical,13,"Praxis Precision Medicines Secures FDA Alignment In Pre-NDA Meeting, Plans NDA Submission In Early 2026"
2025-12-05,RBRK,0.2249,0.2358,1.0486,0.0328,-0.0549,-0.1294,-0.0265,earnings,18,"Rubrik Q3 Adj. EPS $0.10 Beats $(0.17) Estimate, Sales $350.166M Beat $319.252M Estimate"
2025-12-05,VSXY,0.1799,0.1684,0.9358,0.0326,0.1109,0.1904,0.1106,no news found,0,
2025-12-08,KYMR,0.4155,0.3385,0.8147,-0.0787,-0.0914,-0.1867,0.0921,FDA / clinical,8,"Kymera Therapeutics To Announce Results From BroADen Phase 1b Clinical Trial Evaluating KT-621, Oral STAT6 Degrader, In Patients With Moderate To Severe AD On December 8"
2025-12-08,NRIX,0.1868,0.1846,0.9882,-0.0894,-0.1146,-0.1388,0.4449,FDA / clinical,4,"Reported Saturday, Nurix Advances Bexobrutideg NX-5948 Into Global DAYBreak-CLL-201 Phase 2 Enrollment Following Phase 1 Durability And Tolerability Data"
2025-12-08,OCUL,0.2806,0.159,0.5666,-0.0099,-0.1204,-0.2862,0.1834,FDA / clinical,7,Why Confluent Shares Are Trading Higher By Around 32%; Here Are 20 Stocks Moving Premarket
2025-12-08,WVE,1.4726,0.7123,0.4837,0.1506,-0.1301,-0.1668,-0.0495,FDA / clinical,7,"Reported Sunday, Wave Life Sciences To Announce Interim Phase 1 INLIGHT Data For WVE-007 INHBE GalNAc-siRNA In Obesity On December 8, 2025"
2025-12-09,WVE,0.1506,0.0745,0.4946,-0.0507,-0.2299,-0.3041,1.3562,analyst,10,Wave Life Sciences Announces Proposed $250M Public Offering Of Ordinary Shares And Pre-Funded Warrants
2025-12-10,AAOI,0.1514,-0.0272,-0.1793,0.0383,-0.2241,-0.0269,0.1951,index inclusion,1,These 10 Stocks Jumped After The Fed's December Rate Cut
2025-12-10,BRZE,0.1808,0.1481,0.8195,-0.0348,-0.0406,-0.1691,0.0884,earnings,21,"Braze Q3 Adj. EPS $0.06, Inline, Sales $190.842M Beat $184.084M Estimate"
2025-12-10,GEV,0.1562,0.1069,0.6843,-0.026,-0.1505,-0.1384,0.0785,FDA / clinical,21,12 Industrials Stocks Moving In Tuesday's After-Market Session
2025-12-10,PLAB,0.4539,0.2526,0.5566,0.0621,-0.1175,-0.1076,0.1428,earnings,6,"Earnings Scheduled For December 10, 2025"
2025-12-10,VELO,0.305,0.2155,0.7065,0.5558,0.1023,1.3372,0.3449,FDA / clinical,5,12 Industrials Stocks Moving In Tuesday's After-Market Session
2025-12-10,WRBY,0.2735,0.0125,0.0457,0.0223,-0.0944,-0.0429,0.3353,other news,3,"Daktronics, Photronics, Dave & Buster's Entertainment, GE Vernova And Other Big Stocks Moving Higher On Wednesday"
2025-12-11,DXYZ,0.1617,0.0769,0.4757,0.0259,-0.1776,-0.177,0.3238,other news,1,Why Planet Labs Shares Are Trading Higher By Around 16%; Here Are 20 Stocks Moving Premarket
2025-12-11,GEMI,0.3195,0.1285,0.4022,-0.1181,-0.2795,-0.3002,-0.1926,government / policy,4,Gemini Space Station Affiliate Secures Designated Contract Market License From Commodity Futures Trading Commission To Launch U.S. Prediction Markets
2025-12-11,PL,0.3501,0.2202,0.6291,0.0441,0.0011,0.4562,0.0377,FDA / clinical,21,12 Industrials Stocks Moving In Wednesday's After-Market Session
2025-12-11,VELO,0.5558,-0.014,-0.0251,-0.1091,-0.1442,0.651,0.4503,FDA / clinical,2,12 Industrials Stocks Moving In Thursday's Intraday Session
2025-12-12,CDNL,0.1715,-0.002,-0.0115,-0.0479,-0.1885,-0.1275,0.077,no news found,0,
2025-12-12,TLRY,0.4413,0.3808,0.8629,-0.1004,-0.0815,-0.2272,-0.3146,earnings,11,Tilray Brands (TLRY) Stock Shoots Up 32% After Hours: Here's Why It Is Trending Overnight (CORRECTED)
2025-12-15,IMNM,0.1569,0.1712,1.0912,0.0371,-0.0269,-0.083,0.1853,FDA / clinical,5,"Reported Sunday, Immunome Schedules Webcast To Disclose Phase 3 RINGSIDE Topline Results For Varegacestat In Desmoid Tumors"
2025-12-16,TLRY,0.2754,-0.0384,-0.1395,-0.076,-0.2446,-0.3034,0.012,government / policy,5,Trump Weighs Marijuana Changes: 'A Lot Of People Want To See It'
2025-12-18,DJT,0.4193,0.2832,0.6754,0.0828,-0.0734,-0.0639,-0.0279,M&A,10,Trump Media & Technology Signs Definitive Merger Agreement With TAE Technologies To Combine In All-Stock Transaction Valued At More Than $6B
2025-12-18,FCEL,0.2203,0.1759,0.7989,-0.1349,-0.1203,-0.1037,0.155,FDA / clinical,7,"Earnings Scheduled For December 18, 2025"
2025-12-18,PCT,0.1946,0.0819,0.4207,-0.0022,0.0124,0.2865,-0.1337,no news found,0,
2025-12-18,RIVN,0.1503,0.0357,0.2377,0.107,0.0306,-0.2032,0.1761,analyst,5,"Baird Upgrades Rivian Automotive to Outperform, Raises Price Target to $25"
2025-12-18,SOC,0.5625,0.5246,0.9327,-0.057,0.0339,0.3358,0.1478,earnings,4,What Sparked Sable Offshore's (SOC) 68% After-Hours Stock Surge?
2025-12-18,VELO,0.2078,0.0411,0.198,-0.0541,0.179,0.676,1.1497,FDA / clinical,1,12 Industrials Stocks Moving In Thursday's Intraday Session
2025-12-19,APLD,0.1653,0.028,0.1696,-0.0025,-0.1092,0.2589,0.0351,earnings,1,"Carnival Posts Strong Q4 Earnings, Joins Amicus Therapeutics, Biomarin Pharmaceutical And Other Big Stocks Moving Higher On Friday"
2025-12-19,ASTS,0.1503,0.0272,0.1811,0.1403,-0.0576,0.3647,0.1365,other news,1,"Tech Stocks Rally, Silver Hits New Record Highs: What's Moving Markets Friday?"
2025-12-19,BMRN,0.1771,0.0549,0.3098,-0.0306,-0.0182,-0.0716,-0.0116,M&A,7,BioMarin To Acquire Amicus For $14.50/Shr In All-Cash Transaction For Total Equity Value Of ~$4.8B
2025-12-19,CRWV,0.2264,0.047,0.2076,0.022,-0.0973,0.1331,-0.0966,earnings,8,"CoreWeave Joins The Genesis Mission, A DOE Initiative That Brings Together The Nation's Leading Scientific Institutions, Supercomputing Centers, AI Platforms, And Technology Providers To Accelerate Discovery Science, Strengthen National Security, And Advance U.s. Energy Innovation"
2025-12-19,EWTX,0.208,0.0331,0.1591,-0.1804,-0.0364,0.1444,-0.0533,earnings,2,"Carnival Posts Strong Q4 Earnings, Joins Amicus Therapeutics, Biomarin Pharmaceutical And Other Big Stocks Moving Higher On Friday"
2025-12-19,FLY,0.2282,0.0135,0.059,0.1602,-0.0426,0.1724,0.0335,FDA / clinical,4,Keybanc Initiates Coverage On Firefly Aerospace with Sector Weight Rating
2025-12-19,LUNR,0.377,0.0912,0.2421,0.1171,0.0509,0.3119,0.2379,FDA / clinical,6,Why Oracle Shares Are Trading Higher By Over 5%; Here Are 20 Stocks Moving Premarket
2025-12-19,ONDS,0.1821,0.0244,0.1338,0.0054,-0.0824,0.3612,0.04,other news,2,12 Information Technology Stocks Moving In Friday's Intraday Session
2025-12-19,RKLB,0.1769,0.02,0.1132,0.0997,-0.0057,0.2453,0.3737,FDA / clinical,3,Elon Musk's SpaceX Confirms Satellite Anomaly After Debris Detected In Orbit: 'Will Reenter The Earth's Atmosphere And Fully Demise Within Weeks'
2025-12-22,AAOI,0.2482,0.031,0.1248,0.0395,-0.0787,-0.0242,0.607,other news,2,"UniFirst, Adeia, Cytokinetics And Other Big Stocks Moving Higher On Monday"
2025-12-22,ADEA,0.3058,0.2687,0.8789,0.0241,0.0567,0.1943,0.0921,earnings,7,Adeia Signs Agreement With Walt Disney For Access To Adeia's Media Intellectual Property Portfolio
2025-12-22,FLY,0.1602,0.0349,0.2177,-0.0748,-0.2056,0.0811,0.4569,index inclusion,3,Firefly Aerospace To Join Russell 2000 And Russell 3000
2025-12-22,QBTS,0.2002,0.0313,0.1564,-0.0954,-0.1845,-0.1479,0.3077,other news,2,12 Information Technology Stocks Moving In Monday's Intraday Session
2025-12-22,UMAC,0.2091,0.0457,0.2184,0.0924,0.0,0.5365,0.2693,other news,2,"UniFirst, Adeia, Cytokinetics And Other Big Stocks Moving Higher On Monday"
2025-12-22,UNF,0.1615,0.2531,1.567,0.0069,-0.013,0.0565,0.0666,M&A,5,WSJ: Cintas Submits another Offer To Acquire UniFirst
2025-12-22,VELO,0.4395,0.1542,0.3508,-0.0436,-0.0654,0.1597,1.4447,FDA / clinical,5,12 Industrials Stocks Moving In Monday's Pre-Market Session
2025-12-23,SOC,0.3632,0.1618,0.4457,-0.0483,-0.1293,0.0068,0.7002,government / policy,3,"Sable Offshore Corp Said On Dec 22, US Pipeline and Hazardous Materials Safety Administration Approved Company's Restart Plan For Las Flores Pipeline System -"
2025-12-24,AGIO,0.1863,0.1387,0.7445,-0.0394,-0.0682,-0.0117,-0.0717,FDA / clinical,10,Trading Halt: Halted at 5:59:25 p.m. ET - Trading Halt: Halt News Pending
2025-12-24,EWTX,0.255,0.0329,0.1289,-0.0344,-0.1297,0.0267,-0.0739,FDA / clinical,4,Edgewise Therapeutics CIRRUS-HCM Phase 2 Study's Part D Demonstrates EDG-7500 Was Well Tolerated; No Clinically Meaningful Reductions In LVEF Or LVEF <50%
2025-12-31,AXSM,0.2275,0.0652,0.2866,-0.0216,-0.0826,0.0088,-0.0016,FDA / clinical,7,Axsome Therapeutics Says FDA Pre-NDA Meeting Minutes Support NDA Submission For AXS-12 For Cataplexy In Narcolepsy
2026-01-02,ASST,0.1714,0.0285,0.166,0.1914,0.0943,-0.1637,-0.287,no news found,0,
2026-01-02,BIDU,0.1503,0.1062,0.7067,-0.0041,-0.045,-0.0115,0.0981,index inclusion,11,"Consumer Tech News (Dec 22-26): Trump Ends ""Woke"" Policies at U.S. Universities, FCC Blocks Chinese Drone Competition & More"
2026-01-02,CRML,0.17,0.0231,0.1356,0.1576,0.8442,0.5505,-0.1537,other news,1,"Ironwood Pharmaceuticals, Baidu, Vertiv Holdings And Other Big Stocks Moving Higher On Friday"
2026-01-02,FLNC,0.1633,0.0293,0.1796,-0.033,0.0083,0.3425,-0.009,other news,1,"Ironwood Pharmaceuticals, Baidu, Vertiv Holdings And Other Big Stocks Moving Higher On Friday"
2026-01-02,GRRR,0.1529,0.0513,0.3353,0.0349,0.0087,0.0477,-0.1708,no news found,0,
2026-01-02,NVTS,0.1737,0.0504,0.2903,0.08,0.2017,0.0286,-0.1418,no news found,0,
2026-01-02,RCAT,0.1551,0.0404,0.2602,0.19,0.2773,0.488,0.1394,no news found,0,
2026-01-02,RDW,0.1882,0.0421,0.2238,0.1362,0.2159,0.2049,0.4559,FDA / clinical,1,10 Industrials Stocks Whale Activity In Today's Session
2026-01-02,SMR,0.151,0.0275,0.1822,0.1514,0.2575,0.0104,-0.2507,no news found,0,
2026-01-02,SOC,0.3004,0.1851,0.6162,-0.098,-0.1628,-0.2319,1.0,analyst,4,Why Baidu Shares Are Trading Higher By Over 12%; Here Are 20 Stocks Moving Premarket
2026-01-02,SNDK,0.1595,0.0294,0.1841,-0.0042,0.3712,1.4169,0.156,other news,3,Looking Into SanDisk Corp's Recent Short Interest
2026-01-02,TE,0.1737,0.0472,0.2716,0.0459,-0.1148,0.1046,0.4093,FDA / clinical,3,"Ironwood Pharmaceuticals, Baidu, Vertiv Holdings And Other Big Stocks Moving Higher On Friday"
2026-01-02,UAMY,0.1813,0.0359,0.1978,0.1585,0.2901,0.3255,-0.0634,no news found,0,
2026-01-02,USAR,0.1891,0.0319,0.1689,0.1166,0.2212,0.5625,-0.1276,no news found,0,
2026-01-02,VELO,0.2067,0.0197,0.0951,-0.0555,0.2123,-0.24,1.5587,no news found,0,
2026-01-05,ASPI,0.1616,0.0657,0.4066,-0.0046,0.1453,-0.0352,-0.0175,no news found,0,
2026-01-05,ASST,0.1914,0.092,0.4804,0.0097,0.068,-0.3379,-0.1767,other news,1,"Altimmune, GH Research, Gyre Therapeutics And Other Big Stocks Moving Higher On Monday"
2026-01-05,AVAV,0.1609,0.0483,0.3003,0.066,0.2464,-0.0403,-0.0574,government / policy,3,"How Trump Moved Stocks In 2025: Crypto, Drones, Health Care Sectors"
2026-01-05,BKKT,0.3147,0.0987,0.3136,0.0453,0.2989,-0.1765,-0.2331,no news found,0,
2026-01-05,CRML,0.1576,0.0702,0.4453,0.2564,0.5702,0.6106,-0.0193,other news,2,"Altimmune, GH Research, Gyre Therapeutics And Other Big Stocks Moving Higher On Monday"
2026-01-05,FIGR,0.2167,0.0267,0.1234,0.0524,-0.0186,-0.1631,0.2363,other news,1,"Altimmune, GH Research, Gyre Therapeutics And Other Big Stocks Moving Higher On Monday"
2026-01-05,INOD,0.1702,0.0568,0.3337,0.0484,-0.0056,-0.1229,-0.1117,analyst,2,"BWS Financial Maintains Buy on Innodata, Maintains $110 Price Target"
2026-01-05,QXO,0.1815,0.038,0.2095,0.0292,0.0644,-0.0197,-0.014,FDA / clinical,4,"Palantir, Tesla, And Applovin Are Among Top 10 Large Cap Losers Last Week (Dec. 29-Jan. 2): Are the Others in Your Portfolio?"
2026-01-05,RCAT,0.19,0.0437,0.2299,-0.0073,0.0954,0.3073,0.2132,government / policy,2,"How Trump Moved Stocks In 2025: Crypto, Drones, Health Care Sectors"
2026-01-05,SMR,0.1514,0.1002,0.6619,0.0421,0.0501,-0.0479,-0.1902,government / policy,2,"How Trump Moved Stocks in 2025: Nuclear, Space, Quantum Sectors"
2026-01-05,UAMY,0.1585,0.0793,0.5,0.0175,0.2475,0.4047,0.1147,other news,1,"Altimmune, GH Research, Gyre Therapeutics And Other Big Stocks Moving Higher On Monday"
2026-01-06,AEVA,0.3438,0.2574,0.7489,-0.0341,0.1313,-0.2854,-0.1757,FDA / clinical,7,Why Cyclerion Therapeutics Shares Are Trading Higher By 44%; Here Are 20 Stocks Moving Premarket
2026-01-06,CRML,0.2564,0.0883,0.3444,0.1643,0.1448,0.1033,-0.0543,other news,1,Critical Metals Option Alert: Mar 20 $20 Calls Sweep (22) near the Ask: 2621 @ $0.801 vs 421 OI; Ref=$11.08
2026-01-06,NFE,0.1651,-0.0092,-0.0556,-0.0394,-0.0079,0.0472,-0.2214,no news found,0,
2026-01-06,SNDK,0.2756,0.0535,0.1941,0.0112,0.1149,0.6719,0.2849,FDA / clinical,3,"Microchip Technology, Alumis, Terrestrial Energy, Bright Minds Biosciences And Other Big Stocks Moving Higher On Tuesday"
2026-01-06,VELO,0.2107,0.0026,0.0121,-0.0517,0.0593,-0.3476,1.47,FDA / clinical,1,12 Industrials Stocks Moving In Tuesday's Intraday Session
2026-01-06,WDC,0.1677,0.0092,0.055,-0.0889,-0.0245,0.228,0.1669,other news,2,"Benzinga Market Summary: S&P Rises Amid New Year Trading, Oil Pulls Back Following Venezuela Volatility, Memory Stocks Surge"
2026-01-07,BHVN,0.2204,0.0062,0.0283,-0.0324,-0.0034,-0.0835,0.0073,no news found,0,
2026-01-07,CRML,0.1643,0.044,0.268,-0.0204,0.3036,-0.2247,0.1693,government / policy,2,Critical Metals Corp Approves Construction Of Greenland Pilot Plant And Infrastructure For Tanbreez Rare Earths Project
2026-01-07,GLUE,0.4541,0.3685,0.8116,0.0872,0.0335,-0.1881,-0.0804,FDA / clinical,8,"Monte Rosa Therapeutics To Present Interim Clinical Results From The Ongoing Phase 1 Study Of The NEK7-Directed MGD MRT-8102 On Wednesday, January 7, at 8:00 a.m. ET"
2026-01-07,RVMD,0.2863,0.0138,0.0481,0.0456,0.1802,-0.0639,0.0026,other news,1,'AbbVie Near Deal for Revolution Medicines' - WSJ Exclusive
2026-01-07,TNGX,0.2192,0.0124,0.0566,-0.0623,0.0509,0.0136,0.0042,no news found,0,
2026-01-08,ARDX,0.2007,0.0575,0.2863,0.1057,0.0057,0.0457,-0.0085,earnings,1,"Ardelyx Reports ~$378M In 2025 Product Revenue; IBSRELA Delivers $274M, Up 73% YoY; IBSRELA Guided To $410M-$430M In 2026, $1B By 2029; XPHOZAH Posts $104M In 2025 Revenue; FY26 XPHOZAH Revenue Is Expected To Be Between $110M-$120M"
2026-01-08,ELVN,0.5029,0.0821,0.1632,0.1183,0.0826,0.2654,-0.2461,FDA / clinical,5,"Enliven Therapeutics Announces Initial Data From Ongoing Phase 1b ENABLE Clinical Trial Evaluating ELVN-001 In Patients With CML That Is Relapsed, Refractory Or Intolerant To Available TKIs"
2026-01-08,KRUS,0.167,-0.0349,-0.2088,0.0655,0.1372,0.2212,0.0379,earnings,2,"Kura Sushi USA Q1 Adj. EPS $(0.23) Misses $(0.14) Estimate, Sales $73.455M Beat $72.833M Estimate"
2026-01-08,MLTX,0.2702,0.434,1.6066,0.2894,0.1402,0.0816,-0.2508,FDA / clinical,4,MoonLake Immunotherapeutics Announces Feedback From Type B Meeting; FDA Feedback Confirmed Co. May Establish Substantial Evidence Of Effectiveness Without Additional Clinical Trials In Hidradenitis Suppurativa
2026-01-08,NEOG,0.3157,0.252,0.7983,-0.0093,-0.0257,0.1123,0.2219,earnings,6,"Earnings Scheduled For January 8, 2026"
2026-01-08,ONDS,0.1502,0.0842,0.5601,-0.0228,-0.0849,-0.3084,0.3503,earnings,3,12 Information Technology Stocks Moving In Thursday's Pre-Market Session
2026-01-09,AEHR,0.1595,0.0529,0.3315,0.0011,0.0946,0.0483,-0.0742,earnings,7,"Aehr Test Systems Q2 Adj. EPS $(0.04), Inline, Sales $9.884M Miss $11.590M Estimate"
2026-01-09,AEVA,0.1764,0.0154,0.0872,-0.0388,-0.0267,-0.2954,0.1141,other news,2,"CG Oncology, Rich Sparkle Holdings, Liquidia And Other Big Stocks Moving Higher On Friday"
2026-01-09,APLD,0.1797,0.031,0.1725,0.0141,-0.0074,0.0154,-0.0253,earnings,4,Applied Digital Posts Strong Q2 As Talks With New Hyperscaler Tenant Advance
2026-01-09,ASPI,0.1661,0.1273,0.7664,-0.0027,0.0306,-0.237,0.0255,other news,2,"CG Oncology, Rich Sparkle Holdings, Liquidia And Other Big Stocks Moving Higher On Friday"
2026-01-09,CGON,0.2926,0.0532,0.1817,-0.0089,0.0098,-0.0576,0.0046,FDA / clinical,4,CG Oncology Announces Expedited Timeline For Topline Data Readout Now Expected In H1 2026 For Phase 3 PIVOT-006 Clinical Trial In IR NMIBC
2026-01-09,MLTX,0.2894,0.0579,0.2,-0.0216,-0.0936,-0.1482,-0.0144,analyst,6,"BTIG Upgrades MoonLake to Buy, Announces $24 Price Target"
2026-01-09,SPRY,0.1927,0.1256,0.6517,-0.1286,-0.1861,-0.2504,0.1027,FDA / clinical,3,Aquestive Stock Slides After FDA Flags Issues With Allergy Drug Application
2026-01-12,ADPT,0.1586,0.111,0.7,-0.0104,-0.0214,-0.1435,0.0013,earnings,4,"Adaptive Biotechnologies Reports Preliminary Q4 Revenue Of ~$72M, 2025 Revenue Of $277M"
2026-01-12,ASST,0.1628,0.0254,0.1558,-0.1182,-0.195,-0.5827,-0.054,no news found,0,
2026-01-12,BEAM,0.2229,0.0708,0.3176,0.0255,-0.0809,-0.2001,0.0055,FDA / clinical,4,"Reported Earlier,  Beam Therapeutics Sets 2026 Strategic Priorities, Aligns With U.S. FDA On Potential Accelerated Approval Pathway For BEAM-302, And Ends 2025 With Preliminary Estimated $1.25B Cash"
2026-01-12,BKKT,0.18,0.0061,0.0341,-0.0255,-0.1588,-0.4472,0.2669,M&A,1,Bakkt To Acquire Distributed Technologies Research; Bakkt To Issue Shares Of Class A Stock Representing 31.5% As Part Of Deal
2026-01-12,BLLN,0.1537,0.0138,0.0901,-0.0232,-0.1331,-0.0727,-0.1713,no news found,0,
2026-01-12,CDNA,0.2008,0.0479,0.2384,-0.0185,-0.018,0.0,-0.1238,earnings,2,CareDx Sees Q4 Sales $108.000M vs $102.584M Est
2026-01-12,SGML,0.1591,0.0666,0.4186,-0.007,-0.1398,-0.2599,0.1687,no news found,0,
2026-01-13,MRNA,0.1702,0.016,0.0937,0.0247,0.2578,0.023,0.1421,earnings,3,"Moderna, Kosmos Energy, Option Care Health, Kennametal And Other Big Stocks Moving Higher On Tuesday"
2026-01-13,TTMI,0.1971,0.041,0.2081,0.0352,0.0711,-0.0144,-0.0293,analyst,3,12 Information Technology Stocks Moving In Tuesday's Intraday Session
2026-01-14,AMN,0.2761,0.0033,0.0118,-0.0046,0.0031,-0.1683,-0.0641,other news,1,12 Health Care Stocks Moving In Wednesday's Intraday Session
2026-01-14,BTDR,0.1558,0.0219,0.1407,0.0339,-0.0488,-0.2974,0.1991,analyst,3,"Reported Earlier, Bitdeer AI Expands Global AI Infrastructure With NVIDIA GB200 NVL72 Deployment Supporting Large Scale Model Training Enterprise AI And Intelligent Agent Systems"
2026-01-14,CRML,0.3258,0.0163,0.0499,-0.0377,0.0298,-0.4516,0.4728,earnings,2,"Critical Metals Reports Assay Results At Tanbreez Greenland Project, Confirming Rare Earth Grades And Strategic Metals Presence"
2026-01-14,TNGX,0.1868,-0.0019,-0.0103,-0.0565,-0.0032,0.0226,0.1166,no news found,0,
2026-01-15,FIGR,0.1637,0.0,0.0,0.1378,-0.0331,-0.4567,0.4659,no news found,0,
2026-01-16,AGX,0.1638,0.0178,0.1088,0.0018,-0.0774,0.0618,0.0299,no news found,0,
2026-01-16,RIOT,0.1611,0.07,0.4345,-0.0593,-0.1564,-0.2386,0.2301,contract / partnership,4,"Riot Platforms Acquires 200 Acres Of Land At Rockdale, Signs Data Center Lease And Services Agreement With Advanced Micro Devices"
2026-01-16,VELO,0.2312,0.0077,0.0333,-0.1124,-0.4047,-0.5643,0.917,no news found,0,
2026-01-20,ACHC,0.2192,0.0548,0.25,0.0063,-0.0534,0.1889,-0.1961,earnings,3,Acadia Healthcare Names Debbie Osteen As CEO; Reaffirms FY25 Guidance
2026-01-20,AMLX,0.1573,-0.0217,-0.1378,0.0224,-0.0653,-0.148,0.2047,no news found,0,
2026-01-20,IAG,0.1549,0.0978,0.6316,-0.0287,0.0756,0.0726,0.0685,earnings,2,"Reported Monday, IAMGOLD Reports Preliminary 2025 Operating Results With 765,900 Oz Gold Production And Provides 2026 Guidance Targeting 720,000 To 820,000 Oz"
2026-01-20,IBRX,0.1739,0.1848,1.0625,0.0679,-0.0818,0.3179,1.6161,FDA / clinical,9,12 Health Care Stocks Moving In Monday's Pre-Market Session
2026-01-20,QGEN,0.1657,-0.0286,-0.1729,0.0038,-0.022,-0.1157,0.1055,government / policy,1,"Stocks Tumble, Treasury Yields Jump To 5-Month Highs: What's Moving Markets Tuesday?"
2026-01-20,UMC,0.159,0.1394,0.8767,0.0329,0.1579,-0.0508,0.1625,other news,4,Why Rapt Therapeutics Shares Are Trading Higher By 63%; Here Are 20 Stocks Moving Premarket
2026-01-21,LCID,0.1788,0.0236,0.1322,0.0,-0.0488,-0.15,-0.1502,earnings,5,"Progress Software Posts Upbeat Q4 Earnings, Joins ServisFirst Bancshares, Zura Bio And Other Big Stocks Moving Higher On Wednesday"
2026-01-21,MRNA,0.1584,0.0116,0.0734,0.0414,-0.0905,-0.0022,0.3893,earnings,4,Moderna–Merck Cancer Vaccine Shows Durable Benefit At 5 Years In High-Risk Melanoma
2026-01-21,NUAI,0.2477,0.071,0.2868,0.1766,0.1212,-0.2934,0.5124,no news found,0,
2026-01-21,NVAX,0.2073,0.0098,0.0471,-0.0152,-0.0677,-0.0682,0.2275,no news found,0,
2026-01-21,VIR,0.1567,-0.0017,-0.0106,0.0663,0.0908,0.1268,0.0118,no news found,0,
2026-01-22,CRML,0.2089,0.0308,0.1473,0.117,-0.2411,-0.5092,1.0279,other news,2,"Critical Metals CEO Says Firm Won't Be A 'Political Football,' Calls Independent Greenland With Strong US Military Presence Ideal"
2026-01-22,NUAI,0.1766,0.0482,0.2727,-0.0949,-0.0856,-0.4107,0.817,M&A,2,"Eagle Bancorp Posts Upbeat Q4 Results, Joins Corcept Therapeutics, LSI Industries And Other Big Stocks Moving Higher On Thursday"
2026-01-22,NVTS,0.1568,0.0246,0.1569,-0.0992,-0.1621,-0.302,0.2497,no news found,0,
2026-01-22,RDW,0.1745,0.0324,0.1854,0.0451,0.0693,-0.3331,0.275,no news found,0,
2026-01-22,USAR,0.1749,0.0331,0.1893,0.0907,-0.0282,-0.2413,0.3967,earnings,4,"USA Rare Earth Selects Fluor And WSP As EPCM Partners To Advance Round Top DFS, Targets Heavy Rare Earth Oxides Production In Late 2028"
2026-01-23,ASM,0.1941,0.0383,0.1974,-0.0011,-0.0385,-0.0578,0.1447,earnings,3,"Roth Capital Maintains Neutral on Avino Silver & Gold Mines, Raises Price Target to $7.25"
2026-01-23,LIF,0.2425,0.2388,0.985,-0.0311,-0.1587,-0.3103,-0.1659,earnings,8,Life360 Raises FY2025 Sales Guidance from $474.000M-$485.000M to $486.000M-$489.000M
2026-01-23,SGML,0.1754,0.1523,0.8682,-0.097,-0.2687,-0.1554,-0.0711,earnings,1,"Booz Allen Posts Upbeat Q3 Earnings, Joins Life360, Redwire And Other Big Stocks Moving Higher On Friday"
2026-01-27,FLY,0.1647,0.0143,0.0867,-0.0167,-0.1462,-0.3066,-0.068,no news found,0,
2026-01-27,GLW,0.1557,0.075,0.4813,-0.0497,0.0278,0.462,0.059,earnings,7,Corning And Meta Announce Up To $6B Multiyear Deal To Expand U.S. Data Center Infrastructure For AI
2026-01-27,GOLD,0.16,0.0075,0.0469,0.0556,0.0303,0.1021,0.2676,no news found,0,
2026-01-27,NUAI,0.1987,-0.0063,-0.0317,0.0105,-0.123,-0.3553,0.3418,no news found,0,
2026-01-27,RDW,0.2956,0.1154,0.3904,-0.0641,-0.207,-0.393,0.4015,FDA / clinical,6,12 Industrials Stocks Moving In Tuesday's Pre-Market Session
2026-01-28,AAOI,0.2097,0.0128,0.0612,-0.1251,-0.1178,0.187,0.0059,no news found,0,
2026-01-28,DXYZ,0.195,0.0125,0.064,-0.0807,-0.0819,-0.2117,-0.0433,other news,1,SpaceX IPO May Be Timed Near Elon Musk's Birthday As Planets Align — Here's When You Could Buy In
2026-01-28,STX,0.1914,0.063,0.3292,0.0082,-0.0549,-0.0751,0.2989,earnings,24,"Seagate Tech Hldgs Q2 Adj. EPS $3.11 Beats $2.81 Estimate, Sales $2.825B Beat $2.734B Estimate"
2026-01-28,VELO,0.1879,0.0471,0.251,-0.1509,-0.2562,-0.3488,0.037,FDA / clinical,3,Why Is Velo3D Stock Surging Wednesday?
2026-01-29,LBRT,0.1623,0.1001,0.6171,-0.0271,-0.0638,0.1085,0.1865,earnings,3,"Liberty Energy Q4 Adj. EPS $0.05 Beats $(0.17) Estimate, Sales $1.039B Beat $872.653M Estimate"
2026-01-29,LUV,0.187,0.0615,0.3289,-0.0203,0.0825,0.0157,-0.0064,FDA / clinical,20,"Southwest Airlines Q4 Adj. EPS $0.58 Beats $0.57 Estimate, Sales $7.442B Miss $7.503B Estimate"
2026-01-29,MOD,0.203,0.1573,0.7746,0.0449,0.1618,0.2859,0.0786,FDA / clinical,5,"Gentherm, Modine's Performance Technologies Business Agree To Combine; Reverse Morris Trust Transaction Valued At ~$1B"
2026-01-29,RCL,0.1865,0.0842,0.4514,-0.0616,-0.0575,-0.1012,0.0315,earnings,19,"Earnings Scheduled For January 29, 2026"
2026-01-29,TAL,0.1803,0.1022,0.567,0.0,-0.078,-0.1709,-0.0209,earnings,4,"TAL Education Q3 Adj. EPS $0.25 Beats $0.07 Estimate, Sales $770.167M Miss $773.599M Estimate"
2026-01-29,VIAV,0.1745,0.0942,0.5395,-0.0097,0.0251,0.2028,0.1619,earnings,10,"Viavi Solutions Q2 Adj. EPS $0.22 Beats $0.19 Estimate, Sales $369.300M Beat $365.251M Estimate"
2026-01-30,DECK,0.1946,0.1502,0.7716,-0.0259,-0.0326,-0.0405,-0.0488,FDA / clinical,19,"Deckers Outdoor Q3 EPS $3.33 Beats $2.80 Estimate, Sales $1.958B Beat $1.867B Estimate"
2026-01-30,RHI,0.2776,0.2169,0.7811,-0.0169,-0.0927,-0.2971,-0.0151,FDA / clinical,7,"Robert Half Q4 EPS $0.32 Beats $0.30 Estimate, Sales $1.302B Beat $1.289B Estimate"
2026-02-02,AZN,1.0309,1.0212,0.9905,-0.0217,-0.0021,0.0821,0.0091,other news,2,The Committee for Medicinal Products for Human Use of the European Medicines Agency Recommends AstraZeneca's Imfinzi Perioperative Regimen For Early Gastric And Gastroesophageal Cancers
2026-02-02,SNDK,0.1544,0.0218,0.1411,0.0455,-0.123,-0.1501,1.4275,earnings,8,"Trump's Warsh Pick Shakes Markets, Microsoft Plunges After Earnings: This Week On Wall Street"
2026-02-03,ALM,0.1797,0.0423,0.2353,-0.0022,0.0575,0.46,0.2898,earnings,1,"Davita Posts Upbeat Q4 Earnings, Joins Woodward, Terawulf And Other Big Stocks Moving Higher On Tuesday"
2026-02-03,CRML,0.2025,0.0683,0.3373,-0.1394,-0.2734,-0.3382,0.5505,government / policy,3,"Critical Metals, USA Rare Earth, MP Materials Climb In Tuesday Pre-Market: What's Going On?"
2026-02-03,DVA,0.2117,0.1512,0.7141,0.0544,0.0338,0.1489,-0.029,earnings,9,"DaVita Q4 Adj. EPS $3.40 Beats $3.16 Estimate, Sales $3.620B Beat $3.497B Estimate"
2026-02-03,NB,0.2175,0.0357,0.1642,-0.1107,-0.1813,-0.3053,0.0353,no news found,0,
2026-02-03,UAMY,0.2277,0.0433,0.1899,-0.1637,-0.1554,0.0031,0.3255,government / policy,3,"Critical Metals, USA Rare Earth, MP Materials Climb In Tuesday Pre-Market: What's Going On?"
2026-02-03,USAR,0.1746,0.0667,0.3821,-0.094,-0.1575,-0.2719,0.5625,government / policy,2,"Critical Metals, USA Rare Earth, MP Materials Climb In Tuesday Pre-Market: What's Going On?"
2026-02-03,UUUU,0.1675,0.0781,0.4659,-0.1268,-0.1129,-0.1109,0.2596,government / policy,3,"Critical Metals, USA Rare Earth, MP Materials Climb In Tuesday Pre-Market: What's Going On?"
2026-02-03,VELO,0.2159,0.0627,0.2904,-0.1926,-0.1227,-0.1997,-0.24,FDA / clinical,2,12 Industrials Stocks Moving In Tuesday's Intraday Session
2026-02-04,ADNT,0.1519,0.0845,0.5562,0.0392,0.0993,-0.0919,0.0844,earnings,13,An Overview of Adient's Earnings
2026-02-04,ENPH,0.386,0.2876,0.745,-0.0852,-0.0666,-0.2036,0.0965,earnings,27,"Enphase Energy Q4 Adj. EPS $0.71 Beats $0.58 Estimate, Sales $343.321M Beat $340.594M Estimate"
2026-02-04,POWL,0.1634,0.0278,0.17,0.0219,0.1234,-0.0456,0.2542,FDA / clinical,10,"Powell Industries Q1 EPS $3.40 Beats $2.92 Estimate, Sales $251.184M Miss $256.462M Estimate"
2026-02-04,SLAB,0.4889,0.5023,1.0274,0.0089,0.0181,-0.0008,-0.0095,M&A,23,12 Information Technology Stocks Moving In Tuesday's After-Market Session
2026-02-05,FORM,0.1719,0.0863,0.5024,0.0765,0.117,0.0136,0.1183,earnings,13,"FormFactor Q4 Adj. EPS $0.46 Beats $0.35 Estimate, Sales $215.163M Beat $210.267M Estimate"
2026-02-05,KLIC,0.1927,0.0299,0.1549,0.068,0.0854,-0.0743,0.0385,earnings,4,"Kulicke & Soffa Indus Q1 Adj. EPS $0.44 Beats $0.33 Estimate, Sales $199.625M Beat $190.040M Estimate"
2026-02-05,MCK,0.1652,0.0487,0.2946,-0.0095,-0.0436,-0.0394,-0.0055,earnings,7,"McKesson Q3 Adj. EPS $9.34 Beats $9.22 Estimate, Sales $106.158B Beat $105.864B Estimate"
2026-02-05,SITM,0.1791,0.1048,0.585,0.0205,0.0315,-0.2021,0.0093,M&A,9,"SiTime Q4 Adj. EPS $1.53 Beats $1.21 Estimate, Sales $113.284M Beat $101.808M Estimate"
2026-02-06,AAOI,0.1618,0.053,0.3274,0.0815,0.0036,1.4971,0.002,no news found,0,
2026-02-06,ALAB,0.1893,0.0673,0.3553,0.1049,-0.2386,-0.2799,-0.1384,other news,1,"Tech Bounces As Software Sell-Off Eases, Dow Jones Hits Records: What's Moving Markets Friday?"
2026-02-06,ALGT,0.1546,0.0222,0.1438,-0.0075,-0.0304,-0.2815,0.0696,no news found,0,
2026-02-06,AMRC,0.1611,0.0443,0.2751,0.0466,0.0569,-0.1514,-0.0899,no news found,0,
2026-02-06,AMPX,0.1569,0.0657,0.4187,0.0204,-0.1855,0.4477,0.1888,no news found,0,
2026-02-06,APLD,0.2552,0.063,0.247,0.0947,0.0094,-0.2266,-0.058,earnings,1,"Strategy Posts Upbeat Q4 Results, Joins SunOpta, BILL Holdings, Mitek Systems And Other Big Stocks Moving Higher On Friday"
2026-02-06,ASST,0.2082,0.0257,0.1232,-0.1486,-0.3009,-0.2858,-0.5166,no news found,0,
2026-02-06,BILL,0.3716,0.153,0.4118,0.0372,-0.0398,-0.0913,-0.3664,M&A,12,"BILL Holdings Q2 Adj. EPS $0.64 Beats $0.56 Estimate, Sales $414.671M Beat $398.391M Estimate"
2026-02-06,BKKT,0.203,0.0919,0.4527,-0.0428,-0.0957,-0.2259,-0.3461,no news found,0,
2026-02-06,BMNR,0.1764,0.079,0.4479,0.0479,0.0239,0.0112,-0.4269,other news,1,10 Information Technology Stocks With Whale Alerts In Today's Session
2026-02-06,CIFR,0.1598,0.0756,0.4729,0.1378,0.1147,-0.0285,-0.2102,no news found,0,
2026-02-06,CLSK,0.2196,0.0744,0.3388,0.0109,-0.0228,-0.0466,-0.3072,earnings,8,"Cleanspark Q1 EPS $(1.35) Misses $(0.15) Estimate, Sales $181.180M Miss $195.543M Estimate"
2026-02-06,CRWV,0.205,0.0435,0.2124,0.076,0.0677,-0.1728,-0.0328,no news found,0,
2026-02-06,DAVE,0.1751,0.1271,0.7256,0.011,-0.0324,0.2085,-0.3358,earnings,2,"Dave Reports Q4 Preliminary Net Revenue $164M, FY25 Revenue $554M"
2026-02-06,DNA,0.2139,0.0733,0.3427,0.005,-0.0802,-0.3455,-0.1342,other news,2,Why Roblox Shares Are Trading Higher By Over 14%; Here Are 20 Stocks Moving Premarket
2026-02-06,FPS,0.1641,0.0336,0.2048,-0.0077,-0.005,0.0213,0.0,no news found,0,
2026-02-06,GLXY,0.1734,0.1654,0.9538,0.0703,0.0962,0.0878,-0.3399,earnings,3,Galaxy Digital Board Approves $200M Share Repurchase Program
2026-02-06,HUT,0.1929,0.1014,0.5256,0.0722,0.0153,-0.0814,-0.2315,crypto,2,Crypto-Related Stocks Surge Following Thursday's Bloodbath
2026-02-06,LUNR,0.1846,0.0541,0.293,0.1102,-0.0793,0.032,-0.2057,no news found,0,
2026-02-06,LUMN,0.2937,0.0594,0.2022,-0.036,0.0409,-0.1774,-0.2134,earnings,2,"Strategy Posts Upbeat Q4 Results, Joins SunOpta, BILL Holdings, Mitek Systems And Other Big Stocks Moving Higher On Friday"
2026-02-06,MARA,0.2244,0.0743,0.3311,-0.0218,-0.0388,0.051,-0.3323,crypto,2,Crypto-Related Stocks Surge Following Thursday's Bloodbath
2026-02-06,MSTR,0.2611,0.0744,0.2849,0.026,-0.0078,0.0298,-0.3389,FDA / clinical,15,"MicroStrategy Q4 Adj. EPS $16.37 Beats $10.96 Estimate, Sales $122.989M Beat $118.478M Estimate"
2026-02-06,NBIS,0.1656,0.0725,0.4379,0.0787,0.1383,0.1027,-0.2322,other news,1,10 Information Technology Stocks With Whale Alerts In Today's Session
2026-02-06,NVTS,0.1925,0.0478,0.2483,0.0406,-0.0632,-0.0542,-0.2793,no news found,0,
2026-02-06,NVST,0.1777,0.1293,0.7278,0.0089,-0.0045,-0.0825,0.0776,earnings,10,"Envista Holdings Q4 Adj. EPS $0.38 Beats $0.32 Estimate, Sales $750.600M Beat $679.952M Estimate"
2026-02-06,PSIX,0.1916,0.0434,0.2266,0.0674,0.2198,-0.3536,0.0609,no news found,0,
2026-02-06,QBTS,0.204,0.0401,0.1966,0.0236,-0.0507,-0.0811,-0.4301,M&A,2,This Is What Whales Are Betting On D-Wave Quantum
2026-02-06,QUBT,0.2074,0.0615,0.2963,0.0011,-0.1018,-0.1909,-0.3296,M&A,1,Meet Infleqtion: The Sleeping Giant Quantum Stock Flying Under The Radar — For Now
2026-02-06,RGTI,0.1826,0.0337,0.1846,-0.0068,-0.0915,-0.0062,-0.406,M&A,2,EXCLUSIVE: Why 'Neutral Atoms' Could Be Infleqtion's Secret Weapon Vs. Rigetti & IonQ
2026-02-06,RIOT,0.1982,0.0788,0.3975,0.036,0.0533,0.0173,-0.2102,crypto,2,Crypto-Related Stocks Surge Following Thursday's Bloodbath
2026-02-06,ROIV,0.2214,0.1578,0.7126,0.0716,0.0244,0.1437,-0.0382,FDA / clinical,9,"Earnings Scheduled For February 6, 2026"
2026-02-06,SBET,0.1582,0.0733,0.4635,0.0114,-0.0256,0.0811,-0.4014,no news found,0,
2026-02-06,SERV,0.1616,0.0533,0.33,0.0005,-0.1049,-0.111,-0.3177,no news found,0,
2026-02-06,SMR,0.1813,0.0613,0.3383,0.0086,-0.1837,-0.3063,-0.2378,no news found,0,
2026-02-06,SOUN,0.1646,0.0381,0.2314,0.0292,-0.1285,-0.0397,-0.3354,no news found,0,
2026-02-06,TSSI,0.1671,0.0488,0.2923,0.0099,-0.1035,0.1002,-0.0627,no news found,0,
2026-02-06,UAA,0.2038,0.0223,0.1094,0.0397,-0.0489,-0.1429,0.0979,earnings,8,"Earnings Scheduled For February 6, 2026"
2026-02-06,UAMY,0.1526,0.0388,0.2544,-0.0441,-0.115,0.115,-0.0472,no news found,0,
2026-02-06,UA,0.1935,0.0098,0.0504,0.0436,-0.0504,-0.1471,0.1202,earnings,5,"Earnings Scheduled For February 6, 2026"
2026-02-06,UMAC,0.1515,0.0956,0.631,0.0908,-0.0666,0.3532,-0.2446,no news found,0,
2026-02-06,ULCC,0.154,0.0212,0.1379,-0.0245,-0.1794,-0.4202,0.1945,no news found,0,
2026-02-06,VELO,0.1554,0.0317,0.2042,-0.0352,-0.2134,-0.1401,-0.3165,no news found,0,
2026-02-06,WULF,0.1988,0.0675,0.3397,0.1652,0.1379,-0.0308,-0.0456,crypto,2,Crypto-Related Stocks Surge Following Thursday's Bloodbath
2026-02-09,BLSH,0.1676,0.0197,0.1174,0.0,-0.0016,0.146,-0.3015,analyst,3,"JP Morgan Maintains Neutral on Bullish, Lowers Price Target to $41"
2026-02-09,GOLD,0.1595,0.0355,0.2227,-0.0242,-0.085,-0.2077,0.4533,other news,1,"Valaris, Oracle, Kroger And Other Big Stocks Moving Higher On Monday"
2026-02-09,VAL,0.3431,0.1875,0.5465,-0.0478,0.0613,0.0867,0.1709,M&A,4,Transocean To Acquire Valaris In All-Stock Transaction Valued At ~$5.8B
2026-02-09,WULF,0.1652,0.057,0.3453,-0.0012,-0.0282,-0.1381,0.1129,analyst,3,"Benzinga Bulls And Bears: Enphase, Super Micro, AMD — And Dow Tops 50,000"
2026-02-10,ICHR,0.3272,0.2378,0.7267,0.0512,0.0568,-0.0097,0.435,earnings,13,"Ichor Hldgs Q4 Adj. EPS $0.01 Beats $(0.06) Estimate, Sales $223.606M Beat $220.838M Estimate"
2026-02-10,INFQ,0.1514,0.1173,0.7748,0.133,0.1615,-0.0975,-0.4149,no news found,0,
2026-02-10,NKTR,0.5107,0.2719,0.5325,0.1848,0.3068,0.3095,-0.0665,earnings,6,Nektar Says REZOLVE-AD Week 52 Data Show Rezpegaldesleukin Maintained EASI-75 In 71% And 83% And vIGA-AD 0/1 In 85% And 63% With Monthly And Quarterly 24 µg/kg Dosing
2026-02-10,UNF,0.151,0.1629,1.0792,0.022,0.0488,0.1968,-0.017,M&A,3,"Datadog, Spotify, Marriott, Ferrari And Other Big Stocks Moving Higher On Tuesday"
2026-02-10,VSTS,0.1612,0.2281,1.4153,0.02,-0.0976,-0.1176,0.1366,FDA / clinical,6,"Earnings Scheduled For February 10, 2026"
2026-02-11,AEHR,0.2616,0.1854,0.7087,-0.1761,-0.1058,0.1123,0.0182,contract / partnership,4,Aehr Test Systems Announced A Key Strategic Win With An Initial Production Purchase Order Of Sonoma Systems For Lead Hyperscale Customer's Next-generation AI ASIC Processors
2026-02-11,BETA,0.1562,0.1914,1.2252,-0.0805,0.0093,-0.1176,-0.4006,FDA / clinical,5,Beta Technologies Stock Soars After Amazon Reveals Stake
2026-02-11,BWA,0.2245,0.0271,0.1206,0.0069,-0.0875,-0.2034,0.1182,earnings,8,"Earnings Scheduled For February 11, 2026"
2026-02-11,DIOD,0.2642,0.1676,0.6344,-0.0759,-0.1379,-0.2096,0.1365,earnings,9,"Diodes Q4 Adj. EPS $0.34 Beats $0.32 Estimate, Sales $391.578M Beat $385.560M Estimate"
2026-02-11,GFS,0.1634,0.0427,0.261,-0.0008,-0.0678,-0.1467,0.0503,earnings,8,"Earnings Scheduled For February 11, 2026"
2026-02-11,GNRC,0.1793,0.0532,0.2967,0.0034,0.058,-0.0507,0.1641,earnings,7,"Generac Hldgs Q4 2025 Adj. EPS $1.61 Misses $1.77 Estimate, Sales $1.092B Miss $1.160B Estimate"
2026-02-11,HCSG,0.158,0.065,0.4112,-0.0422,-0.0925,-0.1284,-0.0098,earnings,4,"Earnings Scheduled For February 11, 2026"
2026-02-11,HNGE,0.1728,0.1649,0.9545,0.0183,0.0815,0.1471,-0.3181,earnings,12,"Hinge Health Q4 Adj. EPS $0.49 Beats $0.39 Estimate, Sales $170.726M Beat $156.640M Estimate"
2026-02-11,LSCC,0.1629,0.1589,0.975,-0.0565,-0.1009,-0.1831,0.0945,earnings,15,"Lattice Semiconductor Q4 Adj. EPS $0.32, Inline, Sales $145.792M Beat $143.137M Estimate"
2026-02-11,NKTR,0.1848,0.0536,0.2899,0.0701,0.1132,0.0604,0.4444,other news,3,Nektar Therapeutics -Announces $300M Public Offering
2026-02-11,QXO,0.1659,0.0569,0.3429,-0.0421,-0.031,-0.2794,-0.0641,M&A,5,Reuters Reported QXO To Buy Kodiak Building Partners For About $2.25B
2026-02-11,SGML,0.1756,0.088,0.5012,-0.0319,-0.0011,-0.1237,-0.2599,no news found,0,
2026-02-11,SOLS,0.1747,0.0593,0.3393,0.0411,0.0388,-0.0373,0.2266,earnings,7,Solstice Advanced Materials Expands Uranium Conversion Production To Support Strong Nuclear Industry Customer Demand
2026-02-11,TDC,0.2959,0.3233,1.0925,-0.1146,-0.1521,-0.2936,-0.0791,earnings,17,"Teradata Q4 Adj. EPS $0.74 Beats $0.56 Estimate, Sales $421.000M Beat $400.817M Estimate"
2026-02-11,TEX,0.1657,0.0762,0.46,-0.0502,-0.0018,-0.1284,-0.0276,earnings,5,"Earnings Scheduled For February 11, 2026"
2026-02-11,THC,0.1726,-0.0243,-0.1408,0.0261,0.0076,-0.0072,-0.0329,earnings,8,"Earnings Scheduled For February 11, 2026"
2026-02-11,VRT,0.2449,0.1685,0.6879,-0.0483,-0.0219,0.0679,0.174,FDA / clinical,13,"Vertiv Hldgs Q4 Adj. EPS $1.36 Beats $1.28 Estimate, Sales $2.880B Miss $2.882B Estimate"
2026-02-12,CGNX,0.3634,0.313,0.8613,0.0021,-0.045,-0.1809,0.0859,earnings,11,"Cognex Q4 Adj. EPS $0.27 Beats $0.22 Estimate, Sales $252.338M Beat $239.508M Estimate"
2026-02-12,CROX,0.1901,0.1664,0.8754,-0.016,0.016,-0.2083,-0.0309,earnings,14,Crocs Gears Up For Q4 Print; Here Are The Recent Forecast Changes From Wall Street's Most Accurate Analysts
2026-02-12,FSLY,0.7229,0.449,0.6211,0.1384,0.1272,0.5324,0.0043,earnings,18,"Fastly Q4 Adj. EPS $0.12 Beats $0.06 Estimate, Sales $172.612M Beat $161.362M Estimate"
2026-02-12,IPGP,0.3548,0.0523,0.1474,0.0244,-0.1107,-0.2616,0.4446,earnings,8,"Earnings Scheduled For February 12, 2026"
2026-02-12,IRDM,0.2128,0.04,0.1881,0.0348,0.024,0.1104,-0.0574,earnings,4,"Earnings Scheduled For February 12, 2026"
2026-02-12,NVCR,0.1933,0.3714,1.9212,-0.1229,-0.0934,-0.0375,-0.2308,FDA / clinical,10,NovoCure Says FDA Approves NovoCure's Optune Pax For Treatment Of Locally Advanced Pancreatic Cancer
2026-02-12,SPHR,0.2207,0.1451,0.6577,-0.0002,-0.0128,-0.0866,-0.0314,earnings,3,"Earnings Scheduled For February 12, 2026"
2026-02-13,COIN,0.1646,0.0894,0.5428,0.0103,-0.0248,0.2373,-0.4486,FDA / clinical,24,"Coinbase Glb Q4 Adj. EPS $0.66 Beats $0.64 Estimate, Sales $1.781B Miss $1.848B Estimate"
2026-02-13,ICLR,0.1613,0.0177,0.1099,-0.0471,0.1254,0.0496,-0.5666,other news,2,"Coinbase, Rivian Automotive, Instacart, HubSpot And Other Big Stocks Moving Higher On Friday"
2026-02-13,MGA,0.1886,0.0927,0.4916,-0.0279,-0.0703,-0.179,0.0229,earnings,9,"Advance Auto Parts, Arista Networks And 3 Stocks To Watch Heading Into Friday"
2026-02-13,RIVN,0.2664,0.2693,1.0107,-0.0711,-0.1562,-0.1354,-0.2,FDA / clinical,24,"Rivian Automotive Q4 Adj. EPS $(0.54) Beats $(0.68) Estimate, Sales $1.286B Beat $1.274B Estimate"
2026-02-17,ETOR,0.2043,0.1438,0.7041,-0.0372,-0.0705,-0.0584,-0.1218,earnings,4,"Earnings Scheduled For February 17, 2026"
2026-02-17,EYPT,0.1522,-0.0417,-0.2741,-0.0369,0.1435,-0.0677,-0.1831,no news found,0,
2026-02-17,IRON,0.1719,-0.005,-0.0291,-0.0166,0.0096,-0.0853,-0.2124,FDA / clinical,6,FDA Delays Disc Medicine's Rare Disease Drug
2026-02-17,KNF,0.1634,0.0997,0.6098,-0.0346,-0.0535,-0.1157,0.0066,earnings,5,What's Next: Knife River Holding's Earnings Preview
2026-02-17,ZIM,0.2544,0.35,1.3757,0.0423,0.0442,-0.0158,-0.0217,M&A,10,How Is The Market Feeling About ZIM Integrated Shipping Services Ltd?
2026-02-18,GLBE,0.1721,0.2283,1.3268,0.0411,0.008,-0.0227,-0.208,earnings,7,"Global E Online Q4 EPS $0.35 Beats $0.31 Estimate, Sales $336.657M Beat $327.942M Estimate"
2026-02-18,GPN,0.1647,0.1401,0.8506,-0.0124,-0.0409,-0.1402,-0.0546,earnings,12,"S&P 500 Edges Higher: Investor Fear Eases Slightly, Greed Index Remains In 'Fear' Zone"
2026-02-18,IBRX,0.4186,0.0066,0.0159,0.0082,0.1171,0.0023,0.0906,earnings,5,ImmunityBio Receives European Commission Authorization For ANKTIVA
2026-02-18,LBTYA,0.1676,0.0394,0.2353,-0.0606,-0.0153,-0.089,0.0898,M&A,5,"Earnings Scheduled For February 18, 2026"
2026-02-18,MSGS,0.1633,0.1022,0.6255,-0.0387,-0.0762,-0.0803,0.0144,other news,3,"MSG Sports Board Unanimously Approves Plan For Possible Spin-Off, Separating New York Knicks And Rangers Into Two Separate Public Companies"
2026-02-18,WEN,0.1686,0.0771,0.4574,0.0171,-0.0843,-0.1296,-0.1587,FDA / clinical,6,"Activist Investor Nelson Peltz' Trian Fund Cut Back On This Stock In Q4, But Held Steady On GE Aerospace"
2026-02-19,CDNL,0.3131,0.0973,0.3108,0.0636,0.0248,0.0288,-0.0843,FDA / clinical,8,Trading Halt: Halted at 5:55:00 p.m. ET - Trading Halt: Halt News Pending
2026-02-19,HLF,0.1832,0.1475,0.8053,0.0199,-0.0148,-0.2391,-0.023,earnings,10,"Herbalife Q4 Adj. EPS $0.45 Beats $0.43 Estimate, Sales $1.283B Beat $1.244B Estimate"
2026-02-19,OMC,0.1538,0.0616,0.4006,0.0287,0.0465,-0.0538,-0.1008,earnings,5,Omnicom Announces Up To $5B Buyback Plan
2026-02-19,RELY,0.2594,0.2013,0.7762,0.0006,-0.0175,-0.0846,-0.0037,earnings,12,"Remitly Global Q4 EPS $0.19 Beats $0.02 Estimate, Sales $442.177M Beat $427.269M Estimate"
2026-02-19,ULS,0.1598,0.0511,0.3195,-0.0299,0.0178,0.0102,-0.0226,earnings,5,"Earnings Scheduled For February 19, 2026"
2026-02-20,LGN,0.1684,0.0195,0.1156,-0.055,0.0509,-0.116,-0.015,earnings,1,"RingCentral Posts Upbeat Q4 Earnings, Joins Tandem Diabetes, AXT, Opendoor Technologies And Other Big Stocks Moving Higher On Friday"
2026-02-20,RNG,0.3442,0.1693,0.492,-0.1245,-0.0771,-0.0456,0.1347,earnings,14,"RingCentral Q4 Adj. EPS $1.18 Beats $1.14 Estimate, Sales $644.033M Beat $643.509M Estimate"
2026-02-20,TNDM,0.3267,0.2283,0.6988,0.1502,0.0297,0.0102,-0.107,earnings,15,"Tandem Diabetes Care Q4 Adj. EPS $(0.01) Beats $(0.08) Estimate, Sales $290.400M Beat $277.029M Estimate"
2026-02-23,TNDM,0.1502,0.0415,0.2764,-0.0481,-0.1072,-0.1122,0.1933,government / policy,3,"Dow Jumps Over 200 Points After Court's Tariff Ruling: Investor Sentiment Improves, Greed Index Remains In 'Fear' Zone"
2026-02-24,FCEL,0.1612,0.0026,0.0161,-0.037,-0.112,-0.2228,-0.2409,no news found,0,
2026-02-24,GRAL,0.1701,-0.0074,-0.0437,0.0286,0.0479,-0.0338,-0.5898,analyst,1,"Morgan Stanley Maintains Equal-Weight on GRAIL, Lowers Price Target to $60"
2026-02-24,HOS,0.1632,0.0849,0.5203,-0.09,-0.127,-0.0531,0.2061,no news found,0,
2026-02-24,IBRX,0.175,0.0326,0.186,-0.174,-0.1342,-0.358,0.524,no news found,0,
2026-02-24,KEYS,0.2305,0.1336,0.5793,0.0023,0.0035,-0.0096,0.1506,earnings,18,"Keysight Techs Q1 Adj. EPS $2.17 Beats $2.00 Estimate, Sales $1.600B Beat $1.540B Estimate"
2026-02-24,PVLA,0.3708,0.2864,0.7725,0.068,0.0922,-0.0347,0.0298,FDA / clinical,9,"Palvella's QTORIN 3.9% Rapamycin Gel Demonstrates Strong Efficacy And Safety In Phase 3 Microcystic Lymphatic Malformations Trial, 95% Patients Improved At Week 24"
2026-02-24,VIR,0.2773,0.3237,1.1675,0.0537,-0.0611,-0.0969,-0.0172,FDA / clinical,15,"Astellas Pharma And Vir Biotechnology Collaborate To Advance VIR-5500, Investigational PRO-XTEN Dual-Masked CD3 TCE Targeting PSMA For Prostate Cancer Treatment"
2026-02-25,ACHC,0.2137,0.1826,0.8542,0.0696,0.155,0.1665,0.1274,earnings,11,"Earnings Scheduled For February 25, 2026"
2026-02-25,ASST,0.1919,0.044,0.2291,-0.041,0.1265,0.2705,-0.5439,no news found,0,
2026-02-25,AXON,0.1755,0.1264,0.72,0.0577,0.0954,-0.1154,-0.2687,FDA / clinical,17,"Axon Enterprise Q4 Adj. EPS $2.15 Beats $1.60 Estimate, Sales $796.724M Beat $755.402M Estimate"
2026-02-25,CAVA,0.2636,0.1586,0.6016,-0.0109,-0.0718,-0.0628,0.0839,earnings,19,"Cava Group Q4 Adj. EPS $0.04 Beats $0.03 Estimate, Sales $274.985M Beat $267.920M Estimate"
2026-02-25,CCC,0.253,0.0652,0.2578,-0.0584,-0.0584,-0.0584,-0.3587,earnings,10,"CCC Intelligent Solutions Q4 Adj. EPS $0.10, Inline, Sales $277.865M Beat $275.369M Estimate"
2026-02-25,CLDX,0.2407,0.0286,0.1187,-0.0058,-0.0415,0.0279,-0.0651,FDA / clinical,1,"Celldex Completes Enrollment In Global Phase 3 Program Of Barzolvolimab In Chronic Spontaneous Urticaria, Which Consists Of Two Phase 3 Trials, EMBARQ-CSU1 And EMBARQ-CSU2"
2026-02-25,CRCL,0.3547,0.2021,0.5696,0.049,0.2662,0.2492,-0.1344,earnings,11,"Earnings Scheduled For February 25, 2026"
2026-02-25,ECG,0.2484,0.1258,0.5064,-0.061,-0.0854,-0.0523,0.1377,FDA / clinical,7,"Everus Construction Group Q4 EPS $1.08 Beats $0.79 Estimate, Sales $1.011B Beat $879.569M Estimate"
2026-02-25,FIGR,0.165,0.0272,0.165,-0.0179,-0.1203,-0.0995,-0.5336,no news found,0,
2026-02-25,FRMI,0.1731,0.0139,0.0804,-0.0797,-0.2332,-0.4351,0.0912,government / policy,1,Watching Fermi; Hearing Fermi America Clears Major Texas Environmental Hurdle To Meet Federal Power Project Deadline
2026-02-25,NVTS,0.1961,0.0496,0.2531,-0.0374,-0.0668,-0.0405,-0.1194,earnings,5,"Navitas Semiconductor Q4 Adj. EPS $(0.05), Inline, Sales $7.296M Beat $6.950M Estimate"
2026-02-25,NVCR,0.2768,0.0694,0.2508,-0.0827,-0.1047,-0.2255,-0.1146,earnings,3,NovCcure Says CMS Reinstates Medicare Billing Privileges Retroactively;  Company Expects No Revenue Impact From Ineligibility Period
2026-02-25,SGML,0.2992,0.1833,0.6127,-0.0092,-0.2083,-0.3598,-0.0533,earnings,1,"Acadia Healthcare Posts Upbeat Q4 Earnings, Joins Circle Internet, Resideo Technologies And Other Big Stocks Moving Higher On Wednesday"
2026-02-25,YOU,0.3896,0.1969,0.5054,0.0131,0.0405,0.1803,-0.044,earnings,6,"Clear Secure Q4 EPS $0.31 Beats $0.30 Estimate, Sales $240.751M Beat $235.719M Estimate"
2026-02-26,CBZ,0.1657,0.0927,0.5597,-0.0994,-0.0821,-0.1547,-0.3132,earnings,3,"CBIZ Q4 Adj. EPS $(0.70) Misses $(0.66) Estimate, Sales $542.663M Miss $578.033M Estimate"
2026-02-26,CZR,0.1911,0.0096,0.0504,0.0125,0.0748,0.0869,-0.0375,M&A,3,"Caesars Entertainment Shares Halted On Circuit Breaker To The Upside, Stock Now Up 15.98%"
2026-02-26,FA,0.2279,0.2164,0.9493,-0.0154,0.0402,-0.0342,-0.2911,FDA / clinical,4,"First Advantage Q4 Adj. EPS $0.30 Beats $0.26 Estimate, Sales $420.017M Beat $391.885M Estimate"
2026-02-26,FTDR,0.168,0.0657,0.3911,0.0427,0.036,-0.1509,-0.0509,earnings,5,"Earnings Scheduled For February 26, 2026"
2026-02-26,GCT,0.3305,0.206,0.6234,-0.0562,-0.0707,-0.0736,-0.0769,earnings,5,"Earnings Scheduled For February 26, 2026"
2026-02-26,HPP,0.2091,0.077,0.3684,-0.0585,-0.0273,-0.2029,-0.2918,earnings,5,"Earnings Scheduled For February 26, 2026"
2026-02-26,IBTA,0.2854,0.1961,0.6872,-0.0524,-0.0934,0.1161,-0.0609,earnings,8,"Ibotta Q4 Adj. EPS $0.29 Beats $(0.01) Estimate, Sales $88.526M Beat $83.226M Estimate"
2026-02-26,IONQ,0.217,0.1625,0.749,-0.0614,-0.1189,-0.2701,-0.2616,earnings,20,"IonQ Q4 Adj. EPS $(0.20) Beats $(0.33) Estimate, Sales $61.890M Beat $40.386M Estimate"
2026-02-26,LMAT,0.2442,0.1162,0.4761,-0.0485,-0.0663,-0.0273,0.0709,earnings,11,"LeMaitre Vascular Q4 EPS $0.68 Beats $0.66 Estimate, Sales $64.453M Beat $62.823M Estimate"
2026-02-26,NVAX,0.1742,0.031,0.1777,-0.0938,-0.1072,-0.2002,-0.0295,earnings,5,"Earnings Scheduled For February 26, 2026"
2026-02-26,PENN,0.1675,0.0774,0.4619,0.0683,0.0567,-0.0048,-0.0873,earnings,5,"Earnings Scheduled For February 26, 2026"
2026-02-26,PRMB,0.1542,0.0958,0.6208,0.0013,-0.0345,-0.2063,0.0309,earnings,6,"Primo Brands Q4 Adj. EPS $0.26 Beats $0.21 Estimate, Sales $1.554B Beat $1.509B Estimate"
2026-02-26,PVLA,0.1535,0.0908,0.5917,-0.0898,-0.0903,-0.2072,0.5315,other news,1,"Reported Earlier, Palvella Therapeutics Prices Upsized $200M Public Offering Of 1.6M Common Shares At $125 Per Share To Advance QTORIN Pipeline"
2026-02-26,SEZL,0.3526,0.2504,0.7101,-0.1387,-0.1054,-0.2086,-0.0769,earnings,7,"Sezzle Q4 Adj. EPS $1.21 Beats $0.96 Estimate, Sales $129.869M Beat $127.580M Estimate"
2026-02-26,VAC,0.1666,0.2141,1.2846,-0.0391,0.0763,0.0503,0.0502,earnings,7,"Marriott Vacations Q4 Adj. EPS $1.86 Beats $1.57 Estimate, Sales $1.323B Beat $1.294B Estimate"
2026-02-26,WRBY,0.1782,0.0106,0.0593,-0.025,0.0476,-0.1427,-0.2023,earnings,5,"Earnings Scheduled For February 26, 2026"
2026-02-27,AAOI,0.5688,0.228,0.4008,0.217,0.1348,0.166,0.187,earnings,16,"Applied Optoelectronics Q4 Adj. EPS $(0.01) Beats $(0.11) Estimate, Sales $134.274M Beat $134.120M Estimate"
2026-02-27,ARLO,0.2715,0.1815,0.6687,-0.0255,-0.1141,-0.1421,-0.0412,earnings,8,"Arlo Technologies Q4 Adj. EPS $0.22 Beats $0.16 Estimate, Sales $141.297M Beat $135.574M Estimate"
2026-02-27,BWIN,0.2564,0.0909,0.3546,-0.0017,-0.0947,-0.0921,-0.1897,earnings,6,"The Baldwin Insurance Q4 Adj. EPS $0.31 Beats $0.29 Estimate, Sales $347.279M Miss $351.988M Estimate"
2026-02-27,BYND,0.1533,-0.0358,-0.2334,-0.1276,-0.1618,-0.3264,-0.012,earnings,2,Why Is Beyond Meat (BYND) Stock Surging 23% This Week?
2026-02-27,DELL,0.2193,0.1311,0.5979,0.0369,-0.0109,0.1602,0.0352,earnings,21,"Dell Technologies Q4 Adj. EPS $3.89 Beats $3.53 Estimate, Sales $33.379B Beat $31.727B Estimate"
2026-02-27,FIGS,0.239,0.1684,0.7047,0.1081,0.0628,-0.0485,0.1045,earnings,8,"FIGS Q4 EPS $0.10 Beats $0.02 Estimate, Sales $201.896M Beat $165.324M Estimate"
2026-02-27,PSKY,0.2078,0.0018,0.0087,-0.012,-0.1119,-0.3458,-0.0143,M&A,17,Warner Bros. Discovery's Board Determines Paramount Skydance's Revised Proposal Constitutes Company Superior Proposal
2026-02-27,TSSI,0.1659,0.0181,0.1088,-0.0281,-0.1229,0.1326,-0.1538,no news found,0,
2026-02-27,XRAY,0.155,0.0268,0.1726,-0.0252,-0.1322,-0.2187,0.0325,earnings,10,"Dentsply Sirona Q4 Adj. EPS $0.27 Misses $0.28 Estimate, Sales $961.000M Beat $927.081M Estimate"
2026-02-27,XYZ,0.1682,0.157,0.9335,0.0118,0.0413,-0.1212,-0.1509,earnings,26,Block Inc Expects To Reduce Workforce By More Than 40%
2026-03-02,AAOI,0.217,0.2769,1.2757,-0.0699,0.0791,-0.169,1.1286,earnings,7,Dow Dips Over 500 Points Following Wholesale Inflation Data: Greed Index Remains In 'Fear' Zone
2026-03-02,AEHR,0.1763,0.0401,0.2273,-0.0543,-0.0715,-0.316,0.3925,analyst,1,William Blair Upgrades Aehr Test System to Outperform
2026-03-02,ASTH,0.2946,0.1825,0.6194,-0.0688,-0.0608,-0.0752,-0.0928,earnings,8,"Earnings Scheduled For March 2, 2026"
2026-03-02,CCOI,0.1831,-0.0278,-0.152,-0.0253,0.0149,-0.2127,-0.2197,no news found,0,
2026-03-02,COHR,0.1544,0.0618,0.4002,-0.0606,-0.1559,-0.2652,0.1995,contract / partnership,4,NVIDIA And Coherent Announce Multi-Year Strategic Partnership To Develop Optic Tech For AI Infrastructure
2026-03-02,CRCL,0.1522,-0.0316,-0.2079,0.0363,0.1633,-0.0648,0.2352,earnings,3,"Netflix, Dell, And IonQ Are Among the Top 10 Large-Cap Gainers Last Week (Feb. 23-Feb. 27): Are the Others in Your Portfolio?"
2026-03-02,FIGR,0.1756,0.0087,0.0495,-0.0421,0.0983,0.0333,-0.5819,earnings,4,"Astrana Health Posts Upbeat Q4 Earnings, Joins AeroVironment, Kratos Defense & Security Solutions And Other Big Stocks Moving Higher On Monday"
2026-03-02,LASR,0.2047,0.2015,0.9843,-0.0683,-0.0988,-0.2022,0.1927,earnings,4,"Astrana Health Posts Upbeat Q4 Earnings, Joins AeroVironment, Kratos Defense & Security Solutions And Other Big Stocks Moving Higher On Monday"
2026-03-02,OCUL,0.2282,-0.024,-0.1054,-0.02,-0.0947,-0.326,-0.1015,no news found,0,
2026-03-02,POET,0.1517,-0.0033,-0.022,0.0188,-0.0318,-0.2648,0.0084,no news found,0,
2026-03-02,RCUS,0.1753,0.0049,0.028,-0.0631,-0.0213,-0.1374,-0.0652,contract / partnership,3,"HC Wainwright & Co. Reiterates Buy on Arcus Biosciences, Maintains $32 Price Target"
2026-03-02,RCAT,0.1734,0.0893,0.5149,0.0753,0.0311,-0.1522,-0.2197,earnings,6,"Needham Reiterates Buy on Red Cat Holdings, Maintains $16 Price Target"
2026-03-02,UAMY,0.1913,0.0358,0.1871,-0.0995,-0.0986,-0.261,0.0784,no news found,0,
2026-03-02,VELO,0.164,-0.0393,-0.2395,0.0008,0.0304,-0.27,-0.279,other news,1,Why Are Velo3D Shares Surging Monday?
2026-03-02,VG,0.1745,0.1558,0.893,0.0071,0.0115,0.4859,0.0021,earnings,6,Venture Global Signs 5-Year Deal To Supply Trafigura With 0.5 MTPA Of US LNG Starting 2026
2026-03-02,VIAV,0.1898,0.0148,0.078,-0.0653,-0.1728,-0.1001,0.2028,analyst,3,"VIAVI And NTT DOCOMO Showcase AI-Powered 6G RAN Control, Reducing UE Reporting And Improving Throughput By Up To 20%"
2026-03-03,KTB,0.2062,0.109,0.5287,-0.0017,-0.1231,-0.0943,0.0852,earnings,6,"Earnings Scheduled For March 3, 2026"
2026-03-03,TREE,0.2387,0.1192,0.4994,0.013,-0.1333,-0.0828,-0.3339,earnings,7,"LendingTree Q4 Adj. EPS $(0.39) Misses $0.87 Estimate, Sales $319.700M Beat $286.487M Estimate"
2026-03-03,ZD,0.4809,0.598,1.2435,0.0362,-0.0393,0.0116,-0.2671,earnings,4,Ziff Davis Agrees To Sell Its Connectivity Division To Accenture For $1.2B In Cash
2026-03-04,ASST,0.1549,0.0672,0.4341,-0.0385,-0.0405,0.0561,-0.4239,no news found,0,
2026-03-04,GEMI,0.3369,0.0385,0.1142,0.0644,-0.0058,-0.5075,-0.147,crypto,4,"Is Regulation Saving Crypto Or Centralizing It? Europe Builds Rules, America Attracts Capital"
2026-03-04,GLXY,0.177,0.0532,0.3005,-0.0661,-0.1183,-0.2864,-0.2179,crypto,3,Crypto Stocks Jump As Bitcoin Reclaims $70K
2026-03-04,MRNA,0.1599,0.0753,0.4705,-0.0687,-0.0317,-0.1344,0.1711,FDA / clinical,6,"Roivant Sciences' Subsidiary, Arbutus Biopharma Sign $2.25B Settlement With Moderna To Resolve All U.S., Global Enforcement Actions; Moderna To Pay $950M Upfront Payment To Genevant, Arbutus"
2026-03-05,AMPX,0.1865,0.0733,0.3932,0.0967,0.2283,0.0745,-0.1451,FDA / clinical,8,"Amprius Technologies Q4 EPS $(0.18) Misses $(0.04) Estimate, Sales $25.234M Beat $22.973M Estimate"
2026-03-05,QURE,0.1781,0.0,0.0,0.3399,0.5906,0.6113,-0.6748,FDA / clinical,3,12 Health Care Stocks Moving In Thursday's Intraday Session
2026-03-05,SOC,0.3726,0.0902,0.242,0.0375,0.2599,0.1097,0.2472,earnings,5,"The Department Of Justice Office Of Legal Counsel Has Concluded That An Order Issued Under The Defense Production Act, Whether By The President Or The Secretary Of Energy, Possesses The Force Of Federal Law And May Preempt State Laws That Impede Critical Energy Infrastructure, Such As The Santa Ynez Pipeline System Operated By Sable Offshore Corp."
2026-03-05,TNGX,0.3628,-0.0121,-0.0335,0.0071,0.019,0.2852,-0.0159,FDA / clinical,5,"Earnings Scheduled For March 5, 2026"
2026-03-05,TTD,0.1836,0.2511,1.3677,-0.0171,-0.1096,-0.2598,-0.074,M&A,11,'OpenAI Held Early Talks With The Trade Desk to Sell Ads'- The Information
2026-03-06,IOT,0.1954,0.0882,0.4516,-0.0339,-0.1029,-0.1106,0.1785,FDA / clinical,21,"Samsara Q4 Adj. EPS $0.18 Beats $0.13 Estimate, Sales $444.296M Beat $422.259M Estimate"
2026-03-06,MRVL,0.1835,0.1193,0.6499,0.0343,-0.0191,0.2225,0.0265,earnings,33,"Marvell Tech Q4 Adj. EPS $0.80 Beats $0.79 Estimate, Sales $2.219B Beat $2.207B Estimate"
2026-03-06,QURE,0.3399,-0.0291,-0.0856,0.2607,0.0883,0.2186,-0.6004,other news,1,"Marvell Technology, Day One Biopharmaceuticals, Samsara And Other Big Stocks Moving Higher On Friday"
2026-03-09,AAOI,0.1574,-0.0042,-0.0269,0.0892,-0.1496,0.0635,1.5067,earnings,2,"Applied Optoelectronics Announced First Volume Order Of 1.6T Data Center Transceivers From Major Hyperscale Customer; Shipments Expected Early Q3 2026 Through Q4 2026; Expects Production Of 500,000+ 800G And 1.6T Units Per Month By Year-End 2026"
2026-03-09,DNTH,0.2152,0.2101,0.9765,0.0971,-0.0155,0.088,0.3997,FDA / clinical,10,"Reported Sunday, Dianthus Therapeutics Schedules Webcast To Present Phase 3 CAPTIVATE Trial Interim Responder Analysis Results For Claseprubart In Chronic Inflammatory Demyelinating Polyneuropathy"
2026-03-09,DYN,0.1904,0.0276,0.1449,0.1181,0.0249,0.0266,-0.1021,FDA / clinical,4,"On Sunday, Dyne Therapeutics Shared Additional Data From The Ongoing Phase 1/2 DELIVER Trial Of Zeleciment Rostudirsen (Z-rostudirsen, DYNE-251) For Duchenne Muscular Dystrophy Amenable To Exon 51 Skipping"
2026-03-09,HIMS,0.4079,0.4749,1.1643,0.0591,0.1227,-0.12,-0.3296,FDA / clinical,15,"'Novo and Hims End Feud, Will Sell Obesity Drugs Together' - Bloomberg News"
2026-03-09,QURE,0.2607,0.2624,1.0067,0.015,-0.114,-0.0472,-0.418,FDA / clinical,9,Why Lisata Therapeutics Shares Are Trading Higher By Over 20%; Here Are 20 Stocks Moving Premarket
2026-03-09,XENE,0.4964,0.444,0.8943,-0.0343,-0.1291,-0.0814,0.0384,FDA / clinical,13,"Reported Sunday, Xenon Pharmaceuticals To Unveil Phase 3 X-TOLE2 Topline Results For Azetukalner, A Novel KV7 Potassium Channel Opener, In Focal Onset Seizure Patients On March 9"
2026-03-10,FIGR,0.2129,0.0398,0.1871,-0.0381,-0.1311,-0.1326,-0.2091,earnings,3,"Nio, Zevra Therapeutics, Vertex Pharmaceuticals And Other Big Stocks Moving Higher On Tuesday"
2026-03-10,UAMY,0.1698,-0.0042,-0.0245,-0.0641,-0.0828,-0.2128,0.115,no news found,0,
2026-03-11,NBIS,0.1614,0.0905,0.5609,-0.0353,0.0586,0.2173,0.0382,earnings,3,"Nvidia Investing $2B In Nebius Group To Develop, Deploy Hyperscale Cloud For AI Industry"
2026-03-11,NVTS,0.2488,0.0046,0.0185,-0.0793,-0.1642,-0.131,-0.0586,earnings,3,"Serve Robotics Posts Upbeat Q4 Results, Joins Auna, Acacia Research And Other Big Stocks Moving Higher On Wednesday"
2026-03-11,PRCT,0.1502,-0.0017,-0.011,-0.0604,-0.0586,-0.1629,-0.1725,no news found,0,
2026-03-11,PZZA,0.1943,0.0047,0.024,-0.0707,-0.1166,-0.0858,-0.066,M&A,6,'Papa John's Draws Fresh Takeover Interest; Qatari-backed investment fund submits bid to take the pizza-chain private' - WSJ Exclusive
2026-03-11,SOC,0.1506,-0.0007,-0.0046,0.0525,0.0169,-0.2147,0.6913,government / policy,1,'Trump to Invoke Emergency Law for Offshore Oil Producer Sable' - Bloomberg
2026-03-13,NP,0.2023,0.0016,0.0082,0.0059,-0.0018,0.1687,-0.0541,no news found,0,
2026-03-13,PAYP,0.1641,0.1564,0.953,-0.0847,-0.0587,-0.0303,0.0,earnings,3,PayPay Lands On Nasdaq — And Cathie Wood Is Already In As Ark Scoops Up $5 Million Worth Of Stock
2026-03-13,SHAZ,0.1564,0.002,0.0129,0.0884,0.0438,0.4451,-0.3767,other news,1,12 Information Technology Stocks Moving In Friday's Intraday Session
2026-03-16,UAMY,0.1909,0.0304,0.1591,-0.0619,-0.1858,-0.1466,0.2476,contract / partnership,1,"Nebius Group, CytomX Therapeutics, National Storage Affiliates Trust And Other Big Stocks Moving Higher On Monday"
2026-03-17,ESLT,0.1599,0.0678,0.4241,-0.0599,-0.1178,-0.1129,0.2928,FDA / clinical,7,"Uber, Lululemon Athletica And 3 Stocks To Watch Heading Into Tuesday"
2026-03-17,LMND,0.1581,0.0811,0.5131,-0.0366,-0.0209,-0.0151,-0.0944,earnings,5,"Morgan Stanley Upgrades Lemonade to Overweight, Raises Price Target to $85"
2026-03-17,RHLD,0.1706,-0.0002,-0.0009,0.0596,0.0734,0.0314,-0.3326,earnings,1,"Citi Trends Posts Upbeat Q4 Results, Joins Getty Images, Adecoagro, Elbit Systems And Other Big Stocks Moving Higher On Tuesday"
2026-03-17,TROX,0.1737,0.0181,0.1039,-0.0319,0.079,0.1837,-0.1428,earnings,1,"Citi Trends Posts Upbeat Q4 Results, Joins Getty Images, Adecoagro, Elbit Systems And Other Big Stocks Moving Higher On Tuesday"
2026-03-18,NEXT,0.1605,0.0134,0.0833,0.049,0.0576,0.0865,0.1772,no news found,0,
2026-03-19,CAL,0.191,0.2358,1.2345,0.0164,0.0405,0.3076,-0.2915,earnings,7,"Caleres Q4 2025 Adj. EPS $(0.36) Beats $(0.40) Estimate, Sales $695.062M Beat $679.649M Estimate"
2026-03-19,TSEM,0.1699,-0.0209,-0.1227,-0.0148,0.0518,0.3635,0.106,other news,1,12 Information Technology Stocks Moving In Thursday's Intraday Session
2026-03-20,PL,0.2548,0.2444,0.9592,-0.0003,-0.0878,0.1085,0.0737,FDA / clinical,24,Planet Labs Q4 Sales $86.822M Beat $78.528M Estimate
2026-03-20,YSS,0.1917,0.125,0.6519,0.1011,0.028,0.8258,-0.3812,FDA / clinical,7,York Space Systems Q4 Sales $105.349M Miss $109.152M Estimate
2026-03-23,PAYP,0.2116,0.005,0.0238,-0.0664,-0.1431,-0.1887,0.0958,no news found,0,
2026-03-24,AAOI,0.1894,0.0097,0.0513,0.0045,-0.2573,0.3119,0.7746,earnings,7,Applied Optoelectronics Receives Over $53M Volume Order For 800G Single-Mode Data Center Transceivers
2026-03-24,FOUR,0.1924,-0.0055,-0.0283,-0.0693,-0.167,-0.0244,-0.2339,government / policy,2,"Oil Surges 5% As Trump's Ceasefire Hopes Dim, Bitcoin Slips Below $70,000: What's Moving Markets Tuesday?"
2026-03-24,TROX,0.151,-0.0204,-0.1352,0.0556,0.1549,0.1502,0.0652,earnings,1,"Smithfield Foods Posts Upbeat Q4 Earnings, Joins NetGear And Other Big Stocks Moving Higher On Tuesday"
2026-03-25,BRZE,0.1987,0.2508,1.2626,0.0792,0.0917,0.0398,0.0407,earnings,28,"Braze Q4 Adj. EPS $0.10 Misses $0.14 Estimate, Sales $205.170M Beat $198.208M Estimate"
2026-03-25,CORT,0.1966,0.0098,0.0496,-0.0479,0.0373,0.1139,-0.0729,FDA / clinical,7,"FDA Approves Relacorilant With Nab-paclitaxel For Platinum-resistant Epithelial Ovarian, Fallopian Tube, Or Primary Peritoneal Cancer"
2026-03-25,DXYZ,0.1531,0.2794,1.8251,-0.0249,-0.0445,-0.0353,-0.0246,earnings,2,Why Blaize Holdings Shares Are Trading Higher By Around 41%; Here Are 20 Stocks Moving Premarket
2026-03-25,FLY,0.1601,0.0379,0.2368,-0.0262,0.081,0.3999,0.1464,FDA / clinical,4,NASA Ditches Lunar Gateway for $20B Moon Base — Here Are the Space Stocks Poised to Win
2026-03-25,SMMT,0.1544,0.0251,0.1625,-0.0379,0.0546,0.2414,-0.036,earnings,2,"Stocks Rise, Oil Falls On Iran Ceasefire Hopes, ARM Surges 15% : What's Moving Markets Wednesday?"
2026-03-25,SRPT,0.3498,0.1221,0.349,-0.0879,-0.069,-0.1409,-0.0653,FDA / clinical,7,Sarepta To Share Initial Clinical Data On March 25th From siRNA Pipeline Phase 1/2 Dose Studies Of SRP-1001 For Facioscapulohumeral Muscular Dystrophy Type 1 And SRP-1003 For Myotonic Dystrophy
2026-03-26,NAVN,0.4328,0.2306,0.5328,-0.0686,-0.0786,0.1899,-0.0161,M&A,15,"Navan Q4 Adj. EPS $0.02 Beats $(0.12) Estimate, Sales $177.918M Beat $162.000M Estimate."
2026-03-27,AGX,0.3791,0.2306,0.6083,-0.0929,0.01,0.1672,-0.0921,FDA / clinical,11,"Argan Q4 EPS $3.47 Beats $1.96 Estimate, Sales $262.050M Beat $255.315M Estimate"
2026-03-31,AEHR,0.2313,0.1127,0.4874,0.068,0.7033,1.2063,-0.316,earnings,4,"Aehr Test Systems Receives Initial Order For Multiple Systems For Both Engineering Qualification, High-Volume Production"
2026-03-31,ALKS,0.1728,0.0932,0.5393,-0.0088,-0.0167,-0.0467,-0.0033,M&A,1,"Apellis Pharmaceuticals, Centessa Pharmaceuticals, Agios Pharmaceuticals And Other Big Stocks Moving Higher On Tuesday"
2026-03-31,APLD,0.1555,0.0365,0.2347,0.0316,0.1706,0.3768,-0.2644,other news,1,Applied Digital Stock Rises Tuesday After 23% Selloff: What's Going On?
2026-03-31,AUGO,0.1509,0.0321,0.2126,0.071,0.1585,-0.0021,-0.1891,no news found,0,
2026-03-31,BYND,0.1509,0.0175,0.1159,-0.1159,-0.1416,0.162,-0.261,earnings,2,"Earnings Scheduled For March 31, 2026"
2026-03-31,CRML,0.1904,0.03,0.1575,0.0466,0.0844,0.4332,-0.3835,earnings,1,"Critical Metals Announces Metallurgical Test Results Done By AMTEC / ALS In 2016 Successfully Replicated In 2025 Test Work Program In Perth, Australia"
2026-03-31,FLY,0.2053,0.0447,0.2175,0.0453,0.339,0.1763,0.1291,earnings,1,Why Is Firefly Aerospace Stock Surging Tuesday?
2026-03-31,IBRX,0.1517,0.0736,0.4851,-0.0691,-0.09,-0.0926,-0.3621,contract / partnership,2,ImmunityBio Secures $75M Financing Under Royalty Interest Purchase Agreement With Oberland Capital; $25M Converted Principal Amount From Nant Capital
2026-03-31,MLYS,0.1523,0.0238,0.1564,-0.0251,0.0247,-0.0565,-0.1982,no news found,0,
2026-03-31,POET,0.1693,0.061,0.3605,-0.0572,0.0471,0.1111,-0.2648,no news found,0,
2026-03-31,PRAX,0.1655,0.0462,0.2789,-0.009,-0.0061,0.0031,-0.1638,M&A,2,FDA Accepted Praxis Precision Medicines NDA For Relutrigine For Priority Review
2026-03-31,UNIT,0.158,0.0222,0.1406,0.0672,0.1215,0.1951,0.0345,no news found,0,
2026-04-01,CAR,0.1661,0.0115,0.069,0.1197,0.7468,0.0623,0.5039,no news found,0,
2026-04-01,PLAY,0.1607,0.0683,0.4253,-0.0175,0.0724,-0.1034,-0.2643,earnings,5,"Dave & Buster's Enter Q4 Adj. EPS $(0.35) Misses $0.40 Estimate, Sales $529.600M Miss $555.870M Estimate"
2026-04-01,SHAZ,0.2151,0.1351,0.6278,-0.0246,0.1101,0.6655,0.2974,earnings,4,"SharonAI Holdings Expands AI Cloud Services Business With Signing Of Initial 5-Yr, $1.25B TCV AI Infrastructure Agreement With ESDS Software Solutions"
2026-04-02,AAOI,0.2034,-0.055,-0.2705,0.0341,0.4493,0.766,-0.134,other news,1,12 Information Technology Stocks Moving In Thursday's Intraday Session
2026-04-02,IRDM,0.1521,0.0194,0.1276,-0.0021,0.0407,0.2003,0.1706,other news,1,"Oil Prices Soar To $112, Tesla Tumbles To 7-Month Lows: What's Moving Markets Thursday?"
2026-04-02,LUNR,0.1853,-0.0459,-0.248,-0.0446,-0.0175,0.0679,0.087,other news,2,Intuitive Machines Files Prospectus Related To Offer & Sale By Selling Stockholders Of Up To 34.6M Shares Of Class A Common Stock
2026-04-02,ORIC,0.1893,-0.0298,-0.1576,0.0022,0.1417,0.099,-0.4467,analyst,1,"HC Wainwright & Co. Reiterates Buy on ORIC Pharmaceuticals, Maintains $25 Price Target"
2026-04-02,PL,0.1683,-0.0414,-0.2456,-0.024,-0.0337,0.0284,0.1812,M&A,3,SpaceX At $1.75 Trillion Could Expose How Overpriced Some Space Stocks Really Are
2026-04-02,RLAY,0.1643,-0.0251,-0.1525,-0.0072,0.1914,0.0144,0.0611,other news,1,12 Health Care Stocks Moving In Thursday's Intraday Session
2026-04-02,SBAC,0.1893,-0.0007,-0.0037,0.0411,0.0966,0.0713,-0.1207,other news,1,'Tower Operator SBA Communications Is Exploring a Potential Sale' - Bloomberg
2026-04-02,SGML,0.2147,0.0456,0.2126,0.0097,0.0334,0.5289,-0.0872,analyst,2,Sigma Lithium Signs $100M Collateralized Bank Guarantee With Major Brazilian Bank
2026-04-02,VELO,0.2362,-0.0531,-0.2247,-0.1486,-0.154,0.1372,-0.2162,no news found,0,
2026-04-02,VSAT,0.187,-0.0462,-0.247,-0.0296,0.0477,0.2129,-0.0546,M&A,1,Why Are Viasat Shares Trading Higher On Thursday?
2026-04-02,YSS,0.1877,-0.0339,-0.1806,0.0025,0.1887,0.1406,0.0181,analyst,2,"Citigroup Maintains Buy on York Space Systems, Lowers Price Target to $33"
2026-04-06,AEHR,0.1769,0.0221,0.125,-0.0366,0.3738,0.6413,0.0946,earnings,3,"Consumer Tech News (Mar 30-Apr 2): Tesla, Nio, XPeng Drive EV Growth, Apple iPhone 17, Meta Ray-Ban Launches & More"
2026-04-06,FUBO,0.2354,0.1208,0.513,0.0323,-0.0273,0.0646,-0.3434,other news,2,FuboTV Expects FY26 Adjusted EBITDA Range $80M - $100M; FY28 Adjusted EBITDA Of At Least $300M
2026-04-07,ALHC,0.1601,0.0852,0.5318,-0.0162,-0.0175,-0.1551,0.0125,contract / partnership,7,Medicare Finalizes 2.48% Rate Hike For Private Insurers In 2027
2026-04-07,CAR,0.2001,0.0207,0.1036,0.0243,0.613,-0.3725,1.1803,government / policy,3,Avis Nears Key Resistance: Breakout Or Pullback Ahead?
2026-04-08,AEHR,0.2569,0.1413,0.55,0.0902,0.1593,0.5315,0.2292,FDA / clinical,8,"Aehr Test Systems Reports Q3 Bookings Of $37.2M; Reaffirms FY26 Adjusted Net Loss Range ($0.09) - ($0.05)/Share, Revenue Range $25M - $35M"
2026-04-08,HUT,0.1665,0.084,0.5046,0.0324,0.1573,0.7734,0.0804,other news,1,Why Are Hut 8 Shares Surging On Wednesday?
2026-04-08,TRAX,0.2737,0.2737,1.0,-0.0496,0.0145,-0.1632,0.0,no news found,0,
2026-04-09,OGN,0.1792,-0.0051,-0.0287,0.2778,0.3501,0.9274,-0.0957,no news found,0,
2026-04-09,SHAZ,0.1792,0.0073,0.0408,0.0042,0.1174,0.7515,0.2758,analyst,1,"Cantor Fitzgerald Initiates Coverage On SharonAI Holdings with Overweight Rating, Announces Price Target of $40"
2026-04-09,STAA,0.2074,0.1901,0.9169,0.0488,-0.0234,0.0821,0.2118,earnings,11,STAAR Surgical Reports Preliminary Q1 Net Sales Over $90M Up From $42.6M YoY
2026-04-09,WOLF,0.1882,0.0195,0.1034,-0.0495,0.0864,0.8485,0.24,earnings,1,"BlackBerry Posts Upbeat Q4 Results, Joins Constellation Brands, Marvell Technology And Other Big Stocks Moving Higher On Thursday"
2026-04-09,YSS,0.2884,-0.0018,-0.0062,-0.0747,0.0639,-0.073,0.2728,earnings,1,"BlackBerry Posts Upbeat Q4 Results, Joins Constellation Brands, Marvell Technology And Other Big Stocks Moving Higher On Thursday"
2026-04-10,ALAB,0.1513,0.0407,0.269,0.1191,0.1677,0.3404,0.0381,government / policy,2,"Organon, CoreWeave, WhiteFiber And Other Big Stocks Moving Higher On Friday"
2026-04-10,OGN,0.2778,0.1591,0.5726,-0.0328,0.1053,0.5118,0.0798,M&A,8,Reported April 9: 'Sun Pharma Targets $12 Billion Acquisition of Organon' - The Economic Times
2026-04-10,POET,0.1579,0.0263,0.1667,0.0369,0.0312,0.5554,-0.1828,other news,1,"Organon, CoreWeave, WhiteFiber And Other Big Stocks Moving Higher On Friday"
2026-04-13,ALM,0.1532,-0.0179,-0.1168,0.0572,0.1334,0.0145,-0.151,earnings,1,"Almonty Moves Headquarters To US To Strengthen Critical Minerals Supply Chain, Relocates To Montana To Get Closer To Defense And Government Partners"
2026-04-13,BBNX,0.1998,0.0023,0.0113,0.111,0.2145,-0.0734,-0.1236,M&A,1,"Leggett & Platt, Allogene Therapeutics, Revolution Medicines And Other Big Stocks Moving Higher On Monday"
2026-04-13,CAR,0.2369,-0.0398,-0.168,0.1093,0.6409,-0.5925,2.0127,M&A,3,"Intel, Nebius, And Applied Optoelectronics Are Among the Top 10 Large-Cap Gainers Last Week (April 6-April 10): Are the Others in Your Portfolio?"
2026-04-13,PAR,0.1616,-0.0025,-0.0157,-0.0284,0.0619,0.1209,-0.2543,no news found,0,
2026-04-13,QDEL,0.161,-0.0108,-0.0673,0.0771,-0.1984,-0.3806,-0.2271,no news found,0,
2026-04-13,QURE,0.1651,0.0065,0.0394,-0.0463,0.0067,0.5424,-0.0921,no news found,0,
2026-04-13,RVMD,0.4135,0.3716,0.8987,0.0786,0.0729,0.0576,0.0143,M&A,8,Revolution Medicines Reports Topline Results From Pivotal Phase 3 RASolute 302 Clinical Trial; All PFS And OS Endpoints Considered Final.
2026-04-13,SGML,0.171,0.0357,0.2087,0.0104,0.2473,0.1673,0.2437,no news found,0,
2026-04-13,SYRE,0.2336,0.3063,1.3114,0.0117,0.1599,0.208,0.2692,M&A,11,Spyre Therapeutics To Report SPY001 Part A Induction Topline Results For Ulcerative Colitis Patients On April 13
2026-04-13,TSSI,0.1948,-0.0192,-0.0983,-0.0243,-0.0135,-0.1779,-0.0244,no news found,0,
2026-04-14,BE,0.2398,0.1478,0.6164,-0.0237,0.0086,0.2815,0.1434,FDA / clinical,12,12 Industrials Stocks Moving In Monday's After-Market Session
2026-04-14,CRDO,0.1873,0.1479,0.7897,0.0554,0.1492,0.2448,0.1416,M&A,8,"Credo Technology Group Inks Agreement To Acquire DustPhotonics For $750M In Cash, ~0.92M Common Stock"
2026-04-14,DNA,0.1557,0.021,0.1346,0.0091,0.0635,0.0803,-0.0176,no news found,0,
2026-04-14,IONQ,0.2016,0.0679,0.3367,0.2095,0.2942,0.5624,-0.0976,contract / partnership,5,IonQ Awarded Contract From Defense Advanced Research Projects Agency's Heterogeneous Architectures For Quantum Program
2026-04-14,QBTS,0.1584,0.0437,0.2759,0.2263,0.1998,0.317,-0.1652,other news,2,"Avanos Medical, Travere Therapeutics, Globalstar And Other Big Stocks Moving Higher On Tuesday"
2026-04-14,TVTX,0.3723,0.3528,0.9475,-0.028,-0.0795,0.0169,0.1043,FDA / clinical,14,Trading Halt: Halted at 5:33:27 p.m. ET - Trading Halt: Halt News Pending
2026-04-15,IONQ,0.2095,0.0727,0.3471,0.0331,0.095,0.2777,0.0742,FDA / clinical,5,"Meta, Broadcom, IonQ, D-Wave Quantum And Robinhood: Why These 5 Stocks Are On Investors' Radars Today"
2026-04-15,QBTS,0.2263,0.0916,0.4049,0.0341,0.0207,0.0303,-0.0281,FDA / clinical,6,D-Wave CEO Warns Nvidia: Quantum Computers Are Coming For You
2026-04-15,QUBT,0.1591,0.0543,0.3411,0.0043,0.0489,0.1734,0.1004,no news found,0,
2026-04-15,YSS,0.1515,0.0107,0.0709,-0.0345,0.095,-0.2883,0.7386,no news found,0,
2026-04-16,ALB,0.1631,0.0303,0.1856,-0.0829,-0.1043,-0.1137,0.1146,government / policy,1,"Wall Street Hits New Records, Oil Surges On Hormuz Toll Drama: What's Moving Markets Thursday?"
2026-04-16,BKSY,0.179,0.0206,0.1149,-0.0367,-0.0144,0.0938,0.253,other news,1,BlackSky Stock Hits 52-Week High — What's Going On?
2026-04-16,CDNA,0.276,0.2379,0.8619,-0.0446,-0.1053,-0.0861,-0.0017,earnings,6,"CareDx Signs Agreement With EuroBio Scientific To Divest Lab Products Operations For $170M In Cash; Reports Preliminary Q1 Revenue ~$118M, Up 39% YoY"
2026-04-16,FLY,0.1741,0.0112,0.0641,-0.0102,-0.1275,-0.0405,0.5305,contract / partnership,1,"Aehr Test Systems, CareDx, Okta And Other Big Stocks Moving Higher On Thursday"
2026-04-16,GRPN,0.2012,0.0232,0.1154,-0.0844,-0.058,0.1057,0.1963,no news found,0,
2026-04-16,NN,0.2664,0.0999,0.375,0.0624,-0.1661,0.0321,0.0059,earnings,5,"Oppenheimer Upgrades NextNav to Outperform, Announces $25 Price Target"
2026-04-16,NVTS,0.2057,0.0185,0.09,-0.004,0.4964,0.8044,0.0448,other news,1,Why Navitas Semiconductor Stock Is Trading Higher On Thursday?
2026-04-16,PL,0.1593,0.0166,0.104,-0.0353,-0.0401,0.079,0.2707,earnings,2,"Aehr Test Systems, CareDx, Okta And Other Big Stocks Moving Higher On Thursday"
2026-04-16,SMMT,0.1562,0.0066,0.0424,0.0299,-0.088,-0.2572,0.3325,government / policy,1,"Wall Street Hits New Records, Oil Surges On Hormuz Toll Drama: What's Moving Markets Thursday?"
2026-04-17,CRML,0.3549,0.2201,0.6201,-0.0494,-0.0836,-0.1099,0.0631,earnings,7,'Critical Metals Boosts Stake in Greenland Rare Earths Asset' - Bloomberg
2026-04-20,AOSL,0.1777,0.0525,0.2957,-0.0195,0.0612,-0.0342,0.5663,other news,1,12 Information Technology Stocks Moving In Monday's Intraday Session
2026-04-20,AVEX,0.2406,0.1289,0.5355,0.0772,0.0162,-0.1446,0.0,earnings,3,"Amid US-Iran Conflict, Drone Company Aevex Debuts On NYSE"
2026-04-20,BYND,0.41,0.0109,0.0267,-0.0991,-0.2161,-0.3431,0.1571,government / policy,1,"'Justice Department Is Criminally Investigating Beef Companies; President Trump Called For Probe In The Fall, Alleging Price Manipulation' - WSJ Exclusive"
2026-04-20,CAR,0.2327,-0.0053,-0.0226,0.1727,-0.6927,-0.7597,3.917,FDA / clinical,5,"IonQ, Oklo, And Robinhood Are Among the Top 10 Large-Cap Gainers Last Week (April 13-April 17): Are the Others in Your Portfolio?"
2026-04-20,FCEL,0.1931,-0.0152,-0.0786,0.0971,0.2347,1.0509,0.0741,other news,1,"""Despite A Slowdown In The U.S. Electric Vehicle Market Affecting Joint Ventures Of Automakers And Battery Makers, Domestic Lithium Battery Production Faces Shortages Driven By Booming Energy Storage Demand. Subsidies From States And Utilities Support Storage Systems, While Geopolitical Tensions Boost The Premium On U.S.-Made Cells"""
2026-04-20,MXL,0.2078,0.0088,0.0421,0.0621,0.6278,1.7564,0.5363,earnings,3,Earnings Volatility Watch: 10 Stocks With Implied Moves Over 20% Post-Earnings
2026-04-20,NKTR,0.1825,0.1487,0.8147,-0.0218,-0.1357,-0.3181,0.1339,FDA / clinical,7,Trading Halt: Halted at 7:25:00 a.m. ET - Trading Halt: Halt News Pending
2026-04-20,POET,0.1832,0.0076,0.0414,0.1932,-0.0745,0.6542,0.1653,earnings,2,"Nektar Therapeutics, Compass Pathways, Sila Realty Trust And Other Big Stocks Moving Higher On Monday"
2026-04-21,CAR,0.1727,0.025,0.1445,-0.3782,-0.7451,-0.7884,5.0941,earnings,9,"Apple, Amazon, Avis, Blackberry, And Trade Desk: Why These 5 Stocks Are On Investors' Radars Today"
2026-04-21,NVTS,0.1614,0.0943,0.5845,0.2048,-0.0137,0.2674,0.5086,earnings,5,12 Information Technology Stocks Moving In Tuesday's Pre-Market Session
2026-04-21,POET,0.1932,0.0512,0.2651,0.2459,-0.2166,0.2751,0.4486,earnings,3,"Valmont Industries Posts Upbeat Q1 Results, Joins UnitedHealth Group, Quest Diagnostics And Other Big Stocks Moving Higher On Tuesday"
2026-04-21,VELO,0.3111,0.0446,0.1433,-0.0222,-0.1098,0.1105,-0.0038,FDA / clinical,3,"Velo3D To Collaborate With Andretti Performance As Official Sponsor, Production Technology Provider For Two 2026 IMSA Michelin Pilot Challenge Events"
2026-04-22,FCEL,0.2434,0.0527,0.2165,0.0314,0.1559,0.7136,0.4143,earnings,2,"GE Vernova, Boston Scientific, Intuitive Surgical And Other Big Stocks Moving Higher On Wednesday"
2026-04-22,FRMI,0.1581,0.0188,0.1188,0.0102,-0.1416,0.0375,-0.3001,other news,1,"Reported Earlier, Fermi America Board Reviews Neugebauer's Immediate Sale Call, Firmly Believes Sale Not In Best Interest Of Shareholders"
2026-04-22,HCSG,0.1829,0.2403,1.3136,-0.0581,-0.0682,-0.0904,-0.0092,FDA / clinical,5,"Healthcare Services Group Q1 EPS $0.37 Beats $0.21 Estimate, Sales $462.766M Beat $459.930M Estimate"
2026-04-22,NNE,0.1518,0.0467,0.3075,-0.0752,-0.1815,-0.1124,0.0799,no news found,0,
2026-04-22,NVTS,0.2048,0.0519,0.2532,0.0022,-0.1619,0.2447,0.6699,FDA / clinical,5,Beyond Meat Stock Falls Overnight Amid Meme-Stock Frenzy: What You Should Know
2026-04-22,OKLO,0.1565,0.0412,0.2633,0.0559,-0.1026,-0.1358,0.1129,earnings,2,"GE Vernova, Boston Scientific, Intuitive Surgical And Other Big Stocks Moving Higher On Wednesday"
2026-04-22,POET,0.2459,0.1244,0.506,-0.0822,-0.4832,0.1574,0.6914,earnings,4,12 Information Technology Stocks Moving In Wednesday's Pre-Market Session
2026-04-22,RDW,0.1571,0.0407,0.2593,-0.1584,-0.2791,0.2381,0.0991,earnings,2,"GE Vernova, Boston Scientific, Intuitive Surgical And Other Big Stocks Moving Higher On Wednesday"
2026-04-22,SMR,0.1628,0.0411,0.2526,-0.0626,-0.1658,-0.2343,-0.0026,no news found,0,
2026-04-22,TSSI,0.1512,0.0311,0.2055,-0.0522,-0.1488,-0.3323,0.1677,no news found,0,
2026-04-23,HELE,0.2049,0.2549,1.2444,-0.0084,-0.0281,0.0407,0.3304,earnings,9,"Helen Of Troy Q4 Adj. EPS $0.83 Beats $0.74 Estimate, Sales $470.025M Beat $450.378M Estimate"
2026-04-23,PENN,0.1686,0.0494,0.2932,-0.0012,0.0116,-0.0324,0.0207,earnings,6,"PENN Entertainment Q1 Adj. EPS $0.11 Beats $0.07 Estimate, Sales $1.779B Beat $1.750B Estimate"
2026-04-23,TXN,0.1943,0.1015,0.5226,-0.018,-0.0041,0.0626,0.2142,FDA / clinical,29,"Texas Instruments Q1 EPS $1.68 Beats $1.37 Estimate, Sales $4.825B Beat $4.525B Estimate"
2026-04-23,URI,0.2292,0.1747,0.7621,-0.0125,-0.0273,-0.0534,0.0749,FDA / clinical,8,"United Rentals Q1 Adj. EPS $9.71 Beats $8.97 Estimate, Sales $3.985B Beat $3.877B Estimate"
2026-04-24,AAOI,0.1774,0.0311,0.1755,-0.1011,0.1316,0.1191,0.2038,no news found,0,
2026-04-24,INTC,0.236,0.2309,0.9784,0.0297,0.2069,0.4519,0.4154,FDA / clinical,50,Intel Says Not Commenting On Deals With External Customers
2026-04-24,MXL,0.7612,0.5766,0.7576,-0.1437,0.2795,0.6439,0.9242,earnings,12,"MaxLinear Q1 Adj. EPS $0.22 Beats $0.18 Estimate, Sales $137.188M Beat $134.999M Estimate"
2026-04-24,OGN,0.3096,0.249,0.8041,0.1683,0.1799,0.1941,0.4099,earnings,4,12 Health Care Stocks Moving In Friday's Pre-Market Session
2026-04-24,PD,0.1575,0.0049,0.0309,-0.0547,0.0309,0.0098,-0.0269,no news found,0,
2026-04-24,POET,0.2884,0.1568,0.5438,-0.4735,-0.5159,-0.0338,0.9213,earnings,5,12 Information Technology Stocks Moving In Friday's Pre-Market Session
2026-04-24,SXT,0.2411,0.0931,0.3864,0.0121,-0.083,-0.0675,0.1434,earnings,5,"Sensient Technologies Q1 Adj. EPS $1.04 Beats $0.84 Estimate, Sales $435.834M Beat $411.283M Estimate"
2026-04-27,CRML,0.2554,0.0795,0.3112,-0.1792,-0.1066,-0.1875,0.5491,M&A,2,"Critical Metals To Acquire European Lithium In All-Stock Deal, European Lithium Shareholders To Receive 0.035 Shares Of CRML Per Share; The Total Aggregate Consideration Payable To European Lithium Equity Holders Is ~$835M"
2026-04-27,MANE,0.4755,0.195,0.4101,0.03,0.0515,0.024,0.0043,M&A,6,12 Health Care Stocks Moving In Monday's Pre-Market Session
2026-04-27,OGN,0.1683,0.1736,1.0317,0.0122,0.0076,0.0206,0.8617,M&A,8,"Organon To Be Acquired By Sun Pharma In $11.75B Deal, OGN Stock Spikes Nearly 17% On Robinhood 24-Hour Market"
2026-04-27,XE,0.2322,0.0966,0.4159,-0.052,-0.1729,-0.1754,0.0,M&A,2,"XOMA Royalty, Oruka Therapeutics, Repay Holdings And Other Big Stocks Moving Higher On Monday"
2026-04-28,KNSA,0.2348,0.0823,0.3506,-0.016,0.0537,-0.0373,-0.0468,earnings,7,"Earnings Scheduled For April 28, 2026"
2026-04-28,OMCL,0.2094,0.1993,0.9518,-0.053,-0.0428,-0.0525,0.149,earnings,9,"Omnicell Q1 Adj. EPS $0.55 Beats $0.32 Estimate, Sales $309.880M Beat $303.992M Estimate"
2026-04-29,BE,0.2721,0.2217,0.8146,-0.016,-0.0087,0.0071,0.8942,FDA / clinical,19,"Bloom Energy Q1 Adj. EPS $0.44 Beats $0.13 Estimate, Sales $751.054M Beat $551.557M Estimate"
2026-04-29,CHEF,0.1784,0.0367,0.2059,0.0251,0.0589,0.0292,0.0912,earnings,4,"The Chefs' Warehouse Q1 Adj. EPS $0.40 Beats $0.25 Estimate, Sales $1.060B Beat $1.010B Estimate"
2026-04-29,COCO,0.2967,0.1743,0.5875,-0.0143,0.0252,0.1558,0.1098,earnings,6,"Vita Coco Q1 EPS $0.50 Beats $0.32 Estimate, Sales $179.765M Beat $147.583M Estimate"
2026-04-29,EXTR,0.2815,0.0587,0.2083,0.011,0.0773,0.1995,0.1389,earnings,5,"Extreme Networks Q3 Adj. EPS $0.26 Beats $0.24 Estimate, Sales $316.874M Beat $311.479M Estimate"
2026-04-29,FCEL,0.3722,0.1464,0.3932,-0.0469,-0.0609,0.7881,0.5955,FDA / clinical,4,12 Industrials Stocks Moving In Wednesday's Pre-Market Session
2026-04-29,FVRR,0.1699,0.1728,1.017,-0.0396,-0.071,-0.0924,0.055,FDA / clinical,7,"Fiverr International Q1 Adj. EPS $0.62 Beats $0.61 Estimate, Sales $105.491M Beat $104.392M Estimate"
2026-04-29,GNRC,0.1649,0.1227,0.7444,0.0249,0.0573,0.1049,0.1705,FDA / clinical,7,"Generac Hldgs Q1 Adj. EPS $1.80 Beats $1.33 Estimate, Sales $1.059B Beat $1.052B Estimate"
2026-04-29,MXL,0.2982,0.0524,0.1757,0.0478,0.2031,0.4479,2.2345,earnings,4,"Loop Capital Upgrades MaxLinear to Buy, Raises Price Target to $75"
2026-04-29,NXPI,0.2555,0.2215,0.8668,0.015,0.0495,0.1419,0.2295,earnings,24,"NXP Semiconductors Q1 Adj. EPS $3.05 Beats $2.95 Estimate, Sales $3.181B Beat $3.155B Estimate"
2026-04-29,PRCH,0.1793,0.1758,0.9805,-0.0494,0.0958,0.0207,0.2449,earnings,5,"Porch Group Q1 EPS $(0.04) Beats $(0.08) Estimate, Sales $121.123M Beat $96.488M Estimate"
2026-04-29,PRG,0.2411,0.1214,0.5036,-0.0003,0.0141,0.0427,0.0163,earnings,8,"Earnings Scheduled For April 29, 2026"
2026-04-29,RSI,0.1658,0.1933,1.1658,0.0043,-0.0043,-0.0575,0.1594,earnings,10,"Rush Street Interactive Q1 Adj. EPS $0.14 Beats $0.12 Estimate, Sales $370.400M Beat $330.085M Estimate"
2026-04-29,TRAX,0.1791,-0.0115,-0.0641,-0.0157,-0.1434,-0.3308,0.0553,other news,1,12 Health Care Stocks Moving In Wednesday's Intraday Session
2026-04-30,AUR,0.1552,0.0118,0.0759,0.0425,0.2143,0.2483,0.2354,no news found,0,
2026-04-30,BYND,0.2069,0.007,0.0336,-0.0359,-0.0928,-0.1985,0.162,earnings,2,'The US Army wants to manufacture meatless proteins in combat zones'- Defense News
2026-04-30,CDNL,0.1561,0.0061,0.0391,0.0313,-0.0326,-0.0215,0.1567,no news found,0,
2026-04-30,CWH,0.1818,0.1068,0.5873,-0.0525,-0.0733,-0.105,0.0146,earnings,2,"Camping World Holdings Q1 Adj. EPS $(0.21) Beats $(0.30) Estimate, Sales $1.355B Miss $1.412B Estimate"
2026-04-30,FTAI,0.1716,0.0926,0.5398,-0.039,0.0916,0.0445,-0.1301,earnings,4,"FTAI Aviation Q1 EPS $1.29 Misses $1.39 Estimate, Sales $830.697M Beat $675.550M Estimate"
2026-04-30,GKOS,0.2284,0.2098,0.9188,-0.024,-0.0663,-0.2806,0.0864,earnings,10,"Glaukos Q1 Adj. EPS $(0.18) Beats $(0.27) Estimate, Sales $150.571M Beat $136.915M Estimate"
2026-04-30,GTX,0.2498,0.0805,0.3222,0.0102,0.0554,0.2792,0.1278,earnings,5,"Earnings Scheduled For April 30, 2026"
2026-04-30,MYRG,0.1985,0.0767,0.3866,0.0708,0.0558,0.1488,0.1964,FDA / clinical,2,"MYR Group Q1 EPS $2.99 Beats $2.00 Estimate, Sales $1.000B Beat $930.728M Estimate"
2026-04-30,NVCR,0.2749,0.1199,0.436,0.0927,0.1065,0.1203,0.0945,earnings,6,"NovoCure Q1 EPS $(0.62) Misses $(0.51) Estimate, Sales $174.055M Beat $167.867M Estimate"
2026-04-30,PI,0.2073,0.2912,1.4051,0.0158,0.0442,0.042,0.1688,earnings,8,"Impinj Q1 Adj. EPS $0.14, Inline, Sales $74.250M Beat $72.462M Estimate"
2026-04-30,PWR,0.1577,0.113,0.716,0.0198,0.0316,-0.022,0.1452,FDA / clinical,6,Quanta Services Raises FY2026 GAAP EPS Guidance from $8.36-$9.06 to $9.17-$9.87 vs $8.88 Est
2026-04-30,QCOM,0.1512,0.1029,0.6808,-0.0143,0.1279,0.3978,0.2113,FDA / clinical,25,"Qualcomm Q2 Adj. EPS $2.65 Beats $2.56 Estimate, Sales $10.599B Beat $10.593B Estimate"
2026-04-30,QURE,0.1925,0.0741,0.3851,-0.0411,0.2105,0.4301,0.0232,earnings,2,uniQure Announces Meeting With UK MHRA And Plans To Submit Marketing Authorization Application For AMT-130 For The Treatment Of Huntington's Disease In Q3 2026
2026-04-30,SFM,0.1507,0.0616,0.4086,-0.0081,-0.0103,0.0094,-0.0778,earnings,6,"Sprouts Farmers Market Q1 EPS $1.71 Beats $1.68 Estimate, Sales $2.329B Beat $2.321B Estimate"
2026-04-30,TTMI,0.1507,0.2997,1.9891,0.0049,-0.0281,0.098,0.4114,earnings,5,"TTM Technologies Q1 Adj. EPS $0.75 Beats $0.67 Estimate, Sales $845.976M Beat $789.839M Estimate"
2026-04-30,UAMY,0.2034,0.018,0.0887,0.0117,-0.0824,-0.2523,0.1432,no news found,0,
2026-04-30,USAR,0.1788,0.0272,0.1523,0.0139,0.0158,0.0786,0.4556,no news found,0,
2026-04-30,VIAV,0.1509,0.3176,2.1048,0.0559,-0.0258,-0.0733,0.3681,earnings,9,"Viavi Solutions Q3 Adj. EPS $0.27 Beats $0.23 Estimate, Sales $406.800M Beat $393.829M Estimate"
2026-04-30,VISN,0.222,0.2175,0.9796,-0.0676,-0.0699,-0.0245,0.1789,FDA / clinical,9,Trading Halt: Halted at 6:55:00 a.m. ET - Trading Halt: Halt News Pending
2026-04-30,WOLF,0.1522,0.03,0.1974,0.2448,0.5293,1.0075,0.5705,no news found,0,
2026-05-01,FIVN,0.293,0.1733,0.5913,0.0495,-0.0063,0.1808,0.1421,earnings,13,"Five9 Q1 Adj. EPS $0.76 Beats $0.68 Estimate, Sales $305.319M Beat $299.910M Estimate"
2026-05-01,NUTX,0.1709,0.0219,0.1281,0.0545,-0.0208,-0.0828,0.2109,earnings,2,"Nutex Health Q1 EPS $6.52 Beats $3.99 Estimate, Sales $216.485M Miss $227.894M Estimate"
2026-05-01,SOUN,0.201,0.017,0.0844,-0.0094,-0.0711,-0.0324,0.1916,other news,1,"Veeva Systems, Five9, AXT And Other Big Stocks Moving Higher On Friday"
2026-05-01,TEAM,0.2958,0.2089,0.7063,0.0482,0.0306,0.3046,-0.0112,earnings,20,"Atlassian Q3 Adj. EPS $1.75 Beats $1.32 Estimate, Sales $1.787B Beat $1.693B Estimate"
2026-05-01,TWLO,0.2383,0.2007,0.8421,0.0345,0.1001,0.2411,0.1349,earnings,22,"Twilio Q1 Adj. EPS $1.50 Beats $1.27 Estimate, Sales $1.406B Beat $1.342B Estimate"
2026-05-01,WOLF,0.2448,-0.0044,-0.018,-0.0223,0.2677,0.4404,0.7951,no news found,0,
2026-05-04,CELC,0.1538,0.131,0.8518,-0.0227,-0.1334,-0.3694,0.1156,M&A,15,Trading Halt: Halted at 4:00:10 p.m. ET - Trading Halt: Halt News Pending
2026-05-04,CRCL,0.1989,0.0745,0.3747,-0.0447,0.1023,-0.1563,0.1046,FDA / clinical,7,Coinbase CEO Brian Armstrong Says 'Mark It Up' After Reported Compromise On Clarity Act's Stablecoin Yields Clause
2026-05-05,CIFR,0.2353,0.0235,0.0998,-0.0086,-0.0923,0.1873,0.3401,earnings,3,"Earnings Scheduled For May 5, 2026"
2026-05-05,CYTK,0.1671,0.1307,0.7822,-0.0292,-0.0296,-0.0828,0.0171,FDA / clinical,7,Cytokinetics To Report Topline Results From Assessment Comparing Aficamten To Placebo On Cardiac Endpoints In Adults With Non-Obstructive HCM On May 5
2026-05-05,DOCN,0.404,0.1966,0.4866,0.0538,0.0193,0.1369,0.2497,earnings,8,"DigitalOcean Holdings Q1 Adj. EPS $0.44 Beats $0.27 Estimate, Sales $257.905M Beat $249.744M Estimate"
2026-05-05,EVER,0.6304,0.3066,0.4864,-0.1364,-0.1973,-0.246,-0.0482,earnings,6,"EverQuote Q1 EPS $0.51 Misses $0.56 Estimate, Sales $190.852M Beat $180.173M Estimate"
2026-05-05,EWTX,0.2086,0.244,1.17,-0.0268,-0.1052,-0.0474,-0.042,earnings,2,12 Health Care Stocks Moving In Tuesday's Pre-Market Session
2026-05-05,FSLY,0.1772,0.0589,0.3326,-0.0244,-0.4119,-0.3563,-0.1284,no news found,0,
2026-05-05,FTRE,0.1861,0.1404,0.7544,0.0764,0.0055,0.0757,0.3596,earnings,4,"Fortrea Holdings Q1 Adj. EPS $0.16 Beats $0.05 Estimate, Sales $636.500M Beat $625.397M Estimate"
2026-05-05,IART,0.2413,0.1484,0.6148,0.059,0.0416,0.2179,0.1439,earnings,7,Integra LifeSciences Appoints Board Chairman Stuart M. Essig As CEO And Michael McBreen As CMO
2026-05-05,PLPC,0.1579,0.015,0.0952,0.0207,-0.0402,0.0543,0.0605,other news,1,Preformed Line Products Acquires Brazil-Based Delta Star Conetores Eletricos; Financial Terms Undisclosed
2026-05-05,POET,0.2954,0.0127,0.0429,0.0554,0.4908,0.6699,0.1694,earnings,2,POET Technologies Option Alert: Jul 17 $16 Calls Sweep (48) near the Ask: 1003 @ $0.691 vs 25983 OI; Earnings 5/18 After Close [est] Ref=$8.495
2026-05-05,STRL,0.5222,0.3739,0.7159,0.0995,0.0563,0.1874,0.3449,FDA / clinical,10,"Sterling Infrastructure Q1 Adj. EPS $3.59 Beats $2.01 Estimate, Sales $825.675M Beat $603.577M Estimate"
2026-05-05,ULS,0.1625,0.0734,0.4517,0.0014,-0.0715,-0.0627,0.0717,earnings,3,"UL Solutions Q1 Adj. EPS $0.50 Beats $0.41 Estimate, Sales $758.000M Beat $748.553M Estimate"
2026-05-05,VRDN,0.3336,0.3563,1.0682,-0.0651,-0.1008,-0.128,0.0115,FDA / clinical,7,Trading Halt: Halted at 6:55:00 a.m. ET - Trading Halt: Halt News Pending
2026-05-06,ACLS,0.2241,0.1398,0.624,-0.0722,-0.0518,-0.0534,0.4421,no news found,0,
2026-05-06,AMD,0.1861,0.1526,0.8201,-0.0307,0.0572,0.2416,0.6037,FDA / clinical,49,"Advanced Micro Devices Q1 Adj. EPS $1.37 Beats $1.29 Estimate, Sales $10.253B Beat $9.892B Estimate."
2026-05-06,BLMN,0.4097,0.2257,0.5508,-0.0209,0.0197,-0.1207,0.0177,FDA / clinical,10,"Bloomin Brands Q1 Adj. EPS $0.67 Beats $0.57 Estimate, Sales $1.059B Beat $1.040B Estimate"
2026-05-06,BTDR,0.2099,0.0393,0.187,-0.0834,-0.1245,0.3,0.3262,no news found,0,
2026-05-06,COMP,0.2727,0.2782,1.0202,-0.0541,-0.1212,-0.1472,0.0868,earnings,6,"Compass Q1 EPS $0.03 Up From $(0.09) YoY, Estimate, Sales $2.704B Beat $2.668B Estimate"
2026-05-06,DOC,0.1813,0.0273,0.1507,0.0079,0.0021,0.01,-0.0159,earnings,4,"Healthpeak Properties Q1 FFO $0.45 Beats $0.43 Estimate, Sales $752.952M Beat $694.560M Estimate"
2026-05-06,DVA,0.2346,0.0779,0.3322,0.0123,0.0218,-0.0088,0.049,earnings,6,"DaVita Q1 Adj. EPS $2.87 Beats $2.32 Estimate, Sales $3.416B Beat $3.356B Estimate"
2026-05-06,FLEX,0.3969,0.2426,0.6113,-0.0128,0.0673,0.1839,0.414,earnings,13,"Flex Q4 Adj. EPS $0.39 Misses $0.87 Estimate, Sales $7.477B Beat $6.962B Estimate"
2026-05-06,FLYW,0.2051,0.1473,0.7181,0.0126,-0.0959,-0.1673,0.2429,earnings,7,"Flywire Q1 EPS $0.10 Beats $0.04 Estimate, Sales $188.112M Beat $171.624M Estimate"
2026-05-06,FTAI,0.1686,0.0756,0.4487,-0.0456,-0.0631,-0.1227,0.0139,no news found,0,
2026-05-06,GEO,0.2092,0.1547,0.7396,-0.0441,0.0203,0.1329,0.0438,FDA / clinical,8,"GEO Group Q1 Adj. EPS $0.29 Beats $0.20 Estimate, Sales $705.213M Beat $688.889M Estimate"
2026-05-06,GRAL,0.1535,0.0294,0.1916,0.0027,-0.0363,0.0606,0.1068,earnings,3,"GRAIL Q1 EPS $(2.29) Beats $(2.70) Estimate, Sales $39.832M Beat $38.881M Estimate"
2026-05-06,HUT,0.3531,0.2616,0.7408,-0.0712,-0.0057,0.1728,0.5289,earnings,8,"Hut 8 Mining Q1 EPS $(1.98) Misses $(0.17) Estimate, Sales $71.017M Miss $81.276M Estimate"
2026-05-06,IFF,0.1718,0.1416,0.8239,-0.0564,-0.0658,-0.117,0.0114,earnings,5,"Intl Flavors & Fragrances Q1 Adj. EPS $1.25 Beats $1.07 Estimate, Sales $2.741B Beat $2.642B Estimate"
2026-05-06,JOBY,0.212,0.0219,0.1033,-0.0485,0.0513,0.0589,0.0358,earnings,7,"Joby Aviation Q1 EPS $(0.12) Beats $(0.20) Estimate, Sales $24.246M Beat $20.198M Estimate"
2026-05-06,KMT,0.1535,0.0397,0.2583,-0.036,-0.1848,-0.2355,0.0317,FDA / clinical,4,"Kennametal Q3 Adj. EPS $0.77 Beats $0.67 Estimate, Sales $592.585M Beat $564.935M Estimate"
2026-05-06,LIVN,0.1505,0.0592,0.3933,0.0704,0.0933,0.1126,-0.0936,earnings,5,"LivaNova Q1 Adj. EPS $0.98 Beats $0.90 Estimate, Sales $362.300M Beat $346.108M Estimate"
2026-05-06,NNE,0.2767,0.0918,0.3317,-0.0815,-0.0695,-0.1001,0.1323,FDA / clinical,3,"NANO Nuclear Energy Strikes MoU With Super Micro Computer To Mull Integration Of Advanced Microreactor Systems With Super Micro's AI Server, Data Center Platforms"
2026-05-06,NVAX,0.1556,0.0568,0.3651,-0.0139,-0.0139,0.0887,0.015,earnings,5,"Novavax Q1 EPS $(0.06), Sales $139.514M Beat $78.323M Estimate"
2026-05-06,OKLO,0.1644,0.0414,0.2518,-0.0978,-0.1251,-0.1787,0.4677,FDA / clinical,3,Centrus Energy Says Exploring Joint-Venture With Oklo For Haleu Deconversion Services
2026-05-06,RIOT,0.1646,0.1007,0.6119,0.0173,0.0515,0.1591,0.4341,FDA / clinical,3,"HC Wainwright & Co. Maintains Buy on Riot Platforms, Raises Price Target to $25"
2026-05-06,SHAZ,0.2176,0.0,0.0,-0.0056,0.0191,0.4078,0.6812,no news found,0,
2026-05-06,SII,0.2014,0.0621,0.3084,-0.0653,-0.0633,-0.1454,-0.0935,earnings,1,"Sprott Q1 EPS $1.13 Misses $1.28 Estimate, Sales $142.952M Beat $107.279M Estimate"
2026-05-06,SMCI,0.2454,0.1297,0.5286,-0.03,-0.0767,0.3531,0.2276,FDA / clinical,24,"Super Micro Computer Q3 Adj. EPS $0.84 Beats $0.62 Estimate, Sales $10.243B Miss $12.332B Estimate"
2026-05-06,SSRM,0.1544,0.147,0.9518,0.0028,0.0654,-0.0967,-0.133,earnings,3,"SSR Mining Q1 Adj. EPS $1.15 Beats $0.86 Estimate, Sales $581.778M Beat $539.385M Estimate."
2026-05-06,TGTX,0.1626,0.0042,0.0256,0.0251,0.0162,-0.0336,0.0812,earnings,3,TG Therapeutics Raises FY2026 Sales Guidance from $875.000M-$900.000M to $925.000M vs $906.021M Est
2026-05-06,TMC,0.1756,0.0229,0.1304,-0.0747,-0.0844,-0.0276,0.1882,no news found,0,
2026-05-06,VCYT,0.2493,0.1829,0.7336,-0.0104,-0.0714,0.2124,0.0255,earnings,5,"Veracyte Q1 Adj. EPS $0.52 Beats $0.15 Estimate, Sales $139.071M Beat $130.041M Estimate"
2026-05-06,VECO,0.2517,0.2566,1.0192,-0.0692,-0.0282,0.0266,0.4102,earnings,10,"Veeco Instruments Q1 Adj. EPS $0.14 Misses $0.23 Estimate, Sales $158.341M Miss $162.672M Estimate"
2026-05-06,VSEC,0.1692,0.0556,0.3286,-0.0386,-0.1298,-0.1134,-0.0451,earnings,3,"VSE Q1 Adj. EPS $1.17 Beats $0.91 Estimate, Sales $324.580M Beat $311.571M Estimate"
2026-05-06,WOLF,0.1761,-0.1127,-0.6403,0.0483,0.4531,0.5566,0.935,earnings,5,"Wolfspeed Q3 Adj. EPS $(3.26) Misses $(2.02) Estimate, Sales $150.200M Miss $194.813M Estimate"
2026-05-07,AAON,0.3147,0.4547,1.4446,0.0805,0.0832,0.0268,0.1251,FDA / clinical,7,"AAON Q1 Adj. EPS $0.48 Beats $0.29 Estimate, Sales $496.936M Beat $381.083M Estimate"
2026-05-07,ACVA,0.2452,0.1828,0.7453,-0.0138,-0.12,-0.1292,0.1397,FDA / clinical,6,"ACV Auctions Q1 EPS $(0.06) Beats $(0.08) Estimate, Sales $204.192M Beat $201.655M Estimate"
2026-05-07,BOBS,0.2863,0.0863,0.3014,0.0766,-0.0671,-0.03,-0.1382,earnings,3,"Bobs Discount Furniture Q1 Adj. EPS $0.09 Beats $0.06 Estimate, Sales $578.096M Miss $578.787M Estimate"
2026-05-07,DDOG,0.3133,0.3081,0.9836,0.0606,0.0748,0.2404,0.2336,earnings,13,Datadog Obtains FedRAMP High Certification
2026-05-07,FA,0.2312,0.0805,0.348,0.0127,-0.0628,0.0076,0.1337,earnings,2,"First Advantage Q1 Adj. EPS $0.26 Beats $0.21 Estimate, Sales $385.200M Beat $372.602M Estimate"
2026-05-07,FLNC,0.399,0.4163,1.0434,0.2736,0.1038,0.2077,0.0335,FDA / clinical,9,"Fluence Energy Q2 EPS $(0.16), Inline, Sales $464.891M Miss $623.050M Estimate"
2026-05-07,FTNT,0.2003,0.1702,0.8493,0.0565,0.1286,0.34,0.0771,earnings,26,"Fortinet Q1 Adj. EPS $0.82 Beats $0.62 Estimate, Sales $1.850B Beat $1.732B Estimate"
2026-05-07,FUN,0.1559,0.0373,0.2394,-0.033,-0.1178,-0.0896,0.086,earnings,3,"JP Morgan Maintains Underweight on Six Flags Entertainment, Raises Price Target to $16"
2026-05-07,HRB,0.2376,0.0665,0.2796,0.0186,-0.016,0.0613,-0.0797,earnings,7,"H&R Block Q3 Adj. EPS $6.02 Beats $5.77 Estimate, Sales $2.398B Beat $2.336B Estimate"
2026-05-07,JMIA,0.1676,0.2245,1.3398,-0.1079,-0.1584,-0.2491,0.0718,earnings,2,"Jumia Technologies Q1 EPS $(0.14) Misses $(0.08) Estimate, Sales $50.600M Beat $46.832M Estimate."
2026-05-07,LFST,0.2024,0.087,0.4295,-0.1299,-0.1085,-0.1627,0.1254,earnings,3,"LifeStance Health Gr Q1 EPS $0.04 Beats $0.01 Estimate, Sales $403.476M Beat $387.367M Estimate"
2026-05-07,NP,0.2198,0.0108,0.0492,-0.0181,-0.0988,-0.1634,-0.0378,no news found,0,
2026-05-07,PCT,0.1732,0.2224,1.2841,0.066,0.3859,0.3999,0.3804,earnings,3,"PureCycle Technologies Q1 EPS $(0.21) Beats $(0.25) Estimate, Sales $4.127M Beat $3.832M Estimate"
2026-05-07,PTRN,0.1895,0.0379,0.2,-0.0608,-0.0407,0.1534,0.131,earnings,6,"Pattern Group Q1 EPS $0.16 Beats $0.10 Estimate, Sales $773.727M Beat $715.904M Estimate"
2026-05-07,RXO,0.1779,0.1063,0.5974,-0.0588,-0.2423,0.1623,0.2066,earnings,1,"RXO Q1 Adj. EPS $(0.09), Inline, Sales $1.425B Beat $1.323B Estimate"
2026-05-07,SEZL,0.1604,0.1702,1.0609,-0.0349,0.0363,0.1622,0.2379,earnings,5,"Sezzle Q1 Adj. EPS $1.47 Beats $1.24 Estimate, Sales $135.539M Beat $129.145M Estimate"
2026-05-07,SITM,0.2791,0.3397,1.2169,0.0449,0.0287,-0.2153,0.5784,earnings,8,"SiTime Q1 Adj. EPS $1.44 Beats $1.16 Estimate, Sales $113.567M Beat $103.388M Estimate"
2026-05-07,VERX,0.1588,0.1015,0.6393,0.0177,-0.1561,-0.1029,0.0914,earnings,4,"Vertex Q1 Adj. EPS $0.17, Inline, Sales $196.646M Beat $194.827M Estimate"
2026-05-07,VYX,0.1508,0.1337,0.8868,0.0321,-0.1434,-0.1459,0.1106,earnings,2,"NCR Voyix Q1 Adj. EPS $0.10 Beats $0.08 Estimate, Sales $606.000M Beat $578.868M Estimate."
2026-05-07,WGS,0.1668,0.0107,0.0639,0.0067,-0.0407,0.2891,-0.4708,earnings,1,Why Is GeneDx Stock Surging Thursday?
2026-05-07,WRBY,0.2347,0.1253,0.5338,0.0864,0.0625,-0.1647,0.0343,earnings,6,"Warby Parker Q1 EPS $0.03 Misses $0.05 Estimate, Sales $242.447M Beat $239.342M Estimate"
2026-05-07,XMTR,0.3918,0.3475,0.8869,0.0192,0.1462,0.0275,0.2711,FDA / clinical,6,"Xometry Partners With Siemens To Embed Proprietary Manufacturability, Pricing, Sourcing And Lifecycle Intelligence Using Xcelerator, With Siemens Making ~$50M Investment In XMTR"
2026-05-08,AKAM,0.2658,0.2465,0.9271,0.0359,0.0215,-0.0395,0.0646,earnings,15,"Akamai Techs Q1 Adj. EPS $1.61 Beats $1.60 Estimate, Sales $1.074B Beat $1.073B Estimate"
2026-05-08,AMBQ,0.1626,0.0216,0.1327,0.0337,0.5973,0.7915,0.3185,no news found,0,
2026-05-08,AMN,0.2904,0.1595,0.5491,0.0449,-0.0124,0.0715,0.2142,earnings,4,"AMN Healthcare Services Q1 Adj. EPS $2.10 Beats $1.62 Estimate, Sales $1.378B Beat $1.234B Estimate"
2026-05-08,BKKT,0.152,-0.0058,-0.0385,0.0071,-0.1594,-0.1766,0.0191,no news found,0,
2026-05-08,BKSY,0.2236,0.0223,0.0999,0.0489,-0.0177,-0.1311,-0.0126,earnings,1,"Space Earnings Heat Up: Rocket Lab Tops $200M, Firefly Hits Record Revenue, Redwire Backlog Surges"
2026-05-08,CALY,0.1862,0.0812,0.4364,-0.0805,-0.1307,-0.1073,0.0186,earnings,5,"Callaway Golf Q1 Adj. EPS $0.56 Beats $0.43 Estimate, Sales $687.500M Miss $688.419M Estimate"
2026-05-08,DBX,0.15,0.0913,0.6088,-0.0834,-0.072,-0.0554,0.1305,earnings,5,"Dropbox Q1 Adj. EPS $0.76 Beats $0.70 Estimate, Sales $629.500M Beat $620.562M Estimate"
2026-05-08,DXYZ,0.2133,0.0391,0.1833,0.3048,-0.1278,-0.2815,0.6077,no news found,0,
2026-05-08,EOSE,0.2594,0.0299,0.1152,0.0699,-0.0181,-0.1648,0.0689,no news found,0,
2026-05-08,FLNC,0.2736,0.2533,0.9258,0.0443,-0.1403,-0.0037,0.399,FDA / clinical,5,12 Industrials Stocks Moving In Friday's Pre-Market Session
2026-05-08,FLY,0.2262,0.0295,0.1305,-0.0363,0.0189,-0.0882,-0.1387,earnings,1,"Space Earnings Heat Up: Rocket Lab Tops $200M, Firefly Hits Record Revenue, Redwire Backlog Surges"
2026-05-08,FROG,0.2373,0.1636,0.6896,-0.0218,-0.0622,0.2143,0.2825,earnings,15,"JFrog Q1 Adj. EPS $0.27 Beats $0.21 Estimate, Sales $153.977M Beat $147.462M Estimate"
2026-05-08,GRPN,0.1501,0.0349,0.2328,-0.0512,-0.018,-0.09,0.3479,earnings,4,"Groupon Q1 EPS $(0.32) Misses $(0.03) Estimate, Sales $117.200M Miss $117.649M Estimate"
2026-05-08,INOD,0.86,0.5977,0.695,0.2231,0.1321,0.2109,0.2646,FDA / clinical,12,"Innodata Q1 EPS $0.42 Beats $0.17 Estimate, Sales $90.096M Beat $76.469M Estimate"
2026-05-08,LUNR,0.2016,0.039,0.1934,0.1191,0.1698,0.0264,0.0974,earnings,1,"Space Earnings Heat Up: Rocket Lab Tops $200M, Firefly Hits Record Revenue, Redwire Backlog Surges"
2026-05-08,MU,0.1549,0.0461,0.2977,0.065,-0.0297,0.2711,0.5341,earnings,8,Why Is Micron Technology Stock Surging On Friday?
2026-05-08,MXL,0.212,0.0652,0.3076,0.0244,-0.075,-0.206,3.1517,earnings,1,"Monster Beverage, Westrock Coffee, Himax Technologies And Other Big Stocks Moving Higher On Friday"
2026-05-08,NSIT,0.1907,0.0226,0.1185,0.053,0.061,0.3145,0.0067,no news found,0,
2026-05-08,NVTS,0.1526,0.006,0.0394,0.2445,0.1714,0.3451,0.6762,no news found,0,
2026-05-08,PGNY,0.238,0.2208,0.9276,-0.0493,-0.0198,0.0927,0.1591,earnings,7,"Progyny Q1 Adj. EPS $0.50 Beats $0.30 Estimate, Sales $328.504M Beat $326.514M Estimate"
2026-05-08,RDW,0.2033,0.0228,0.1123,0.0985,0.2701,0.6775,-0.0022,earnings,2,Redwire Stock Surges Friday: What's Driving The Move?
2026-05-08,RKLB,0.3422,0.0949,0.2772,0.1126,0.183,0.0776,0.1774,M&A,18,"Rocket Lab USA Q1 EPS $(0.07), Inline, Sales $200.348M Beat $189.684M Estimate"
2026-05-08,SNDK,0.166,0.0406,0.2447,-0.0095,-0.099,0.051,0.5735,earnings,6,Why Is Micron Technology Stock Surging On Friday?
2026-05-08,SYNA,0.1855,0.0233,0.1253,0.0089,0.0223,0.0843,0.4297,earnings,9,"Synaptics Q3 Adj. EPS $1.09 Beats $1.01 Estimate, Sales $294.200M Beat $290.131M Estimate"
2026-05-08,TE,0.1961,0.0233,0.1188,-0.0195,-0.0795,0.4821,0.2321,no news found,0,
2026-05-08,VOYG,0.1608,0.0168,0.1044,0.0363,0.158,0.4264,-0.1333,earnings,1,"Space Earnings Heat Up: Rocket Lab Tops $200M, Firefly Hits Record Revenue, Redwire Backlog Surges"
2026-05-08,WLDN,0.1869,0.0481,0.2572,0.0511,0.0422,0.1145,-0.1135,earnings,3,"Willdan Group Q1 Adj. EPS $0.91 Beats $0.83 Estimate, Sales $92.432M Beat $92.167M Estimate"
2026-05-08,WSC,0.206,0.1343,0.652,-0.0494,-0.1286,-0.0398,0.248,earnings,3,"WillScot Mobile Mini Q1 Adj. EPS $0.21 Beats $0.16 Estimate, Sales $548.628M Beat $518.172M Estimate"
2026-05-11,AAOI,0.2414,0.0223,0.0923,0.0183,-0.063,-0.1191,-0.011,FDA / clinical,3,"Zoetis, Insmed, And HubSpot Are Among Top 10 Large-Cap Losers Last Week (May 4-May 8): Are The Others In Your Portfolio?"
2026-05-11,ASPI,0.1561,0.0446,0.2857,-0.0402,-0.1519,0.0289,0.2009,contract / partnership,2,ASP Isotopes Subsidiary Quantum Leap Energy Signs Nonbinding MoU With A European Nuclear Technology Company Specializing In Advanced Nuclear Reactor Development
2026-05-11,CRCL,0.1591,0.0456,0.2863,-0.0616,-0.1546,-0.3845,0.2911,earnings,13,"Top US Stocks To Watch This Week: AMAT, Cisco, Nebius And Circle"
2026-05-11,DXYZ,0.3048,0.1284,0.4213,-0.2504,-0.256,-0.5129,0.95,no news found,0,
2026-05-11,FCEL,0.1635,-0.0051,-0.0312,0.0721,0.1129,0.0972,1.0602,no news found,0,
2026-05-11,INOD,0.2231,-0.0176,-0.0787,-0.1131,-0.0877,-0.0487,1.3859,FDA / clinical,5,"Consumer Tech News (May 4- 8): Big Tech Gain On AI Momentum, Pentagon Awards $500M AI Contract & More"
2026-05-11,IONQ,0.1554,-0.0223,-0.1438,-0.0179,-0.1332,-0.0035,0.7103,M&A,5,"Consumer Tech News (May 4- 8): Big Tech Gain On AI Momentum, Pentagon Awards $500M AI Contract & More"
2026-05-11,LITE,0.1652,0.0508,0.3076,-0.0577,-0.1596,-0.2197,0.0072,earnings,6,"Lumentum's 1,276% Stock Boom Is Work In Progress — Ask JPMorgan, UBS, Barclays"
2026-05-11,LQDA,0.256,0.0426,0.1662,0.0653,0.0723,0.2048,0.0973,earnings,5,"Liquidia Q1 EPS $0.52 Beats $0.41 Estimate, Sales $132.865M Beat $116.675M Estimate"
2026-05-11,NVTS,0.2445,-0.0038,-0.0157,-0.1501,-0.1316,0.0088,0.9078,earnings,1,"Liquidia, Beazer Homes, Circle Internet Group And Other Big Stocks Moving Higher On Monday"
2026-05-11,POET,0.2694,0.1041,0.3864,-0.0122,0.0223,-0.2252,0.5554,contract / partnership,2,POET Technologies Stock Surges Monday: What's Driving The Action?
2026-05-11,VICR,0.2203,0.0918,0.4167,-0.0653,-0.2043,-0.0942,0.3818,FDA / clinical,2,"Liquidia, Beazer Homes, Circle Internet Group And Other Big Stocks Moving Higher On Monday"
2026-05-12,AEVA,0.2292,-0.0161,-0.0702,0.0613,-0.0047,0.1886,0.1419,no news found,0,
2026-05-12,AMBQ,0.4533,0.1636,0.3609,0.0741,0.0719,0.1318,0.546,earnings,7,"Earnings Scheduled For May 12, 2026"
2026-05-12,AVEX,0.1532,0.0557,0.3636,-0.0803,-0.0647,-0.2771,-0.0936,earnings,8,"Baird Initiates Coverage On AEVEX with Outperform Rating, Announces Price Target of $38"
2026-05-12,PACS,0.2856,0.21,0.7355,0.0071,-0.1046,-0.1629,-0.0587,earnings,9,"PACS Group Q1 EPS $0.50 Beats $0.42 Estimate, Sales $1.420B Beat $1.363B Estimate"
2026-05-12,RAL,0.1936,0.188,0.9708,0.0373,-0.0093,0.0566,0.0611,earnings,8,"Ralliant Q1 Adj. EPS $0.57 Beats $0.49 Estimate, Sales $534.600M Beat $515.108M Estimate"
2026-05-12,QUBT,0.1572,0.2475,1.575,-0.0637,-0.2173,-0.191,0.4003,earnings,10,"Quantum Computing Q1 EPS $(0.02) Beats $(0.05) Estimate, Sales $3.691M Beat $3.275M Estimate"
2026-05-12,VSTS,0.2903,0.2667,0.9185,-0.0625,-0.0133,0.085,0.0532,FDA / clinical,7,"Vestis Q2 Adj. EPS $0.16 Beats $0.08 Estimate, Sales $659.400M Beat $655.311M Estimate"
2026-05-12,WEN,0.1687,0.1258,0.7459,0.0367,0.0278,-0.1452,0.0089,M&A,7,'Nelson Peltz In Talks To Raise Funds For Wendy's Go-Private Bid' - FT
2026-05-13,AAOI,0.1849,0.0888,0.4802,-0.0875,-0.2593,-0.2255,0.2862,other news,2,SanDisk And Micron Had Their Run – This New 'Photonics' ETF Has 15 Triple-Digit Gainers Inside
2026-05-13,AUR,0.1634,0.0007,0.0042,-0.0262,-0.1524,-0.2893,0.546,no news found,0,
2026-05-13,FCEL,0.1656,0.0336,0.2032,0.0843,0.0151,-0.1119,1.3411,FDA / clinical,1,10 Industrials Stocks With Whale Alerts In Today's Session
2026-05-13,NBIS,0.1572,0.1381,0.8784,0.067,-0.0745,0.0722,0.106,earnings,13,Nebius Group N.V. Acquires The Core Engineering And Research Team From Clarifai And Licenses Inference Tech To Expand Full-Stack AI Platform With System-Level Optimization Capability
2026-05-13,OUST,0.2609,0.0614,0.2355,0.0202,-0.0966,0.1592,0.1571,other news,2,12 Information Technology Stocks Moving In Wednesday's Intraday Session
2026-05-13,PSIX,0.1871,0.0326,0.1744,-0.0845,-0.1807,-0.1004,-0.555,analyst,1,"Freedom Broker Downgrades Power Solutions Intl to Hold, Lowers Price Target to $66"
2026-05-13,TSEM,0.2261,0.15,0.6632,0.0366,-0.0232,-0.0459,0.0314,earnings,10,"Tower Semiconductor Q1 Adj. EPS $0.65 Beats $0.56 Estimate, Sales $413.631M Beat $410.979M Estimate"
2026-05-13,VELO,0.4943,0.1906,0.3856,-0.0557,-0.119,0.4569,0.2899,M&A,12,"Velo3D Q1 Adj. EPS $(0.20) Beats $(0.48) Estimate, Sales $13.816M Beat $9.850M Estimate"
2026-05-13,VOYG,0.1507,0.0188,0.125,0.0783,0.1884,0.4247,-0.0312,government / policy,3,Voyager Announces Management Contract To Serve As Mission Integrator For Exobiosphere's Orbital High-Throughput Screener Platform Aboard The International Space Station; Terms Not Disclosed
2026-05-13,WOLF,0.1653,0.2403,1.4538,0.1176,-0.0636,-0.2725,1.3357,M&A,6,Why Nextpower Shares Are Trading Higher By Over 12%; Here Are 20 Stocks Moving Premarket
2026-05-14,ARX,0.166,0.1085,0.6538,0.0568,0.1629,-0.1081,-0.0854,earnings,3,"Accelerant Holdings Q1 Adj. EPS $0.17 Beats $0.16 Estimate, Sales $273.300M Beat $244.563M Estimate"
2026-05-14,CPA,0.1791,0.1042,0.5815,-0.0279,0.0115,0.0584,-0.0477,earnings,3,"Copa Holdings Q1 EPS $5.16 Beats $4.61 Estimate, Sales $1.052B Beat $1.033B Estimate"
2026-05-14,FRMI,0.2283,0.0642,0.281,-0.1167,-0.1777,-0.0312,0.0292,earnings,4,Fermi Q1 EPS $(0.30) Misses $(0.06) Estimate
2026-05-14,KLAR,0.2031,0.1308,0.6439,-0.0789,-0.0328,-0.0146,-0.0787,earnings,8,Klarna Group Gears Up For Q1 Print; Here Are The Recent Forecast Changes From Wall Street's Most Accurate Analysts
2026-05-14,ONDS,0.2652,0.1275,0.4809,-0.0526,-0.1811,-0.1677,-0.1167,earnings,9,"Earnings Scheduled For May 14, 2026"
2026-05-14,PCT,0.2147,0.1338,0.6233,0.0161,-0.0856,-0.2833,0.5247,earnings,1,"Staar Surgical Posts Upbeat Q1 Results, Joins Cisco, Yeti Holdings And Other Big Stocks Moving Higher On Thursday"
2026-05-14,POET,0.4315,0.2116,0.4903,-0.2236,-0.2795,-0.3909,1.0617,earnings,6,POET Technologies Enters Supply Agreement With Lumilens To Develop A New Class Of Wafer-Level Photonic Integration For AI Infrastructure; Lumilens Places $50M Engine Purchase Order And Receives Warrant To Purchase Up To ~22.9M POET Shares
2026-05-14,PURR,0.1763,0.0379,0.215,-0.021,0.1877,0.2185,-0.0676,no news found,0,
2026-05-14,RDW,0.2208,0.0432,0.1957,0.005,0.0972,0.0808,0.1564,FDA / clinical,3,"Staar Surgical Posts Upbeat Q1 Results, Joins Cisco, Yeti Holdings And Other Big Stocks Moving Higher On Thursday"
2026-05-14,SEDG,0.1747,-0.0037,-0.0214,0.2293,0.254,0.2102,0.1306,no news found,0,
2026-05-15,SEDG,0.2293,-0.037,-0.1615,-0.1057,0.0031,-0.0254,0.2912,other news,2,12 Information Technology Stocks Moving In Friday's Intraday Session
2026-05-15,SG,0.1742,-0.0073,-0.0417,0.0692,0.2089,0.0952,0.0551,earnings,2,"Gemini Space Posts Upbeat Q1 Results, Joins Figma, Sutro Biopharma And Other Big Stocks Moving Higher On Friday"
2026-05-18,BRC,0.1898,0.0851,0.4483,0.0132,0.0397,0.0055,-0.1572,earnings,10,"Baidu, Brady And 3 Stocks To Watch Heading Into Monday"
2026-05-18,RAMP,0.2734,0.2744,1.0037,-0.0024,-0.0029,-0.0042,0.0306,M&A,11,"LiveRamp Holdings Q4 Adj. EPS $0.52 Beats $0.50 Estimate, Sales $206.092M Beat $205.513M Estimate"
2026-05-18,TE,0.2346,0.1817,0.7744,-0.0171,0.4929,0.2329,0.1272,earnings,3,12 Information Technology Stocks Moving In Monday's Pre-Market Session
2026-05-20,ALAB,0.1769,0.0293,0.1654,0.036,0.2146,0.4508,0.2724,earnings,4,Why Is Astera Labs (ALAB) Stock Trending Overnight?
2026-05-20,ENVX,0.1501,0.0072,0.0482,-0.0094,0.2028,0.1132,-0.1531,no news found,0,
2026-05-20,FCEL,0.1647,0.0,0.0,0.3046,0.2062,0.1889,0.8293,no news found,0,
2026-05-20,GH,0.1709,0.027,0.1579,0.0264,0.1587,0.1462,0.0867,FDA / clinical,2,Guardant Health Announces FDA Approval Of The Company's Liquid CDx To Advance Blood-Based Comprehensive Genomic Testing
2026-05-20,IMVT,0.3526,0.1579,0.4477,-0.0402,-0.0579,-0.0062,-0.0704,earnings,7,Immunovant Q4 EPS $(0.73) Misses $(0.60) Estimate
2026-05-20,KURA,0.154,0.0022,0.0145,0.0764,-0.0358,-0.0397,-0.0539,no news found,0,
2026-05-20,NVTS,0.1832,0.0332,0.1812,0.0605,0.2401,0.0448,0.2674,no news found,0,
2026-05-20,TE,0.2645,0.0538,0.2033,0.0023,0.2437,0.0747,0.3517,earnings,3,"TAT Technologies Posts Upbeat Q1 Earnings, Joins Roivant Sciences, Immunitybio And Other Big Stocks Moving Higher On Wednesday"
2026-05-21,APLD,0.2151,0.0721,0.3353,-0.0448,-0.0154,-0.0587,0.2186,FDA / clinical,9,"Applied Digital Enters Into A Long-term Lease Agreement With The Same U.S. Based High Investment-Grade Hyperscaler That Previously Signed At Delta Forge 1; Total Contracted Capacity Across Four AI Factory Campuses Now Reaches 1,200 MW Of Critical IT Load And 1,670 ~ MW Of Utility Power"
2026-05-21,BIRK,0.1945,0.1063,0.5464,0.0431,0.1361,0.0915,-0.1884,earnings,4,Birkenstock Announces $250M Accelerated Stock Buyback
2026-05-21,BKKT,0.2102,-0.0088,-0.0421,-0.0357,-0.1177,-0.2654,0.115,no news found,0,
2026-05-21,DXYZ,0.2687,0.0221,0.0823,0.0808,-0.1486,-0.5642,0.6211,M&A,8,'Musk's SpaceX Files Publicly for Nasdaq IPO Under Symbol SPCX' - Bloomberg News
2026-05-21,ENPH,0.1729,-0.0053,-0.0305,0.0271,0.0966,-0.1593,0.5031,other news,1,Enphase Energy Stock Surges Thursday: What's Happening?
2026-05-21,FCEL,0.3046,-0.0153,-0.0503,-0.0519,-0.1789,-0.0754,0.7136,FDA / clinical,2,12 Industrials Stocks Moving In Thursday's Intraday Session
2026-05-21,HOV,0.178,0.0383,0.2149,-0.0886,-0.0442,0.0877,-0.1966,earnings,3,Hovnanian Enterprises Sees Q3 Sales $650.000M-$750.000M vs $628.200M Est
2026-05-21,INFQ,0.3148,0.2075,0.6591,0.1122,0.1034,-0.0333,-0.2471,earnings,8,Infleqtion Signs LOI With US Department Of Commerce's CHIPS R&D Office For $100M Milestone‑Based Funding To Advance Neutral‑Atom Quantum Computing
2026-05-21,QBTS,0.3337,0.1275,0.382,0.1422,0.1709,-0.0493,-0.0913,earnings,8,"The Wall Street Journal Reported  Trump Administration to Award $2B to Nine Quantum Companies Through Chips Act and Receive Equity Stakes, Citing Commerce Department"
2026-05-21,QUBT,0.1935,0.0952,0.4919,0.0789,0.0482,-0.0762,-0.0304,earnings,4,"The Wall Street Journal Reported  Trump Administration to Award $2B to Nine Quantum Companies Through Chips Act and Receive Equity Stakes, Citing Commerce Department"
2026-05-21,RGTI,0.3057,0.1069,0.3498,0.1987,0.1588,-0.0299,-0.0816,earnings,8,"The Wall Street Journal Reported  Trump Administration to Award $2B to Nine Quantum Companies Through Chips Act and Receive Equity Stakes, Citing Commerce Department"
2026-05-21,WOLF,0.1856,0.0154,0.0827,0.0056,-0.1471,-0.2378,1.1124,earnings,1,"Advance Auto Parts Posts Upbeat Q1 Earnings, Joins IBM, Ralph Lauren And Other Big Stocks Moving Higher On Thursday"
2026-05-22,AEVA,0.1782,0.0237,0.1332,0.111,0.0983,-0.0703,0.3873,no news found,0,
2026-05-22,BB,0.1895,0.018,0.0952,0.0645,0.2288,0.115,0.2619,earnings,1,"Zoom Upbeat Q1 Results, Joins Lionsgate Studios, Ross Stores And Other Big Stocks Moving Higher On Friday"
2026-05-22,DELL,0.1677,0.0605,0.3611,0.0335,0.5785,0.4492,0.1917,earnings,5,"Zoom Upbeat Q1 Results, Joins Lionsgate Studios, Ross Stores And Other Big Stocks Moving Higher On Friday"
2026-05-22,FLY,0.1549,0.0016,0.0105,0.1881,-0.1063,-0.4503,0.1121,no news found,0,
2026-05-22,HLIT,0.1969,0.126,0.64,0.1118,0.0401,-0.0355,0.2176,earnings,2,12 Information Technology Stocks Moving In Thursday's After-Market Session
2026-05-22,HPQ,0.1526,0.0317,0.208,-0.0324,0.1623,-0.051,0.0873,earnings,2,"Zoom Upbeat Q1 Results, Joins Lionsgate Studios, Ross Stores And Other Big Stocks Moving Higher On Friday"
2026-05-22,IMAX,0.1547,0.137,0.8855,0.0381,0.035,0.1495,-0.0746,earnings,6,'IMAX Is Exploring a Sale'- WSJ Exclusive
2026-05-22,LION,0.158,0.0503,0.3186,-0.0147,-0.0729,0.0033,0.1384,earnings,3,"Lionsgate Studios Q4 Adj. EPS $0.37 Beats $0.24 Estimate, Sales $906.500M Beat $810.144M Estimate"
2026-05-22,NVTS,0.1998,0.0094,0.0472,0.0868,-0.1501,-0.2684,0.3171,earnings,1,"Zoom Upbeat Q1 Results, Joins Lionsgate Studios, Ross Stores And Other Big Stocks Moving Higher On Friday"
2026-05-22,RGTI,0.1987,0.0417,0.21,-0.0513,-0.0299,-0.1945,0.3072,FDA / clinical,10,"D-Wave Quantum, IBM, Infleqtion, Rigetti Computing And Walmart: Why These 5 Stocks Are On Investors' Radars Today"
2026-05-22,SHAZ,0.1795,0.0121,0.0676,-0.045,0.1688,0.2395,0.3529,no news found,0,
2026-05-26,ACMR,0.1787,0.0853,0.4775,0.0252,0.0632,0.1751,0.3075,no news found,0,
2026-05-26,AEHR,0.1568,0.0419,0.2671,-0.0555,0.028,-0.1339,-0.0093,no news found,0,
2026-05-26,ASPI,0.2486,0.1495,0.6014,-0.0375,0.202,0.0188,0.0374,other news,2,ASP Isotopes Announces Restart Of First 18 Stages Of Its Silicon-28 Enrichment Facility In South Africa
2026-05-26,FLY,0.1881,0.0766,0.4071,-0.026,-0.2625,-0.5752,0.4091,FDA / clinical,5,Investors Pour Into NASA ETF Ahead of Anticipated SpaceX IPO
2026-05-26,MU,0.1929,0.0925,0.4797,0.0363,0.1878,0.1704,0.5119,earnings,21,"Benzinga Bulls And Bears: Take-Two, AMC, Rivian — And Markets Up For Eighth Straight Week"
2026-05-26,OUST,0.1531,0.0845,0.552,0.0358,0.078,-0.0466,0.3122,contract / partnership,3,"Ouster Partners With Argus Interception, A Maker Of Counter-UAS Interception Systems, To Equip Argus's A1-Falke Net-Based Interceptors With Its Digital Lidar"
2026-05-26,POWI,0.1868,0.1184,0.6335,0.0334,0.0037,-0.0241,-0.0366,other news,1,12 Information Technology Stocks Moving In Friday's After-Market Session
2026-05-26,RDW,0.2601,0.1232,0.4736,0.0889,-0.0662,-0.4837,0.8068,FDA / clinical,5,12 Industrials Stocks Moving In Tuesday's Pre-Market Session
2026-05-26,TE,0.2933,0.0545,0.1857,0.0488,0.1522,-0.1837,0.5274,analyst,6,Benzinga's 'Stock Whisper' Index: 5 Stocks Investors Secretly Monitor But Don't Talk About Yet
2026-05-26,UMC,0.1568,0.154,0.9823,0.0538,0.0654,0.3287,0.4843,analyst,2,12 Information Technology Stocks Moving In Tuesday's Pre-Market Session
2026-05-26,VICR,0.2424,0.1062,0.4381,0.0387,0.0,-0.032,-0.0203,FDA / clinical,2,"Micron, Braiin, Redwire, Modine Manufacturing And Other Big Stocks Moving Higher On Tuesday"
2026-05-27,ADTN,0.1765,0.0182,0.1031,-0.1278,-0.0948,-0.2763,-0.0149,no news found,0,
2026-05-27,DY,0.2584,0.2736,1.0586,0.0115,-0.0851,-0.0671,0.0107,FDA / clinical,8,"Dycom Industries Q1 Adj. EPS $4.42, Sales $1.964B Beat $1.670B Estimate"
2026-05-27,LUNR,0.1572,0.0906,0.5766,0.1329,-0.1614,-0.5364,0.3305,FDA / clinical,7,"Micron Technology, Zscaler, Redwire, Intuitive Machines And AMD: Why These 5 Stocks Are On Investors' Radars Today"
2026-05-28,ABSI,0.1783,0.0174,0.0978,0.1102,0.2072,0.7911,0.0617,earnings,2,"BTIG Initiates Coverage On Absci with Buy Rating, Announces Price Target of $9"
2026-05-28,A,0.1687,0.1481,0.8779,0.0011,0.0221,0.0047,0.0085,earnings,18,"Agilent Technologies Q2 Adj. EPS $1.49 Beats $1.41 Estimate, Sales $1.835B Beat $1.799B Estimate"
2026-05-28,AMPX,0.215,0.0667,0.3103,-0.0273,0.0811,-0.3808,-0.1285,FDA / clinical,1,12 Industrials Stocks Moving In Thursday's Intraday Session
2026-05-28,APPS,0.2582,0.0,0.0,0.0446,0.1089,0.3171,0.9306,no news found,0,
2026-05-28,ASPI,0.1649,0.006,0.0364,0.0013,0.0257,-0.2059,0.2729,no news found,0,
2026-05-28,ARXS,0.1781,-0.0088,-0.0494,-0.0406,-0.1036,-0.0532,0.1344,earnings,3,Arxis Q1 Sales $458.858M Beat $422.727M Estimate
2026-05-28,AVEX,0.3113,0.0486,0.1561,-0.0497,-0.392,-0.5751,0.0324,earnings,1,AEVEX Stock Is Climbing Higher Thursday: What's Driving The Move?
2026-05-28,AVAV,0.1826,0.1029,0.5634,-0.0334,-0.0466,-0.3565,-0.0575,earnings,4,AeroVironment Bags $20M CAMP Contract From AFRL Materials And Manufacturing Directorate To Advance Next-Gen Ceramic And CMCs For Aerospace And Defense Applications Supporting U.S. Air And Space Forces
2026-05-28,BBY,0.158,0.08,0.506,0.043,-0.0501,0.0536,0.0918,earnings,11,"Best Buy, Snowflake And 3 Stocks To Watch Heading Into Thursday"
2026-05-28,BTDR,0.1828,-0.0302,-0.1655,-0.0484,0.068,-0.0669,0.3752,crypto,1,Short Sellers Are Hammering These 10 Stocks — One Is 86% Short
2026-05-28,DLTR,0.1787,0.1579,0.8838,0.0304,-0.033,0.0962,-0.0239,earnings,12,"Best Buy, Snowflake And 3 Stocks To Watch Heading Into Thursday"
2026-05-28,ICLR,0.1549,-0.0053,-0.0343,-0.0053,0.117,0.2417,0.1557,earnings,5,"Icon Q4 Adj. EPS $2.52 Misses $3.13 Estimate, Sales $2.113B Beat $1.985B Estimate"
2026-05-28,KSS,0.2057,0.2002,0.9733,-0.0788,0.0241,0.2454,-0.1274,earnings,7,Stock Market: Will S&P 500 Open Up Or Down Today?
2026-05-28,ONDS,0.2269,0.0625,0.2755,-0.0023,-0.0966,-0.4091,0.0305,earnings,4,Watching Ondas; Hearing Zacks Tech Innovator Newsletter Mentions Stock As A Buy
2026-05-28,RCAT,0.3261,0.1626,0.4986,0.0247,0.0417,-0.3442,-0.0591,FDA / clinical,8,Why Phreesia Shares Are Trading Higher By 19%; Here Are 20 Stocks Moving Premarket
2026-05-28,SNOW,0.3648,0.3523,0.9656,0.0684,0.0208,0.0408,0.2294,M&A,49,"Snowflake Q1 Adj. EPS $0.39 Beats $0.32 Estimate, Sales $1.391B Beat $1.324B Estimate"
2026-05-28,UMAC,0.572,0.3277,0.5729,0.0736,0.0912,-0.3547,0.2995,earnings,10,'The Trump Administration Is in Talks to Fund U.S. Drone Companies' - WSJ
2026-05-29,ASAN,0.1562,0.1111,0.7115,0.1779,0.0182,-0.0909,0.0406,M&A,10,"Asana Q1 Adj. EPS $0.10 Beats $0.07 Estimate, Sales $205.095M Beat $203.614M Estimate"
2026-05-29,DELL,0.3276,0.3184,0.9719,0.107,-0.063,-0.015,0.5416,FDA / clinical,42,"Dell Technologies Q1 Adj. EPS $4.86 Beats $2.94 Estimate, Sales $43.842B Beat $35.446B Estimate"
2026-05-29,GRRR,0.1545,0.0085,0.0547,0.0322,-0.1631,-0.083,0.259,no news found,0,
2026-05-29,NTAP,0.2239,0.2408,1.0752,0.0311,-0.0416,-0.1103,0.3107,FDA / clinical,19,"NetApp Q4 Adj. EPS $2.43 Beats $2.27 Estimate, Sales $1.948B Beat $1.872B Estimate"
2026-05-29,OKTA,0.3014,0.1353,0.4489,0.134,-0.0369,0.0652,0.2437,M&A,25,"Okta Q1 Adj. EPS $0.91 Beats $0.85 Estimate, Sales $765.000M Beat $751.884M Estimate"
2026-05-29,PD,0.3374,0.254,0.753,0.0744,-0.0704,-0.0573,0.1188,FDA / clinical,8,"PagerDuty Q1 Adj. EPS $0.32 Beats $0.25 Estimate, Sales $120.967M Beat $119.602M Estimate"
2026-05-29,PURR,0.1698,0.0047,0.0276,0.0881,-0.1461,-0.1522,0.4648,crypto,1,Intercontinental Exchange Owner Says This 11-Person Crypto Team Is Bigger Than Nasdaq
2026-05-29,TBBB,0.1555,0.0309,0.1984,0.046,0.0423,0.0981,-0.0847,other news,1,"BBB Foods' Major Shareholders Prices 13.3M Stock Offering at $32.50 Per Share, Raising Funds for Future Growth"
2026-05-29,TEAM,0.1535,0.0491,0.3202,0.0775,-0.0756,-0.2635,0.3235,no news found,0,
2026-05-29,TSSI,0.2171,0.1595,0.7347,-0.0498,-0.1881,-0.2718,-0.0458,FDA / clinical,2,TSS Stock Jumps 11% After Hours: Here's What Is Going On
2026-06-01,AAOI,0.1721,-0.0578,-0.336,0.0899,0.0591,-0.202,-0.0362,other news,2,$1000 Invested In Applied Optoelectronics 10 Years Ago Would Be Worth This Much Today
2026-06-01,APPN,0.1868,0.0274,0.1465,-0.0389,-0.1203,-0.1754,0.1255,no news found,0,
2026-06-01,ASAN,0.1779,0.0935,0.5255,-0.043,-0.1378,-0.2282,0.2184,other news,1,"Optimum Communications, Fluence Energy, Virgin Galactic And Other Big Stocks Moving Higher Today"
2026-06-01,EWTX,0.1786,0.1885,1.0557,-0.0748,-0.1346,0.0092,0.1034,other news,2,Edgewise To Sell Its Muscular Dystrophy Business To Servier For $1.55B In Cash Up Front And Up To $1.1B In Further Milestone Payments For Aggregate Potential Sum Of Up To $2.65B
2026-06-01,FLNC,0.438,0.2405,0.549,0.028,-0.1134,-0.2678,0.5501,FDA / clinical,3,"Optimum Communications, Fluence Energy, Virgin Galactic And Other Big Stocks Moving Higher Today"
2026-06-01,HUBS,0.1884,0.0515,0.2735,-0.0841,-0.2063,-0.3039,-0.0051,index inclusion,1,S&P 500 Halts Gains As Oil Jumps 8% On Iran Ceasefire Standoff: Stock Market Today
2026-06-01,KVYO,0.1591,0.0366,0.2302,-0.0768,-0.171,-0.1776,-0.2115,no news found,0,
2026-06-01,MDB,0.2036,0.0311,0.1529,-0.0134,-0.1271,-0.1683,0.3378,earnings,5,"UBS Maintains Neutral on MongoDB, Raises Price Target to $350"
2026-06-01,MGM,0.1608,0.1097,0.6823,-0.046,-0.0677,-0.0568,0.1215,M&A,6,Watching Wynn Resorts; Shares Spike Higher After Reports Of People Inc. Preparing An Offer To Buy MGM Resorts At Value Of More Than $18B
2026-06-01,OCTV,0.164,0.0017,0.0106,0.2542,0.0874,-0.1858,-0.2168,earnings,2,"Goldman Sachs Initiates Coverage On Octave Intelligence with Neutral Rating, Announces Price Target of $17"
2026-06-01,SPCE,0.2168,0.1772,0.8172,-0.3896,-0.4521,-0.6157,1.5966,FDA / clinical,7,"Benzinga Bulls And Bears: Salesforce, Ford, Autodesk — And S&P 500 Extends Rally To Ninth Week"
2026-06-01,TWLO,0.1936,0.0248,0.128,0.0077,-0.0659,-0.0932,0.2876,index inclusion,1,S&P 500 Halts Gains As Oil Jumps 8% On Iran Ceasefire Standoff: Stock Market Today
2026-06-02,AEHR,0.207,0.0644,0.3111,0.0141,-0.1654,-0.2529,0.0059,index inclusion,2,Micron And Dell Are Up 260%: These 5 Small Caps Nearly Doubled That
2026-06-02,AOSL,0.2151,0.0369,0.1716,-0.0113,-0.2305,-0.1838,0.0186,other news,1,"Aehr Test Systems, Applied Optoelectronics, AXT And Other Big Stocks Moving Higher On Tuesday"
2026-06-02,COHR,0.1763,0.0522,0.2963,-0.0222,-0.1662,-0.1364,0.1014,index inclusion,2,Marvell Gets The Headlines — Coherent Stock Gets The All-Time High
2026-06-02,FCEL,0.1563,0.0141,0.0901,-0.1149,-0.2902,0.2942,0.6011,government / policy,1,Trump Slammed Clean Energy As 'Green New Scam' — The Stocks Still Rallied Like AI
2026-06-02,HPE,0.1947,0.3416,1.7549,-0.0179,-0.1404,-0.215,0.645,FDA / clinical,39,"Hewlett Packard Q2 Adj. EPS $0.79 Beats $0.53 Estimate, Sales $10.678B Beat $9.791B Estimate"
2026-06-02,MRVL,0.3252,0.1551,0.4769,0.0374,-0.0822,-0.0645,0.3303,earnings,12,Why Hewlett Packard Enterprise Shares Are Trading Higher By Over 26%; Here Are 20 Stocks Moving Premarket
2026-06-02,OCTV,0.2542,0.02,0.0786,-0.2139,-0.2111,-0.3226,-0.0883,analyst,1,"RBC Capital Initiates Coverage On Octave Intelligence with Sector Perform Rating, Announces Price Target of $21"
2026-06-02,PENG,0.1832,0.0521,0.2843,0.0108,-0.1268,-0.026,0.9113,earnings,5,"Penguin Solutions Nate Olmstead To Step Down As CFO, Effective July 8, 2026; Aaron Johnson To Serve As Interim CFO Effective On July 9, 2026; Co Reaffirms FY 2026 Outlook With Both Net Sales and Diluted EPS Expected to Be at the High End of Outlook Range for FY Fiscal 2026 Supported by Agentic AI-Driven Demand"
2026-06-02,STM,0.1521,0.1065,0.7001,0.0025,-0.0779,-0.1097,0.2381,earnings,4,12 Information Technology Stocks Moving In Tuesday's Pre-Market Session
2026-06-02,TE,0.1566,-0.0096,-0.0613,-0.0449,-0.2973,-0.2375,1.0214,government / policy,1,Trump Slammed Clean Energy As 'Green New Scam' — The Stocks Still Rallied Like AI
2026-06-02,UMAC,0.1572,0.0589,0.3744,-0.1364,-0.2849,-0.3052,1.0352,analyst,1,"Roth Capital Maintains Buy on Unusual Machines, Raises Price Target to $40"
2026-06-02,VSXY,0.4744,0.4462,0.9406,-0.0137,-0.0637,-0.0294,0.0371,earnings,1,Victoria's Secret's Valentine's Day Bet Paid Off In A Big Way
2026-06-02,WOLF,0.1532,0.0538,0.3514,0.01,-0.2011,-0.2702,0.4404,no news found,0,
2026-06-03,MMED,0.1593,0.0341,0.2143,-0.014,0.0316,0.0933,0.0362,earnings,6,MiniMed Announces Expanded Agreement With Abbott To Collaborate On Commercializing Dual Glucose-Ketone Sensors Designed To Integrate Exclusively With MiniMed Smart Dosing Systems
2026-06-03,NVTS,0.1926,0.185,0.9608,-0.0055,-0.3353,-0.5311,0.6244,contract / partnership,4,Navitas Semiconductor Notes Participation In Nvidia's Partner Ceremony At Computex Forum In Taipei
2026-06-04,ABSI,0.2357,0.0084,0.0357,-0.1281,-0.1131,0.5722,0.0588,contract / partnership,3,"Leerink Partners Initiates Coverage On Absci with Outperform Rating, Announces Price Target of $12"
2026-06-04,OSCR,0.1512,0.0854,0.5645,0.0386,0.225,0.3322,0.1427,other news,1,"Rumble, Agilon Health And Oscar Health Among Stocks Moving Higher On Thursday"
2026-06-04,RDW,0.1509,0.0365,0.242,-0.1391,-0.2025,-0.4699,1.1427,contract / partnership,5,Redwire Awarded Contract From Astrobiome Space To Grow Strawberries And Test A Proprietary Soil Enhancement Product
2026-06-04,TRAX,0.188,-0.0052,-0.0278,-0.0879,-0.0643,0.1011,-0.277,no news found,0,
2026-06-08,CBRS,0.1832,0.0577,0.3148,-0.0463,-0.0833,-0.2359,-0.3538,earnings,14,"Needham Initiates Coverage On Cerebras Systems with Buy Rating, Announces Price Target of $300"
2026-06-08,GLXY,0.2136,0.0451,0.2114,0.0711,0.1023,-0.1852,-0.142,FDA / clinical,2,"Tango Therapeutics, American Battery Technology, Intel And Other Big Stocks Moving Higher On Monday"
2026-06-08,OCTV,0.1635,0.0684,0.4183,-0.09,-0.1732,-0.2228,-0.148,no news found,0,
2026-06-08,TNGX,0.5297,0.4839,0.9136,0.0204,0.0637,-0.0094,-0.1388,M&A,6,Tango Therapeutics Announces Initial Data From Ongoing Phase 1/2 Study Of Vopimetostat In Combination With Revolution Medicines' RAS(ON) Inhibitors In Patients With MTAP-Deleted And RAS-Mutant Metastatic PDAC
2026-06-09,ALHC,0.2508,-0.0072,-0.0286,0.0708,0.0729,0.0953,-0.1439,other news,1,12 Health Care Stocks Moving In Tuesday's Intraday Session
2026-06-09,CECO,0.1852,0.0759,0.4097,-0.0331,-0.0303,-0.1166,-0.0153,M&A,3,CECO Environmental Issues Update On Recent Thermon Group Acquisition
2026-06-09,PAYO,0.2432,0.0117,0.048,0.0438,0.0986,0.1095,-0.0039,M&A,1,"'Payments Firm Nuvei Is In Advanced Talks To Acquire Cross-border Payments Company Payoneer Global; Nuvei To Value Payoneer At About $2.3B Including Debt In Deal, Sources Say'"
2026-06-09,VELO,0.1972,0.0709,0.3594,0.1673,0.2887,-0.247,0.2058,contract / partnership,2,Velo3D Announces Strategic Partnership With Aurelia Technologies To Advance Use Of Additive Manufacturing In Next-Gen Gas Turbine Systems
2026-06-10,CASY,0.2029,0.0519,0.2556,0.0007,-0.0707,-0.1046,-0.1321,FDA / clinical,10,"Casey's General Stores Q4 EPS $4.37 Beats $3.31 Estimate, Sales $4.572B Beat $4.300B Estimate"
2026-06-10,CBRL,0.2256,0.1985,0.8798,0.0228,-0.0136,0.1333,0.157,FDA / clinical,17,"Cracker Barrel Old Q3 Adj. EPS $0.29 Beats $(0.45) Estimate, Sales $797.367M Beat $776.693M Estimate"
2026-06-10,FRMI,0.226,-0.0231,-0.1024,0.0087,0.2569,-0.0435,0.0466,earnings,2,"Watching Fermi; Shares Spike Higher, Traders Circulate Unconfirmed Speculative X Post Saying ""JMP CITIZENS out with a note says OpenAI has likely been among several counterparties evaluating capacity with Fermi and thinks a big deal is coming."""
2026-06-10,VELO,0.1673,0.026,0.1554,0.3496,0.127,-0.4162,0.3428,contract / partnership,1,What's Going On With Velo3D Stock Wednesday?
2026-06-11,AADX,0.1999,0.0054,0.0272,-0.0751,-0.148,-0.1526,-0.0316,no news found,0,
2026-06-11,ATRO,0.1513,0.0294,0.1946,0.0127,0.0248,-0.0837,0.0522,no news found,0,
2026-06-11,FLY,0.178,0.042,0.2361,-0.1905,-0.2139,-0.4343,-0.1501,earnings,2,Why Firefly Aerospace Stock Is Surging On Thursday?
2026-06-11,ICHR,0.1645,0.0338,0.2056,0.0328,0.1734,0.0758,-0.0151,no news found,0,
2026-06-11,LUNR,0.1547,0.016,0.1035,-0.1312,-0.2542,-0.5055,-0.1731,earnings,3,"Stitch Fix, Intel, KLA And Other Big Stocks Moving Higher On Thursday"
2026-06-11,VELO,0.3496,0.0582,0.1665,-0.1669,-0.0245,-0.606,0.6131,FDA / clinical,3,"Stitch Fix, Intel, KLA And Other Big Stocks Moving Higher On Thursday"
2026-06-11,VOYG,0.1596,0.0514,0.3217,-0.1404,-0.2152,-0.3804,0.4137,earnings,4,"BTIG Initiates Coverage On Voyager Technologies with Buy Rating, Announces Price Target of $55"
2026-06-11,VSAT,0.1823,0.0224,0.1231,-0.0349,-0.118,-0.0436,-0.1337,contract / partnership,3,"Viasat Receives U.S. Space Force's Space Systems Command Prime Contract To Develop, Launch Maneuverable Geosynchronous Earth Orbit Satellites Under Protected Tactical SATCOM-Global Program With $4B Ceiling Value"
2026-06-11,YSS,0.2209,0.0474,0.2148,-0.1788,-0.0866,-0.4327,-0.1361,no news found,0,
2026-06-12,ROKU,0.2008,0.0432,0.2152,-0.0192,-0.0589,-0.0132,-0.0481,analyst,2,"Evercore ISI Group Maintains Outperform on Roku, Raises Price Target to $185"
2026-06-15,NTLA,0.232,0.0553,0.2384,-0.0248,0.0221,-0.126,-0.0749,FDA / clinical,5,"Reported Saturday, Intellia Therapeutics' Lonvo-z Achieves 87% Attack Reduction And 62% Attack-Free Rate In Phase 3 HAELO Trial With Results Published Simultaneously In New England Journal Of Medicine"
2026-06-15,SPCX,0.196,0.067,0.342,0.0483,-0.189,-0.2973,0.0,M&A,50,This Early SpaceX Investor Just Predicted The Musk-Led Startup's Next Big Profit Driver— And The Math Is Hard To Ignore
2026-06-15,WDC,0.161,0.0992,0.6165,0.0422,0.0263,-0.2137,0.1511,index inclusion,6,Sandisk Stock Leading Nasdaq 100 and S&P 500 Gains This Year: More Upside?
2026-06-16,CERT,0.1612,0.0058,0.0357,-0.0033,-0.1025,0.2033,0.1629,no news found,0,
2026-06-16,HONA,0.3498,0.4875,1.3939,0.0,-0.0924,-0.2281,0.0,no news found,0,
2026-06-17,QURE,0.7844,0.6136,0.7822,-0.0388,0.0195,-0.1642,0.0826,FDA / clinical,8,Trading Halt: Halted at 7:00:00 a.m. ET - Trading Halt: Halt News Pending
2026-06-18,BFLY,0.5587,0.2627,0.4702,-0.1831,-0.0011,-0.2483,0.3927,FDA / clinical,7,Why Smith & Wesson Brands Shares Are Trading Higher By Around 17%; Here Are 20 Stocks Moving Premarket
2026-06-18,BE,0.1541,0.0442,0.2871,0.0515,-0.2338,-0.4009,0.0905,FDA / clinical,2,Bloom Energy Stock Is Climbing Thursday: What's Driving The Move?
2026-06-18,BWIN,0.1679,-0.0052,-0.0309,0.1621,0.2955,0.3315,-0.1274,no news found,0,
2026-06-18,FCEL,0.1996,0.0319,0.16,0.0146,-0.0017,-0.1747,0.1544,other news,1,Is FuelCell Energy's Data Center Pivot Actually Working?
2026-06-18,ODD,0.1914,0.0119,0.0619,-0.0581,0.137,0.2464,-0.0971,no news found,0,
2026-06-18,QS,0.1652,0.1232,0.7456,-0.0535,-0.1095,-0.2674,-0.0548,contract / partnership,4,"QuantumScape Signs Agreement With Honda R&D To Advance QS Battery Platform Through Combined Contributions, Expertise"
2026-06-18,VELO,0.1682,0.0647,0.3849,-0.1859,-0.4427,-0.6658,0.5044,other news,1,"Quantumscape, Marvell Technology, Micron Technology And Other Big Stocks Moving Higher On Thursday"
2026-06-18,WOLF,0.1791,0.0507,0.2833,-0.0773,-0.1993,-0.4882,-0.1724,other news,2,"Quantumscape, Marvell Technology, Micron Technology And Other Big Stocks Moving Higher On Thursday"
2026-06-22,BWIN,0.1621,0.1275,0.7866,0.037,0.1161,0.1118,0.006,M&A,2,"JP Morgan Upgrades Baldwin Insurance to Overweight, Raises Price Target to $28"
2026-06-22,DFTX,0.498,0.576,1.1567,-0.0134,0.2694,0.2293,0.173,M&A,8,Definium Therapeutics Announces Topline Results From Its Phase 3 Emerge Study of DT120 Orally Disintegrating Tablet In Major Depressive Disorder; Study Met Primary And All Key Secondary Efficacy Endpoints
2026-06-22,MLTX,0.1536,0.0424,0.2763,-0.0424,-0.1015,-0.0948,0.1267,M&A,4,"Reported Sunday, MoonLake Announces Phase 3 VELA Program Week 52 Results Showing 67.2% Of Sonelokimab-Treated Patients Achieving HiSCR75 In Moderate-To-Severe Hidradenitis Suppurativa"
2026-06-22,SMCI,0.1566,0.0545,0.3479,-0.0603,-0.2061,-0.2809,-0.0837,M&A,7,Tesla Quietly Files Megapod Trademark — An AI Data Center Play That Could See Elon Musk Challenging Nvidia's Dominance
2026-06-23,EPC,0.154,0.0907,0.5891,0.0138,0.0242,0.0544,0.317,M&A,3,'Schick Razor Maker Is Said to Reject Unsolicited Takeover Offer'- Bloomberg
2026-06-24,ABSI,0.3596,0.2834,0.788,0.0134,0.1027,-0.199,0.4529,FDA / clinical,7,"Absci Announces Interim Phase 1 Data From Its Trial Of ABS-201, An Investigational Anti-Prolactin Receptor Antibody; Study Medication Appears Well Tolerated, With Favorable Safety Data Across All Blinded Single Ascending Dose Cohorts"
2026-06-24,DFTX,0.1645,0.0849,0.516,0.0631,0.0301,0.019,0.608,analyst,2,"Reported Earlier, Definium Therapeutics Prices Upsized $700M Public Offering Of 20,588,236 Common Shares At $34.00 Per Share"
2026-06-24,JACK,0.1528,0.0959,0.6271,-0.0397,0.3041,0.0315,0.0026,other news,2,Jack In The Box Announces Completion Of Its $500M Secured Notes Facility
2026-06-24,KBH,0.1664,0.0752,0.4519,-0.0129,-0.0145,-0.0958,0.0851,earnings,14,"KB Home Q2 EPS $0.43 Misses $0.45 Estimate, Sales $1.112B Beat $1.098B Estimate"
2026-06-24,WEN,0.2567,0.2486,0.9686,-0.0675,0.1374,-0.0878,-0.1843,earnings,6,Why Leifras Shares Are Trading Higher By Around 23%; Here Are 20 Stocks Moving Premarket
2026-06-25,AYI,0.1764,0.1453,0.8236,0.0086,-0.001,-0.0809,0.0266,FDA / clinical,9,"TD Synnex, Micron And 3 Stocks To Watch Heading Into Thursday"
2026-06-25,BB,0.1995,0.1276,0.6395,0.1025,0.1132,-0.1741,0.0238,earnings,9,"BlackBerry Q1 Earnings Are Hours Away: From Nvidia To Alloy Kore, Prediction Markets Bet On These Earnings Call Mentions"
2026-06-25,GRPN,0.2489,0.0169,0.068,-0.0122,0.118,0.1281,-0.1145,other news,1,12 Consumer Discretionary Stocks Moving In Thursday's Intraday Session
2026-06-25,KYMR,0.1661,0.0894,0.5383,-0.0716,-0.0253,-0.0506,0.2365,FDA / clinical,6,"Kymera Therapeutics Appoints Felix J. Baker Board Chairman, Succeeding Bruce Booth"
2026-06-25,MU,0.1574,0.176,1.1178,-0.0669,-0.1961,-0.241,0.1704,earnings,50,Micron Earnings Call Expectations And Reality: Here's What Prediction Market Punters Were Hoping The Firm Would Say And What Got Said
2026-06-25,NRIX,0.1637,0.0052,0.0316,0.0196,0.0672,0.041,0.1105,earnings,1,12 Health Care Stocks Moving In Thursday's Intraday Session
2026-06-25,SNDK,0.2197,0.1692,0.7701,-0.1046,-0.2527,-0.3848,0.2044,earnings,15,"Micron's Blowout Q3 Report Ripples Through Memory Stocks SanDisk, Western Digital"
2026-06-25,TECH,0.2008,0.1928,0.9602,0.0042,0.0018,0.0127,0.2273,M&A,7,Merck To Acquire Bio-Techne For $73 Per Share In Cash At EV Of $11.3B; Deal Expected To Be Immediately Accretive To Sales Growth And EBITDA Pre Margin And EPS Pre Accretive By Year 3 Post-Closing
2026-06-26,CABO,0.3006,-0.0057,-0.0188,0.0131,-0.1118,-0.2521,-0.2574,other news,1,11 Communication Services Stocks Moving In Friday's Intraday Session
2026-06-26,COAG,0.1677,-0.0058,-0.0344,0.1347,-0.0741,0.5567,-0.0308,FDA / clinical,2,Hemab Therapeutics To Present Clinical And Preclinical Data From Multiple Blood Coagulation Programs At ISTH 2026 July 11-15
2026-06-26,FCEL,0.2214,0.0265,0.1195,0.2417,0.2388,-0.1046,-0.1705,FDA / clinical,5,"Jefferies Upgrades FuelCell Energy to Buy, Raises Price Target to $24"
2026-06-26,FUBO,0.225,-0.0124,-0.0549,-0.0454,0.0323,-0.1231,-0.1787,no news found,0,
2026-06-26,LCID,0.1562,-0.0059,-0.0375,0.0997,0.125,0.098,-0.1821,other news,1,Lucid Stock Is Climbing Friday: What's Driving The Action?
2026-06-29,AEVA,0.2288,0.0081,0.0356,0.1188,-0.1597,-0.4273,-0.1916,no news found,0,
2026-06-29,ALAB,0.1639,0.0289,0.1766,0.0593,-0.1603,-0.4293,0.1219,analyst,2,"UBS Maintains Neutral on Astera Labs, Raises Price Target to $400"
2026-06-29,APPS,0.1662,0.028,0.1685,-0.0008,-0.1956,-0.3447,0.3171,no news found,0,
2026-06-29,ASTS,0.2144,0.0655,0.3055,0.0241,-0.1448,-0.3483,-0.4631,other news,2,What's Going On With AST SpaceMobile Stock Monday?
2026-06-29,CBRS,0.1904,0.0133,0.0697,0.0224,-0.183,-0.1084,-0.2515,other news,2,"Benzinga Bulls And Bears: Micron, Take-Two, SpaceX — And Nasdaq Posts Sharpest Decline In Months"
2026-06-29,FCEL,0.2417,0.0642,0.2655,0.2084,-0.1289,-0.3403,-0.016,M&A,5,FuelCell Energy Announces U.S. Export-Import Bank Approval Of A $49M Financing Package On June 23; Funds Will Be Disbursed In Two Tranches
2026-06-29,GLW,0.1567,0.0265,0.1689,-0.001,-0.275,-0.5072,0.2099,other news,2,"CNBC Halftime Report Final Trades: Corning, IBM, Vertex Pharmaceuticals, Verizon Communications"
2026-06-29,IRDM,0.2543,0.1893,0.7443,0.0048,-0.0641,-0.1676,-0.1482,M&A,10,Trading Halt: Halted at 6:55:00 a.m. ET - Trading Halt: Halt News Pending
2026-06-29,JACK,0.202,0.0109,0.0538,-0.0476,-0.0554,-0.0265,0.1946,other news,1,12 Consumer Discretionary Stocks Moving In Monday's Intraday Session
2026-06-29,OC,0.1525,-0.0071,-0.0463,0.0187,-0.0886,-0.0777,0.0898,M&A,2,The Wall Street Journal Reported Carlisle Made Multiple Unsolicited Offers To Acquire Owens Corning In Potential $10B+ Deal
2026-06-29,OUST,0.2868,0.044,0.1535,0.1563,-0.1851,-0.3729,-0.0073,M&A,3,"Iridium Communications, FuelCell Energy, Rocket Lab And Other Big Stocks Moving Higher On Monday"
2026-06-29,PL,0.1555,0.0565,0.3634,0.0591,-0.0838,-0.3472,-0.4733,no news found,0,
2026-06-29,QDEL,0.322,0.2328,0.723,-0.0392,-0.0675,-0.0856,0.0551,M&A,2,"Iridium Communications, FuelCell Energy, Rocket Lab And Other Big Stocks Moving Higher On Monday"
2026-06-29,RKLB,0.1593,0.0799,0.5015,0.0371,-0.149,-0.3481,-0.4289,M&A,9,"Benzinga Bulls And Bears: Micron, Take-Two, SpaceX — And Nasdaq Posts Sharpest Decline In Months"
2026-06-29,VSAT,0.2379,0.0878,0.3691,0.1711,0.0004,-0.0334,-0.2854,M&A,1,"Iridium Communications, FuelCell Energy, Rocket Lab And Other Big Stocks Moving Higher On Monday"
2026-06-30,AMBA,0.2804,0.0131,0.0468,0.0296,-0.1289,-0.1936,-0.0716,other news,1,12 Information Technology Stocks Moving In Tuesday's Intraday Session
2026-06-30,AVEX,0.1644,0.0652,0.3966,-0.0603,-0.1695,-0.3126,-0.5337,FDA / clinical,4,AEVEX Awarded $50M Air Force Contract To Expand Unmanned Mission‑Support Capabilities
2026-06-30,AVAV,0.1876,0.2698,1.4384,0.0446,-0.0442,-0.139,-0.3293,FDA / clinical,29,"AeroVironment Q4 Adj. EPS $1.84 Beats $1.46 Estimate, Sales $641.616M Beat $558.809M Estimate"
2026-06-30,FCEL,0.2084,-0.0302,-0.1449,-0.1144,-0.3741,-0.4979,0.3758,FDA / clinical,4,"AEVEX, Abivax, Watts Water Technologies And Other Big Stocks Moving Higher On Tuesday"
2026-06-30,MBLY,0.1663,0.0012,0.0072,-0.001,-0.0558,-0.1725,-0.1973,no news found,0,
2026-06-30,MXL,0.1803,0.0075,0.0414,-0.1222,-0.3279,-0.5528,0.1672,other news,1,Micron’s Record Stock Rally Looks Tame Next To This 520% AI Chip Winner
2026-06-30,OUST,0.1563,-0.0068,-0.0438,-0.04,-0.3057,-0.4994,0.1742,other news,1,Ouster Stock Hits 52-Week Highs: What Investors Need To Know
2026-06-30,TRAX,0.1828,0.0006,0.0032,-0.076,0.0323,1.081,0.0658,no news found,0,
2026-06-30,UMAC,0.1596,0.0868,0.544,0.0413,-0.0753,-0.226,-0.3949,earnings,5,AeroVironment's 'Crushing' Earnings Spark Drone 'Super Cycle' Talk: Stocks And ETFs To Watch
2026-06-30,VSAT,0.1711,-0.0034,-0.0198,-0.0756,-0.176,-0.2185,-0.0487,no news found,0,
2026-07-01,ALIT,0.2259,0.0188,0.083,0.0386,0.3423,0.3307,-0.4096,no news found,0,
2026-07-01,FRHC,0.2042,0.0162,0.0796,0.0325,0.0222,-0.0126,-0.1329,no news found,0,
2026-07-01,PRGS,0.1662,-0.0152,-0.0914,-0.0189,-0.0169,0.0301,-0.0493,earnings,10,"Progress Software Q2 Adj. EPS $1.62 Beats $1.49 Estimate, Sales $253.465M Beat $242.741M Estimate"
2026-07-06,ALIT,0.1718,-0.0063,-0.0367,0.1394,0.2472,0.1747,-0.0152,FDA / clinical,1,12 Industrials Stocks Moving In Monday's Intraday Session
2026-07-06,ENOV,0.1511,0.0218,0.1441,-0.0147,0.0135,0.2131,0.0436,analyst,1,"Evercore ISI Group Maintains Outperform on Enovis, Lowers Price Target to $32"
2026-07-06,SHAZ,0.1774,0.0676,0.3809,-0.1026,-0.1463,-0.3449,-0.1521,contract / partnership,4,Why Maison Solutions Shares Are Trading Higher By Over 62%; Here Are 20 Stocks Moving Premarket
2026-07-07,AGIO,0.1771,0.0531,0.2998,-0.0284,-0.0929,-0.282,0.2987,FDA / clinical,6,"B of A Securities Maintains Buy on Agios Pharmaceuticals, Raises Price Target to $46"
2026-07-08,PENG,0.2513,0.082,0.3261,0.0372,-0.0716,-0.2899,0.0476,earnings,17,"Penguin Solutions Q3 Adj. EPS $0.84 Beats $0.54 Estimate, Sales $478.713M Beat $405.534M Estimate"
2026-07-09,BBIO,0.1512,0.0724,0.4789,-0.0475,-0.1095,-0.0817,0.1627,other news,3,Why Ultra Clean Shares Are Trading Higher By Over 6%; Here Are 20 Stocks Moving Premarket
2026-07-09,FRVO,0.1604,-0.0017,-0.0106,-0.008,-0.155,-0.159,-0.3059,no news found,0,
2026-07-09,LASR,0.2732,0.0344,0.126,-0.0356,-0.1207,0.0098,-0.1212,government / policy,7,"Aehr Test Systems, Lam Research, Applied Materials And Other Big Stocks Moving Higher On Thursday"
2026-07-09,TRAX,0.5599,0.0111,0.0198,0.1185,0.1176,0.3985,0.3187,other news,2,"Aehr Test Systems, Lam Research, Applied Materials And Other Big Stocks Moving Higher On Thursday"
2026-07-09,TXG,0.1503,0.023,0.1528,-0.0086,0.032,0.058,0.2841,analyst,2,"Morgan Stanley Maintains Equal-Weight on 10x Genomics, Raises Price Target to $37"
2026-07-10,EQPT,0.1656,0.125,0.7547,-0.0979,-0.1091,0.0971,-0.198,FDA / clinical,7,"Reported Earlier, EquipmentShare Raises 2026 Total Revenue Guidance To $5.254B-$5.682B, Up From Prior $5.147B-$5.575B, Authorizes $500M Share Repurchase Program"
2026-07-15,AEHR,0.2191,0.3631,1.6568,-0.0409,0.0655,0.472,-0.3361,M&A,15,"Aehr Test Systems Q4 Adj. EPS $0.11 Beats $(0.01) Estimate, Sales $18.835M Beat $18.686M Estimate"
2026-07-15,PYPL,0.1721,0.1579,0.9176,0.0218,-0.0002,0.0663,0.1405,M&A,11,"'Stripe, Advent Offer To Buy PayPal For More Than $53 Billion, Sources Say' - Reuters Exclusive"
2026-07-16,CDNA,0.356,0.2235,0.628,-0.0151,-0.0677,0.1745,0.2355,earnings,5,CareDx Finalizes Medicare Local Coverage Determination Procedure Regarding Molecular Testing For Solid Organ Allograft Rejection
2026-07-16,MAN,0.3237,0.1989,0.6144,0.0134,-0.0329,0.144,0.17,FDA / clinical,9,"Earnings Scheduled For July 16, 2026"
2026-07-20,CIFR,0.1697,0.0695,0.4094,0.1144,0.054,-0.0993,-0.3336,earnings,5,12 Information Technology Stocks Moving In Monday's Pre-Market Session
2026-07-20,IREN,0.1957,0.0825,0.4213,0.0271,-0.0973,0.1169,-0.4214,earnings,10,"IREN Raises Year-End AI Cloud Annualized Run-Rate Revenue Target From $3.7B To More Than $4B, With ~85% Now Under Contract Following Multi-Year Cloud Services Contracts With AI Developers Representing $2.8B In Total Contract Value"
2026-07-21,AAOI,0.1576,0.0458,0.2906,-0.0733,-0.2609,0.1019,-0.3635,earnings,2,"Micron Leads Memory-Stock Rally, Nasdaq 100 Tops 29,000: Stock Market Today"
2026-07-21,ACMR,0.1545,0.0685,0.4431,-0.0605,-0.244,-0.1144,-0.2489,no news found,0,
2026-07-21,AEHR,0.2786,0.0761,0.2733,-0.0543,-0.2923,0.2461,-0.3291,earnings,2,"Hasbro, Utz Brands, Park Aerospace And Other Big Stocks Moving Higher On Tuesday"
2026-07-21,CBRS,0.1792,0.0221,0.1234,0.0059,-0.076,0.0548,-0.2464,no news found,0,
2026-07-21,FWRD,0.228,0.1477,0.6478,-0.0086,-0.0882,0.1832,-0.0308,FDA / clinical,4,"Forward Air Signs MoU With Customer To Retain At Least Half Of ~$250M Of Revenue Attributable To That Customer For The Fiscal Year Ended December 31, 2025, With Potential To Retain An Additional ~25%"
2026-07-21,IE,0.1621,0.0322,0.1985,-0.0266,-0.033,0.0809,-0.2912,no news found,0,
2026-07-21,NBIS,0.1878,0.0571,0.3041,0.0057,-0.2177,0.1453,-0.363,FDA / clinical,7,"NVIDIA Reports 9.3% Passive Stake In Nebius Group As Of July 13, 2026"
2026-07-21,OUST,0.17,0.0541,0.3181,-0.0447,-0.1664,0.0568,-0.2534,analyst,1,"Northland Capital Markets Maintains Outperform on Ouster, Raises Price Target to $60"
2026-07-21,PVLA,0.1594,-0.0025,-0.0157,-0.0122,-0.0076,0.045,0.0977,earnings,1,"Hasbro, Utz Brands, Park Aerospace And Other Big Stocks Moving Higher On Tuesday"
2026-07-21,UTZ,0.8876,0.8903,1.003,0.0,0.0014,0.0071,0.0663,M&A,8,Utz Brands Strikes Agreement To Be Acquired By Intersnack For $14.25/Share In Cash
2026-07-22,ARWR,0.1903,0.1468,0.7715,-0.0216,-0.028,0.008,-0.0912,FDA / clinical,8,"Arrowhead Pharmaceuticals Announces Topline Results For Phase 3 SHASTA-3 And SHASTA-4 Clinical Studies Of Plozasiran In Patients With Severe Hypertriglyceridemia; Observes Deep, Durable, And Consistent Median Triglyceride Reductions Of 79% And 81% From Baseline"
2026-07-22,SMCI,0.1984,0.1329,0.67,0.0209,-0.159,0.197,-0.2809,FDA / clinical,21,"Super Micro Computer Reports Preliminary Q4 Revenue To Be Near Low End Of $11B - $12.5B Range; GAAP, Non-GAAP Gros Margins Expected In Range Of 15% - 17%"
2026-07-23,CLF,0.1598,0.1291,0.8079,0.0885,0.0611,-0.0201,-0.1532,earnings,7,"Cleveland-Cliffs Q2 Adj. EPS $(0.20), Inline, Sales $5.226B Beat $5.186B Estimate"
2026-07-23,NVCR,0.2839,0.1561,0.5498,-0.1171,-0.2381,-0.1111,0.1019,earnings,9,"NovoCure Q2 EPS $(0.13) Beats $(0.33) Estimate, Sales $183.584M Beat $172.437M Estimate"
2026-07-24,FRMI,0.1709,0.0285,0.1667,-0.023,-0.2311,-0.2,-0.209,index inclusion,1,S&P 500 Rises As Oil Sinks On Iran Talk Hopes: Stock Market Today
2026-07-24,RNG,0.2509,0.0488,0.1944,0.1116,0.1514,0.39,0.0771,earnings,13,NiCE Expands Collaboration With RingCentral For NiCE To Resell RingCentral's Unified Communications As A Service Solution RingEXTM
2026-07-24,THC,0.1717,0.1808,1.053,0.0436,0.0925,0.204,0.0878,earnings,11,"Tenet Healthcare Q2 Adj. EPS $6.12 Beats $4.23 Estimate, Sales $5.628B Beat $5.430B Estimate"
2026-07-27,QBTS,0.2036,0.1018,0.5,-0.0961,0.0241,-0.0425,-0.2602,earnings,7,D-Wave Quantum Enters Agreement With AT&T To Expand Use Of Quantum Computing Technology To Address Complex Optimization Challenges Across The AT&T Network
2026-07-27,TRAX,0.1833,0.221,1.2058,-0.0043,0.0983,0.0297,1.1698,earnings,2,12 Health Care Stocks Moving In Monday's Pre-Market Session
2026-07-28,ITRI,0.2623,0.0822,0.3134,-0.0438,-0.0068,-0.0775,0.0109,earnings,6,"Itron Q2 Adj. EPS $1.59 Beats $1.29 Estimate, Sales $562.902M Miss $566.076M Estimate"
2026-07-28,KNSA,0.2503,0.1027,0.4102,0.0186,-0.0434,0.0096,0.0732,earnings,5,Kiniksa Pharmaceuticals Raises FY2026 Sales Guidance from $930.000M-$945.000M to $980.000M-$995.000M vs $940.106M Est
2026-07-28,LCID,0.2154,-0.0108,-0.05,0.0076,-0.0152,-0.3342,0.098,other news,2,"Lucid Group 13G Filing Shows Prince Alwaleed Bin Talal Reports 5% Ownership Stake In Co As Of July 23, 2026"
2026-07-29,AVTR,0.1578,0.1667,1.0561,-0.0362,-0.0709,0.0083,0.2383,earnings,5,"Avantor Q2 Adj. EPS $0.21 Beats $0.19 Estimate, Sales $1.692B Beat $1.612B Estimate"
2026-07-29,BLKB,0.1739,0.0289,0.1664,-0.0498,0.088,0.1164,0.2234,earnings,4,"Blackbaud Q2 Adj. EPS $1.33 Beats $1.28 Estimate, Sales $290.597M Miss $292.303M Estimate"
2026-07-29,CBZ,0.1756,0.1681,0.9573,0.0064,-0.0018,-0.0029,0.4445,M&A,4,"CBIZ Q2 Adj. EPS $0.91 Beats $0.80 Estimate, Sales $682.206M Miss $697.959M Estimate"
2026-07-29,EXLS,0.1788,0.0236,0.1319,-0.0453,-0.0642,0.042,0.194,earnings,5,"ExlService Holdings Q2 Adj. EPS $0.59 Beats $0.55 Estimate, Sales $594.800M Beat $573.898M Estimate"
2026-07-29,GRMN,0.1623,0.0322,0.1982,0.0092,0.0262,-0.0197,0.0851,earnings,6,"Garmin Q2 Adj. EPS $2.81 Beats $2.25 Estimate, Sales $2.022B Beat $1.899B Estimate"
2026-07-29,HURN,0.4037,0.1048,0.2596,-0.0388,-0.1214,-0.081,0.2702,FDA / clinical,5,"Huron Consulting Gr Q2 Adj. EPS $2.46 Beats $2.17 Estimate, Sales $465.636M Beat $448.969M Estimate"
2026-07-29,LAD,0.193,0.052,0.2694,-0.0525,-0.1378,-0.1325,0.2298,earnings,6,"Lithia Motors Q2 Adj. EPS $10.03 Beats $8.78 Estimate, Sales $9.791B Beat $9.634B Estimate"
2026-07-29,MANH,0.2132,0.1595,0.7484,-0.064,-0.0585,0.0582,0.2177,earnings,12,"Manhattan Associates Q2 Adj. EPS $1.39 Beats $1.32 Estimate, Sales $297.800M Beat $287.914M Estimate"
2026-07-30,AAOI,0.1776,0.0893,0.5026,0.0467,0.3785,0.2571,-0.4835,no news found,0,
2026-07-30,ACMR,0.2044,0.1155,0.5648,-0.0023,0.0042,0.0234,-0.4854,no news found,0,
2026-07-30,AEHR,0.1754,0.0956,0.5449,0.0405,0.2975,0.1768,-0.3192,no news found,0,
2026-07-30,AEVA,0.1766,0.0579,0.3279,0.0656,0.5346,-0.0043,-0.5129,no news found,0,
2026-07-30,AGX,0.1778,0.0602,0.3388,-0.0163,0.019,-0.2068,-0.3829,no news found,0,
2026-07-30,ALAB,0.2,0.1299,0.6493,0.0385,0.1061,0.0147,-0.483,analyst,2,"Jim Cramer: Eli Lilly Is A 'Good Company,' But Doesn't 'Really Care For' This Quantum Stock"
2026-07-30,APLD,0.2046,0.0973,0.4758,-0.0207,0.0318,-0.0189,-0.3775,earnings,1,What's Going On With Applied Digital Stock Today?
2026-07-30,ARXS,0.1533,0.0544,0.3548,0.1086,0.1758,0.1027,-0.0795,earnings,2,"Arxis Q2 Adj. EPS $0.28 Beats $0.03 Estimate, Sales $501.000M Beat $474.656M Estimate"
2026-07-30,BFLY,0.1507,0.0028,0.0187,-0.1297,0.0159,0.0673,-0.1568,earnings,4,Butterfly Network Raises FY2026 Sales Guidance from $117.000M-$121.000M to $119.000M-$123.000M vs $118.682M Est
2026-07-30,BE,0.2649,0.1374,0.5188,-0.0063,0.1054,0.0517,-0.459,FDA / clinical,15,Warsh Hits the AI Trade: Here Are the 10 Biggest Losers In 30 Minutes
2026-07-30,BTDR,0.2472,0.0831,0.3364,-0.0523,-0.0523,0.0207,-0.4392,no news found,0,
2026-07-30,CBRS,0.1988,0.0566,0.2844,-0.0215,0.0405,-0.0808,-0.2335,no news found,0,
2026-07-30,CIFR,0.2807,0.1156,0.4119,-0.0148,-0.1962,-0.2598,-0.278,earnings,2,"Lam Research, Xerox, FormFactor, Microsoft And Other Big Stocks Moving Higher On Thursday"
2026-07-30,CLSK,0.2107,0.0794,0.3771,-0.0536,-0.1231,-0.1094,-0.1746,no news found,0,
2026-07-30,COHU,0.1807,0.106,0.5865,0.0332,0.115,0.1128,-0.4677,no news found,0,
2026-07-30,CORT,0.2729,0.2049,0.7509,-0.0324,-0.0876,-0.0117,0.069,earnings,12,"Corcept Therapeutics Q2 EPS $0.36 Beats $(0.00) Estimate, Sales $256.147M Beat $219.988M Estimate"
2026-07-30,CORZ,0.2036,0.0924,0.4539,-0.05,-0.0348,-0.1921,-0.2919,earnings,4,"Keefe, Bruyette & Woods Upgrades Core Scientific to Outperform, Raises Price Target to $28"
2026-07-30,CRWV,0.2151,0.123,0.5719,-0.0288,0.1547,0.1746,-0.389,government / policy,4,Warsh Hits the AI Trade: Here Are the 10 Biggest Losers In 30 Minutes
2026-07-30,EFOR,0.1777,0.0316,0.1779,0.0316,0.1451,0.1476,0.31,earnings,4,"Everforth Q2 Adj. EPS $0.91 Beats $0.82 Estimate, Sales $1.007B Beat $990.909M Estimate"
2026-07-30,EME,0.1932,0.1475,0.7636,-0.0062,0.0076,-0.0341,-0.1892,FDA / clinical,5,"EMCOR Group Q2 EPS $9.06 Beats $7.21 Estimate, Sales $5.154B Beat $4.709B Estimate"
2026-07-30,FCEL,0.3064,0.083,0.2708,-0.0851,-0.1397,-0.182,-0.4979,FDA / clinical,2,FuelCell Energy Shares Surge as Microsoft Earnings Highlight AI Power Demand
2026-07-30,FMC,0.1822,0.0492,0.2699,-0.0946,-0.1083,-0.0989,-0.1296,earnings,4,FMC Lowers FY2026 Adj EPS Guidance from $1.63-$1.89 to $1.19-$1.49 vs $1.69 Est; Lowers FY2026 Sales Guidance from $3.600B-$3.800B to $3.500B-$3.700B vs $3.703B Est
2026-07-30,FORM,0.2628,0.2218,0.844,0.0078,0.0933,0.046,-0.4782,earnings,10,"FormFactor Q2 Adj. EPS $0.82 Beats $0.61 Estimate, Sales $258.242M Beat $239.999M Estimate"
2026-07-30,FRVO,0.3056,0.0398,0.1303,0.0108,0.0314,-0.2843,-0.4157,no news found,0,
2026-07-30,GLXY,0.1785,0.0624,0.3497,-0.0237,-0.092,0.1752,-0.3321,no news found,0,
2026-07-30,HUT,0.2278,0.1136,0.4988,-0.0059,-0.1627,-0.1953,-0.2362,earnings,1,"Core Scientific's AMD Deal Could Generate $14 Billion Over 15 Years, Bernstein Forecasts"
2026-07-30,IESC,0.1518,0.077,0.5074,0.3027,0.3445,0.1676,-0.3246,no news found,0,
2026-07-30,ICHR,0.2043,0.1356,0.6635,0.004,-0.1286,-0.2118,-0.4456,no news found,0,
2026-07-30,IDCC,0.1616,0.1793,1.1101,0.0049,0.0827,0.1033,-0.0753,earnings,5,InterDigital Sees Q3 Adj EPS $1.94-$2.13 vs $1.56 Est; Sees Sales $154.000M-$158.000M vs $157.547M Est
2026-07-30,IREN,0.3054,0.109,0.357,-0.0382,-0.0086,0.0593,-0.3591,earnings,5,Warsh Hits the AI Trade: Here Are the 10 Biggest Losers In 30 Minutes
2026-07-30,LITE,0.1509,0.0989,0.6553,0.0299,0.2089,0.3792,-0.298,no news found,0,
2026-07-30,LRCX,0.1798,0.2613,1.4534,-0.0158,0.0271,0.0701,-0.4177,earnings,18,"Lam Research Q4 Adj. EPS $1.82 Beats $1.68 Estimate, Sales $6.722B Beat $6.665B Estimate"
2026-07-30,MARA,0.1761,0.0605,0.3435,-0.0423,-0.099,0.0042,-0.2765,no news found,0,
2026-07-30,MKTX,0.2945,0.2976,1.0106,-0.0028,-0.0009,0.003,0.1078,M&A,6,Trading Halt: Halted at 7:25:00 a.m. ET - Trading Halt: Halt News Pending
2026-07-30,MSFT,0.155,0.1213,0.7821,0.0302,0.1081,0.1217,0.047,FDA / clinical,50,"Microsoft CFO Says For The Full Year, Cloud Revenue Surpassed $214B, With Nearly 90% From Customers Outside Of Frontier Model Companies; In Cloud Business, Customer Demand Continues To Exceed Available Capacity; Revenue Growth In Cloud Unit Helped By Earlier Delivery Of New Capacity; Additional Import Of Capacity Was Quickly Monetized"
2026-07-30,MU,0.1836,0.0733,0.399,-0.059,0.0078,0.0694,-0.3597,earnings,19,Steve Eisman Says He'd Be 'Petrified' Running OpenAI or Anthropic as Cheap Chinese Models Threaten Price War
2026-07-30,MWH,0.171,0.0549,0.3211,0.0175,-0.01,0.0072,-0.2993,no news found,0,
2026-07-30,MXL,0.1689,0.1057,0.6256,-0.0015,0.049,-0.0523,-0.5528,no news found,0,
2026-07-30,NBIS,0.2713,0.1617,0.5959,0.0105,0.0077,0.1595,-0.4633,earnings,2,Warsh Hits the AI Trade: Here Are the 10 Biggest Losers In 30 Minutes
2026-07-30,NEOG,0.2266,0.117,0.5164,0.0442,-0.0199,0.0182,0.0456,earnings,3,Neogen Sees FY2027 Sales $880.000M-$885.000M vs $849.644M Est
2026-07-30,PBF,0.1538,0.026,0.1689,-0.0113,-0.1623,-0.0582,0.3918,earnings,1,"PBF Energy Q2 Adj. EPS $6.22 Beats $4.11 Estimate, Sales $11.678B Beat $9.824B Estimate"
2026-07-30,PENG,0.1769,0.0728,0.4114,0.0233,0.0939,0.0198,-0.4251,no news found,0,
2026-07-30,PLPC,0.2997,0.2242,0.7483,-0.0311,0.2505,0.1425,-0.3091,FDA / clinical,3,"Preformed Line Products Q2 EPS $4.49 Beats $2.41 Estimate, Sales $212.681M Beat $193.000M Estimate"
2026-07-30,PRCH,0.1602,0.2379,1.4848,0.0077,0.0767,0.2162,-0.1782,earnings,8,"Porch Group Q2 EPS $0.05 Beats $(0.03) Estimate, Sales $140.882M Beat $124.026M Estimate"
2026-07-30,PWR,0.1726,0.153,0.8866,0.0143,0.015,-0.055,-0.2206,earnings,3,"Quanta Services Q2 Adj. EPS $4.24 Beats $3.30 Estimate, Sales $9.556B Beat $8.613B Estimate"
2026-07-30,RIOT,0.2127,0.0981,0.4613,-0.0882,-0.0411,-0.0561,-0.3338,earnings,1,"Core Scientific's AMD Deal Could Generate $14 Billion Over 15 Years, Bernstein Forecasts"
2026-07-30,SEI,0.1812,0.057,0.3146,0.0025,0.1118,0.0307,-0.4604,no news found,0,
2026-07-30,SHAZ,0.2165,0.1337,0.6175,-0.0107,0.0693,0.2141,-0.5265,earnings,1,"Lam Research, Xerox, FormFactor, Microsoft And Other Big Stocks Moving Higher On Thursday"
2026-07-30,SNDK,0.2599,0.1173,0.4511,-0.0509,-0.0167,0.1602,-0.5532,earnings,9,Warsh Hits the AI Trade: Here Are the 10 Biggest Losers In 30 Minutes
2026-07-30,STRL,0.175,0.128,0.7314,0.0276,-0.0769,-0.128,-0.4112,no news found,0,
2026-07-30,UMAC,0.1883,0.0655,0.3477,0.0317,0.1814,0.2823,-0.226,no news found,0,
2026-07-30,WHD,0.185,0.0804,0.4348,0.0485,0.1054,0.1052,0.0213,earnings,1,"Cactus Q2 Adj. EPS $0.93 Beats $0.62 Estimate, Sales $449.528M Beat $399.341M Estimate"
2026-07-30,WDC,0.1537,0.1074,0.6988,0.0221,-0.1529,-0.1333,-0.2766,earnings,2,"Lam Research, Xerox, FormFactor, Microsoft And Other Big Stocks Moving Higher On Thursday"
2026-07-30,WOLF,0.1859,0.0553,0.2976,-0.0071,0.1597,0.1328,-0.5842,no news found,0,
2026-07-30,WULF,0.1809,0.0905,0.5,-0.009,-0.0115,-0.0746,-0.3891,M&A,1,Why Is TeraWulf Stock Surging on Thursday?
2026-07-31,AMBA,0.1608,0.0358,0.2225,-0.0386,0.0091,-0.1787,-0.1613,other news,3,"'NXP Semiconductors Is In Talks To Buy Ambarella, A Chip Designer Specializing In AI-Enabled Chips' - Financial Times"
2026-07-31,AMZN,0.1532,0.1253,0.8176,0.0458,0.0107,-0.019,-0.0257,FDA / clinical,50,"Amazon CEO Says Co. Has Strong Visibility Into Demand For Servers, Networking Equipment Before Spending; Higher Memory Costs Pushed Up 2026 CAPEX Estimate"
2026-07-31,IESC,0.3027,0.1862,0.6153,-0.0262,0.0244,-0.1678,-0.1835,FDA / clinical,7,"IES Hldgs Q3 Adj. EPS $7.57 Beats $4.83 Estimate, Sales $1.243B Beat $1.080B Estimate"
2026-07-31,ITGR,0.2018,0.0001,0.0005,0.0267,0.0335,0.034,0.0665,other news,4,'KKR Near Deal To Buy Integer Holdings; Deal For Medical-Device Company Could Be Finalized Soon' - WSJ Exclusive
2026-07-31,PWP,0.1838,0.3219,1.7509,-0.0273,-0.0085,-0.0341,-0.0753,earnings,1,"Perella Weinberg Q2 Adj. EPS $0.20 Beats $0.04 Estimate, Sales $156.525M Beat $155.675M Estimate"
2026-07-31,REPL,1.0702,1.1033,1.0309,0.0634,0.0768,0.3839,-0.5178,FDA / clinical,12,'US FDA panel backs Replimune skin cancer drug study data'- Reuters
2026-08-03,AAOI,0.1685,-0.0479,-0.2845,0.1944,0.2051,-0.0229,-0.2202,index inclusion,1,"Oil Sinks 6%, Nasdaq 100 Rallies On Iran Talks: Stock Market Today"
2026-08-03,ALIT,0.1561,0.0506,0.3245,-0.1248,-0.2542,-0.271,0.1907,FDA / clinical,1,"CNH Industrial Posts Upbeat Q2 Earnings, Joins Autolus Therapeutics, Bowhead Specialty Holdings  And Other Big Stocks Moving Higher On Monday"
2026-08-03,ATKR,0.2823,0.2802,0.9927,-0.0002,0.0021,0.005,0.0541,M&A,9,"Atkore Q3 Adj. EPS $1.92 Beats $1.56 Estimate, Sales $794.800M Beat $761.233M Estimate"
2026-08-03,BFLY,0.1561,0.0014,0.009,0.0718,0.18,-0.0401,-0.0742,no news found,0,
2026-08-03,CRML,0.1621,-0.0036,-0.0225,0.0627,0.0878,0.1301,-0.4257,no news found,0,
2026-08-03,CRWV,0.1949,-0.0169,-0.0868,0.0716,0.0283,-0.0101,-0.122,earnings,4,CoreWeave Stock Jumps as AI Data-Center Demand Skyrockets Ahead of Q2 Earnings
2026-08-03,PGY,0.1539,0.0225,0.146,-0.0142,-0.0286,-0.0223,0.0832,no news found,0,
2026-08-04,AAOI,0.1944,0.1666,0.8574,-0.0233,0.0205,-0.2145,-0.1066,earnings,7,$100 Invested In Applied Optoelectronics 5 Years Ago Would Be Worth This Much Today
2026-08-04,AEIS,0.1518,0.1379,0.9084,-0.0356,-0.0404,-0.2176,-0.0465,earnings,9,"Advanced Energy Indus Q2 Adj. EPS $2.74 Beats $2.20 Estimate, Sales $574.100M Beat $542.773M Estimate"
2026-08-04,AEHR,0.1982,0.0556,0.2805,-0.1011,0.0663,-0.303,0.268,contract / partnership,2,Aehr Test Systems Receives Follow-On Production Order From Lead Silicon Photonics WLBI Customer For Fully Automated FOX-XP Multi-Wafer Production Burn-In System
2026-08-04,AMRC,0.2292,0.4048,1.7658,-0.0816,-0.0734,-0.1911,-0.1597,FDA / clinical,10,"Ameresco Q2 Adj. EPS $0.20 Beats $0.16 Estimate, Sales $515.464M Beat $462.953M Estimate"
2026-08-04,DORM,0.1576,0.113,0.7172,-0.0424,-0.0998,-0.1395,-0.0885,earnings,5,"Dorman Prods Q2 Adj. EPS $3.08 Beats $1.92 Estimate, Sales $544.598M Miss $582.205M Estimate"
2026-08-04,ENTG,0.1546,0.0942,0.6095,0.0068,0.0391,-0.1041,-0.1368,earnings,3,"Entegris Q2 Adj. EPS $0.93 Beats $0.82 Estimate, Sales $883.200M Beat $835.532M Estimate"
2026-08-04,EWTX,0.1648,0.0683,0.4142,0.0064,-0.0088,-0.0549,-0.0429,no news found,0,
2026-08-04,FN,0.1647,0.1515,0.9197,-0.0166,-0.0097,-0.2428,-0.0895,earnings,2,"Caterpillar, Wayfair, Zebra Technologies, Gartner And Other Big Stocks Moving Higher On Tuesday"
2026-08-04,IBTA,0.5191,0.2453,0.4726,-0.0541,-0.0155,-0.0019,-0.2552,earnings,9,"Ibotta Q2 Adj. EPS $0.46 Beats $(0.30) Estimate, Sales $88.905M Beat $80.062M Estimate"
2026-08-04,INSP,0.2283,0.2286,1.0017,-0.0631,-0.0781,-0.0408,0.056,earnings,15,"Inspire Medical Systems Q2 Adj. EPS $0.14 Beats $(0.27) Estimate, Sales $200.581M Beat $194.671M Estimate"
2026-08-04,IT,0.2261,0.0399,0.1766,0.0033,0.008,0.0223,0.1215,earnings,6,"Gartner Q2 Adj. EPS $4.37 Beats $3.75 Estimate, Sales $1.676B Beat $1.650B Estimate"
2026-08-04,ORIC,0.2708,0.0038,0.0139,-0.0401,0.0193,-0.0431,-0.0284,earnings,1,ORIC Pharmaceuticals Q2 EPS $(0.38) Misses $(0.36) Estimate
2026-08-04,PAY,0.292,0.1727,0.5913,-0.1031,-0.0895,-0.2123,0.2263,earnings,5,"Paymentus Holdings Q2 Adj. EPS $0.25 Beats $0.19 Estimate, Sales $360.736M Beat $345.429M Estimate"
2026-08-04,PLTR,0.2945,0.1552,0.5267,-0.026,0.0755,0.1061,-0.052,FDA / clinical,39,Palantir Technologies Sees Q3 Sales $2.160B-$2.164B vs $1.997B Est
2026-08-04,PLPC,0.1827,0.0275,0.1507,0.1126,0.135,-0.0826,-0.0262,no news found,0,
2026-08-04,POET,0.1644,0.1338,0.814,-0.056,0.0023,-0.1715,-0.1777,other news,1,12 Information Technology Stocks Moving In Tuesday's Pre-Market Session
2026-08-04,PSIX,0.2113,0.0598,0.2829,-0.0554,0.2091,0.0164,-0.2154,FDA / clinical,1,10 Industrials Stocks Whale Activity In Today’s Session
2026-08-04,TDW,0.1778,0.0281,0.1581,-0.0811,0.0833,0.1416,0.0482,earnings,2,"Tidewater Q2 EPS $0.43 Misses $0.54 Estimate, Sales $342.287M Beat $332.565M Estimate"
2026-08-04,UMAC,0.1555,0.0316,0.2033,-0.0352,-0.0262,-0.1507,0.0661,no news found,0,
2026-08-04,UFPT,0.2516,0.1401,0.5567,-0.0382,-0.0386,-0.1218,-0.0167,earnings,3,"UFP Techs Q2 Adj. EPS $2.92 Beats $2.50 Estimate, Sales $173.964M Beat $159.383M Estimate"
2026-08-04,VELO,0.203,0.087,0.4286,-0.0701,0.0,-0.1782,-0.2418,no news found,0,
2026-08-04,VOYG,0.1956,0.2135,1.0912,0.037,0.281,-0.0158,-0.1737,M&A,9,"Voyager Technologies Q2 Adj. EPS $(0.70) Beats $(0.91) Estimate, Sales $52.746M Beat $48.230M Estimate"
2026-08-04,WIX,0.1749,-0.0068,-0.0387,-0.0331,-0.001,0.3234,0.132,earnings,5,"Wix.com Q2 Adj. EPS $1.39 Beats $1.16 Estimate, Sales $563.058M Beat $554.444M Estimate"
2026-08-04,WLK,0.1537,0.0425,0.2765,-0.0235,0.0026,-0.0729,-0.0657,earnings,1,"Westlake Q2 Adj. EPS $2.01 Beats $1.78 Estimate, Sales $3.271B Beat $3.252B Estimate"
2026-08-04,W,0.2997,0.2308,0.7699,-0.0733,-0.111,-0.1912,-0.0415,earnings,6,"Wayfair Q2 Adj. EPS $0.95 Beats $0.90 Estimate, Sales $3.519B Beat $3.465B Estimate"
2026-08-04,ZBRA,0.2647,0.1319,0.4983,0.0004,0.0386,-0.0681,0.079,earnings,7,"Zebra Technologies Q2 Adj. EPS $6.35 Beats $4.36 Estimate, Sales $1.557B Beat $1.497B Estimate"
2026-08-05,APPS,0.3849,0.2566,0.6667,0.0835,-0.0577,-0.2574,-0.0843,earnings,11,"Digital Turbine Q1 Adj. EPS $0.19 Beats $0.14 Estimate, Sales $165.983M Beat $149.979M Estimate"
2026-08-05,BLMN,0.3285,0.3587,1.0922,-0.0819,-0.0388,-0.162,0.1178,earnings,10,Bloomin Brands Sees Q3 GAAP EPS $(0.28)-$(0.23) vs $(0.18) Est
2026-08-05,BSP,0.1682,0.0128,0.0762,0.032,0.1195,-0.0658,0.0155,other news,1,12 Information Technology Stocks Moving In Wednesday's Intraday Session
2026-08-05,MTRN,0.3081,0.1034,0.3356,-0.0633,-0.0465,-0.1985,-0.0813,earnings,3,"Materion Q2 Adj. EPS $1.90 Beats $1.51 Estimate, Sales $613.906M Beat $548.500M Estimate"
2026-08-05,PRGO,0.2307,0.1704,0.7388,-0.0551,-0.0436,0.1086,-0.0363,earnings,4,"Perrigo Q2 Adj. EPS $0.50 Beats $0.34 Estimate, Sales $1.023B Beat $1.013B Estimate"
2026-08-05,SHOP,0.1698,0.2165,1.2751,0.0222,0.0428,-0.0164,0.0117,earnings,12,"Shopify Q2 Adj. EPS $0.42 Beats $0.40 Estimate, Sales $3.583B Beat $3.445B Estimate"
2026-08-05,TWST,0.1565,0.0508,0.3248,-0.0516,0.0887,0.139,0.0924,analyst,3,Twist Bioscience Announces $250M Public Stock Offering
2026-08-05,URGN,0.1631,0.0564,0.3456,-0.0179,0.0554,-0.0433,0.0575,earnings,1,"UroGen Pharma Q2 EPS $(0.28) Beats $(0.29) Estimate, Sales $72.456M Beat $63.526M Estimate"
2026-08-05,WTTR,0.2028,0.0808,0.3984,-0.0699,-0.0437,-0.1087,-0.0081,earnings,3,"Select Water Solutions Q2 EPS $0.07 Misses $0.13 Estimate, Sales $395.807M Beat $373.017M Estimate"
2026-08-06,AEVA,0.2881,0.3157,1.0956,0.0538,-0.1124,-0.3959,-0.0879,earnings,6,Aeva Launches New Business Optical Connectivity To Bring Optical Source And Silicon Photonics Technology To AI Data Centers
2026-08-06,ARHS,0.1762,0.1847,1.0483,-0.0083,0.0021,-0.1322,0.0661,earnings,3,"Arhaus Q2 EPS $0.28 Beats $0.17 Estimate, Sales $384.897M Beat $365.705M Estimate"
2026-08-06,CAI,0.2158,0.155,0.7183,0.137,0.109,0.266,-0.0502,earnings,4,Caris Life Sciences Q2 Sales $263.712M Beat $238.125M Estimate
2026-08-06,CACI,0.2138,0.0666,0.3116,0.0249,0.0655,0.0019,0.0491,FDA / clinical,7,"CACI International Q4 Adj. EPS $8.91 Beats $7.21 Estimate, Sales $2.709B Beat $2.693B Estimate"
2026-08-06,CHYM,0.2056,0.0918,0.4465,-0.0688,0.0298,0.0768,0.2355,earnings,14,"Chime Financial Q2 EPS $0.07 Beats $(0.00) Estimate, Sales $669.768M Beat $640.408M Estimate"
2026-08-06,DIOD,0.1534,0.164,1.0693,0.0653,-0.0155,-0.0889,-0.0774,earnings,4,"Diodes Q2 Adj. EPS $0.70 Beats $0.60 Estimate, Sales $445.529M Beat $435.500M Estimate"
2026-08-06,DXPE,0.1772,0.0691,0.3897,-0.0295,-0.0258,-0.0858,0.0646,earnings,1,"DXP Enterprises Q2 Adj. EPS $1.76 Beats $1.57 Estimate, Sales $576.461M Beat $543.000M Estimate"
2026-08-06,FA,0.1732,0.0776,0.448,-0.0046,-0.0796,-0.1285,0.0437,earnings,3,First Advantage Raises FY2026 Adj EPS Guidance from $1.15-$1.25 to $1.23-$1.29 vs $1.22 Est; Raises FY2026 Sales Guidance from $1.625B-$1.700B to $1.670B-$1.710B vs $1.673B Est
2026-08-06,FTDR,0.1773,0.0262,0.1477,0.0101,-0.0585,-0.0802,0.0444,earnings,3,Frontdoor Raises FY2026 Sales Guidance from $2.155B-$2.195B to $2.190B-$2.210B vs $2.184B Est
2026-08-06,FWRD,0.1551,0.148,0.954,0.0871,0.1348,-0.0837,0.2652,FDA / clinical,3,"Forward Air Q2 EPS $(6.33) Misses $(0.33) Estimate, Sales $673.036M Beat $633.000M Estimate"
2026-08-06,INSM,0.3386,0.2949,0.8709,-0.0109,-0.0469,-0.0443,-0.1503,earnings,7,Insmed Raises FY2026 Sales Guidance from $1.450B-$1.470B to $1.700B-$1.870B vs $1.705B Est
2026-08-06,MGNI,0.1766,0.1126,0.6378,0.0164,0.0107,0.0127,0.0177,earnings,13,"Magnite Q2 Adj. EPS $0.26 Beats $0.25 Estimate, Sales $192.823M Beat $179.209M Estimate"
2026-08-06,PAYC,0.2356,0.2179,0.9251,-0.0048,0.0354,0.1155,0.2621,FDA / clinical,16,"Paycom Software Q2 Adj. EPS $2.78 Beats $2.38 Estimate, Sales $531.200M Beat $513.101M Estimate"
2026-08-06,PRAX,0.1595,0.0979,0.6134,-0.0254,-0.0046,-0.0406,-0.0413,earnings,3,Praxis Precision Medicine Q2 EPS $(2.87) Beats $(3.65) Estimate
2026-08-06,SITM,0.2658,0.261,0.9819,0.055,0.0006,-0.1644,-0.1127,earnings,10,"SiTime Q2 Adj. EPS $2.34 Beats $1.95 Estimate, Sales $157.432M Beat $146.377M Estimate"
2026-08-06,TRUP,0.1546,0.1312,0.8488,-0.0415,0.1009,0.0224,-0.0775,earnings,4,"Trupanion Q2 EPS $0.16 Beats $0.12 Estimate, Sales $392.900M Beat $389.710M Estimate"
2026-08-06,TROX,0.1881,0.1094,0.5815,-0.0634,-0.1301,-0.2924,-0.0283,earnings,1,"Tronox Holdings Q2 Adj. EPS $(0.51) Misses $(0.38) Estimate, Sales $868.000M Beat $832.972M Estimate"
2026-08-06,U,0.1505,0.0152,0.1011,0.0537,0.122,0.0311,0.204,earnings,6,Unity Software Sees Q3 Sales $540.000M-$550.000M vs $538.787M Est
2026-08-06,VAC,0.2261,0.0887,0.3922,-0.0103,-0.0276,-0.2047,0.0811,earnings,4,Marriott Vacations Raises FY2026 Adj EPS Guidance from $7.05-$7.80 to $8.25-$9.05 vs $7.41 Est
2026-08-07,ABNB,0.1743,0.0861,0.4941,0.0372,0.0336,0.0217,0.0323,earnings,19,"Airbnb Q2 EPS $1.37 Beats $1.25 Estimate, Sales $3.608B Beat $3.576B Estimate"
2026-08-07,AMN,0.1688,0.0282,0.1673,0.0167,-0.0417,-0.0611,-0.0235,earnings,3,"AMN Healthcare Services Q2 Adj. EPS $0.77 Beats $0.19 Estimate, Sales $673.237M Beat $628.354M Estimate"
2026-08-07,CELH,0.1683,0.0084,0.05,-0.0202,0.0475,0.1041,-0.2212,analyst,6,"Needham Maintains Buy on Celsius Holdings, Lowers Price Target to $35"
2026-08-07,DOCS,0.3262,0.8812,2.701,-0.0646,-0.0949,-0.0383,-0.0613,earnings,16,"Doximity Q1 Adj. EPS $0.29 Misses $0.30 Estimate, Sales $156.618M Beat $151.727M Estimate"
2026-08-07,FIGS,0.2687,0.3523,1.3113,0.0091,0.0302,0.0112,0.0881,earnings,7,"FIGS Q2 EPS $0.15 Beats $0.07 Estimate, Sales $196.619M Beat $185.855M Estimate"
2026-08-07,FIVN,0.1981,-0.0324,-0.1637,0.0144,-0.0291,-0.0212,0.138,earnings,11,"Five9 Q2 Adj. EPS $0.70 Beats $0.68 Estimate, Sales $312.444M Beat $306.552M Estimate"
2026-08-07,FLR,0.1692,0.1184,0.6994,-0.0833,-0.0812,-0.0147,-0.0291,earnings,6,Fluor Earnings Are Imminent; These Most Accurate Analysts Revise Forecasts Ahead Of Earnings Call
2026-08-07,HALO,0.2024,0.0494,0.2442,-0.0048,-0.0433,0.0686,0.0908,earnings,8,Halozyme Therapeutics Raises FY2026 Adj EPS Guidance from $7.75-$8.25 to $8.65-$9.00 vs $8.14 Est; Raises FY2026 Sales Guidance from $1.710B-$1.810B to $1.835B-$1.910B vs $1.773B Est
2026-08-07,NTRA,0.2137,0.2092,0.9788,-0.0116,-0.0378,0.0189,-0.0584,earnings,12,"Natera Q2 EPS $(0.47) Beats $(0.51) Estimate, Sales $752.750M Beat $660.687M Estimate"
2026-08-07,OMDA,0.2114,0.0596,0.2821,0.0558,0.0156,-0.038,-0.1703,earnings,3,"Omada Health Q2 EPS $0.08 Beats $(0.01) Estimate, Sales $87.835M Beat $80.190M Estimate"
2026-08-07,PSIX,0.2362,0.2132,0.9026,0.0534,-0.0069,-0.0081,-0.0479,FDA / clinical,5,"Power Solutions Intl Q2 Adj. EPS $0.78 Beats $0.32 Estimate, Sales $152.544M Beat $133.950M Estimate"
2026-08-07,ROAD,0.1955,0.1002,0.5128,-0.0132,0.0151,-0.1258,0.0488,earnings,3,"Construction Partners Q3 Adj. EPS $1.08 Beats $1.05 Estimate, Sales $999.418M Beat $953.938M Estimate"
2026-08-07,SPCX,0.1583,0.0004,0.0025,0.0423,0.0518,0.1115,-0.2447,M&A,23,Eric Trump Defends SpaceX After Bloomberg Op-Ed Slams Starlink as 'Overpromising and Underdelivering'— Elon Musk Backs Him Up
2026-08-07,SPT,0.2625,0.1734,0.6605,-0.028,-0.0435,0.0986,-0.0227,earnings,4,"Sprout Social Q2 Adj. EPS $0.26 Beats $0.16 Estimate, Sales $123.847M Beat $122.111M Estimate"
2026-08-07,TEAM,0.3531,0.3174,0.8988,0.0188,0.0882,0.2718,0.2145,earnings,22,"Atlassian Q4 Adj. EPS $1.87 Beats $1.50 Estimate, Sales $1.766B Beat $1.660B Estimate"
2026-08-07,TIC,0.159,0.0357,0.2246,0.0268,-0.0209,-0.0696,0.1558,no news found,0,
2026-08-07,TNDM,0.1911,-0.0745,-0.39,0.0192,0.0152,-0.1108,0.2225,earnings,2,Tandem Diabetes Care Affirms FY2026 Sales Guidance of $1.065B-$1.085B vs $1.074B Est
2026-08-07,TWLO,0.2489,0.2177,0.8746,0.0364,-0.0128,-0.0344,-0.1162,earnings,20,"Twilio Q2 Adj. EPS $1.47 Beats $1.32 Estimate, Sales $1.499B Beat $1.429B Estimate"
2026-08-07,WLDN,0.1703,0.1666,0.9781,-0.0456,0.0019,-0.0053,-0.0011,FDA / clinical,4,"Willdan Group Q2 Adj. EPS $2.07 Beats $1.30 Estimate, Sales $117.242M Beat $102.267M Estimate"
2026-08-07,WOLF,0.1914,0.0187,0.0975,-0.1086,-0.0329,-0.1375,-0.2593,no news found,0,
2026-08-10,ABCL,0.3478,0.2641,0.7593,0.045,0.1991,0.2248,0.0191,FDA / clinical,9,AbCellera To Release Top-Line Data From Phase 2 Trial Evaluating ABCL635 For Treatment Of Moderate-To-Severe Vasomotor Symptoms Due To Menopause On August 10
2026-08-10,BSP,0.157,0.0002,0.0014,0.0391,-0.2514,-0.2401,0.3507,other news,1,12 Information Technology Stocks Moving In Monday's Intraday Session
2026-08-10,CLMT,0.1517,0.0038,0.025,0.0125,0.0633,0.1856,0.0003,earnings,1,"Varex Imaging Posts Upbeat Q3 Earnings, Joins Bowman Consulting, MarineMax And Other Big Stocks Moving Higher On Monday"
2026-08-10,FSLY,0.2086,-0.0222,-0.1065,0.0371,0.0465,-0.2256,0.172,earnings,3,"Consumer Tech (Aug 3-7): SpaceX Released Strong First Earnings, Meta Sued For Harming Children's Mental Health & More"
2026-08-10,NUTX,0.2187,0.0035,0.0161,-0.1573,-0.0461,-0.0347,-0.1188,no news found,0,
2026-08-11,FRMI,0.2109,0.2024,0.9597,0.0674,-0.1938,-0.2233,-0.0681,earnings,5,"Fermi Signs First Binding 15-Year TensorWave Lease Worth $6.5B For 222MW AI Data Center, With Expansion Rights To More Than 650MW"
2026-08-11,NIQ,0.4195,0.1738,0.4143,0.0139,0.0446,0.0923,0.0551,FDA / clinical,13,NIQ Global Intelligence Sees Q3 Adj EPS $0.22-$0.24 vs $0.22 Est; Sees Sales $1.105B-$1.108B vs $1.105B Est
2026-08-11,NN,0.1555,0.0019,0.0125,0.0785,0.0752,-0.1346,-0.0006,earnings,1,12 Information Technology Stocks Moving In Tuesday's Intraday Session
2026-08-11,RPD,0.1525,0.1047,0.6864,-0.083,-0.059,-0.2108,-0.026,earnings,16,"Rapid7 Q2 Adj. EPS $0.44 Beats $0.35 Estimate, Sales $210.883M Beat $208.248M Estimate"
2026-08-12,ATRO,0.1733,0.1243,0.7173,0.0537,-0.0708,-0.1638,0.034,FDA / clinical,8,Astronics Sees Q3 Sales $265.000M-$275.000M vs $252.090M Est
2026-08-12,CRWV,0.1928,0.2035,1.0557,-0.0134,-0.1565,-0.1727,0.1298,FDA / clinical,49,"CoreWeave Q2 Adj. EPS $(1.03) Beats $(1.22) Estimate, Sales $2.575B Beat $2.560B Estimate"
2026-08-12,EROC,0.2284,0.1662,0.7276,0.1331,0.0391,-0.1411,-0.0927,FDA / clinical,7,"ERock Q2 EPS $(0.06) Beats $(0.29) Estimate, Sales $39.878M Beat $27.306M Estimate"
2026-08-12,HRB,0.1609,0.1678,1.043,-0.0155,-0.0356,-0.1641,0.14,earnings,6,H&R Block Sees FY2027 Adj EPS $6.04-$6.24 vs $5.86 Est; Sees Sales $4.110B-$4.160B vs $4.054B Est
2026-08-12,MRX,0.1868,0.0445,0.2381,0.0173,-0.0131,0.044,-0.0876,earnings,2,"Marex Group Q2 Adj. EPS $1.64 Beats $1.36 Estimate, Sales $695.800M Beat $625.280M Estimate"
2026-08-12,NBIS,0.3414,0.1696,0.4967,-0.016,-0.1362,-0.1199,-0.0044,FDA / clinical,20,"Nebius Earnings Preview: Michael Burry Is Short but Prediction Markets See Nvidia, Meta Taking Center Stage"
2026-08-12,QNT,0.2797,0.064,0.229,-0.0452,-0.2194,-0.3216,-0.1586,earnings,9,Quantinuum Enters Multi-Year Strategic Partnership With Oracle To Bring Quantum Computing To Oracle Cloud Infrastructure
2026-08-12,SHAZ,0.21,0.0919,0.4377,0.052,-0.044,-0.1737,-0.206,earnings,2,"Nebius Group, Astronics, H&R Block, WhiteFiber And Other Big Stocks Moving Higher On Wednesday"
2026-08-12,SMCI,0.1902,0.1073,0.5641,0.0412,-0.0274,-0.0061,0.1429,FDA / clinical,35,"Super Micro Computer Q4 Adj. EPS $1.70 Beats $0.62 Estimate, Sales $11.120B Miss $12.332B Estimate"
2026-08-13,ARX,0.4335,0.4409,1.0169,0.0036,0.0031,0.0169,0.0733,M&A,5,Accelerant Enters Into Definitive Agreement With Thoma Bravo To Become Privately Held Company In All-Cash Transaction With Enterprise Value Of More Than $4B
2026-08-13,TBBB,0.1631,0.0816,0.5,-0.0287,0.0116,0.0256,0.066,M&A,2,"BBB Foods Q2 EPS $(0.19) Misses $(0.17) Estimate, Sales $1.497B Beat $1.420B Estimate"
2026-08-13,WDAY,0.1778,0.0123,0.069,-0.0376,-0.0442,-0.1005,0.236,other news,3,"Reuters Reports Silver Lake In Talks To Buy Workday, Deliberations Ongoing According To Sources"
2026-08-13,WIX,0.1645,0.0057,0.0345,-0.0741,0.0301,-0.0435,0.2916,no news found,0,
2026-08-14,AAOI,0.1553,0.0024,0.0153,0.0307,-0.1694,-0.3628,0.2977,earnings,3,"Heartflow, Eton Pharmaceuticals, Nu Holdings And Other Big Stocks Moving Higher On Friday"
2026-08-14,HTFL,0.357,0.2596,0.7272,-0.0033,0.1823,0.1773,0.1941,earnings,15,HeartFlow Raises FY2026 Sales Guidance from $218.000M-$222.000M to $246.000M-$250.000M vs $230.073M Est
2026-08-14,METC,0.1633,0.0085,0.0523,-0.0016,-0.0286,-0.16,-0.1298,no news found,0,
2026-08-14,UMAC,0.2504,0.1685,0.673,-0.1148,-0.1947,-0.3347,0.637,government / policy,7,12 Information Technology Stocks Moving In Friday's Pre-Market Session
2026-08-17,CBRS,0.1507,0.0229,0.1521,-0.1269,-0.2641,-0.2697,0.2668,earnings,7,"Consumer Tech (Aug 10-14): Trump Faces Federal Lawsuits, Apple & Alibaba To Create AI Model For China & More"
2026-08-18,AMLX,0.6384,0.3957,0.6199,0.0994,0.0669,-0.0706,0.2281,FDA / clinical,14,Amylyx Pharmaceuticals To Announce Phase 3 LUCIDITY Trial Topline Results For Avexitide In Post-Bariatric Hypoglycemia On August 18 At 8:00 a.m. ET
2026-08-18,CDNL,0.1507,0.0596,0.3959,-0.0401,-0.041,-0.2816,-0.4335,no news found,0,
2026-08-18,HAE,0.1593,0.1355,0.8505,0.0359,0.0351,0.0152,0.1548,earnings,5,Haemonetics To Supply CSL Plasma With Its NexSys PCS Devices With Persona PLUS Technology And Allow Purchases Of Related Disposables In The U.S.; Agreement Is Non-Exclusive And With No Minimum Purchase Commitments
2026-08-19,ASST,0.1508,0.0117,0.0777,0.095,0.4596,0.9199,-0.0154,no news found,0,
2026-08-19,DNA,0.1807,0.0689,0.3814,-0.0973,-0.0623,0.0169,-0.1724,earnings,1,"Estee Lauder, Moderna, Merck And Other Big Stocks Moving Higher On Wednesday"
2026-08-19,EL,0.1631,0.1124,0.6891,-0.019,0.0719,-0.0391,0.023,earnings,10,Estée Lauder Likely To Report Higher Q4 Earnings; These Most Accurate Analysts Revise Forecasts Ahead Of Earnings Call
2026-08-19,EYPT,0.1517,0.1038,0.6843,-0.1437,-0.2079,-0.3667,-0.5808,no news found,0,
2026-08-19,MRNA,1.7697,0.8428,0.4762,-0.2355,-0.1418,-0.0935,0.0553,FDA / clinical,14,"Merck And Moderna Announce Topline Results From The Phase 3 Interpath-001 Trial Evaluating Adjuvant Treatment With Intismeran Autogene In Combination With KEYTRUDA In Patients With Completely Resected Stage IIB-IV Melanoma; At A Pre-specified Interim Analysis, Intismeran In Combination With KEYTRUDA As Adjuvant Therapy Demonstrated Statistically Significant And Clinically Meaningful Improvements In RFS And DMFS Compared To KEYTRUDA Alone"
2026-08-19,PURR,0.3042,0.0083,0.0274,0.0735,0.2311,0.3663,0.0169,crypto,1,"Bitcoin, Ethereum, XRP Investors Aren't Keeping Pace With the Market, Bitwise's Matt Hougan Says: Beware These 3 Mistakes"
2026-08-19,TEM,0.2409,0.1341,0.5568,0.0878,0.118,0.312,0.0078,M&A,3,"Estee Lauder, Moderna, Merck And Other Big Stocks Moving Higher On Wednesday"
2026-08-19,TWST,0.2264,0.1025,0.4526,-0.0433,0.0539,0.0925,0.2111,earnings,3,"Estee Lauder, Moderna, Merck And Other Big Stocks Moving Higher On Wednesday"
2026-08-20,MARA,0.1544,0.058,0.3758,0.0108,0.0655,0.1885,-0.2224,earnings,2,"Deere, Coinbase Global, Nordson And Other Big Stocks Moving Higher On Wednesday"
2026-08-21,CRML,0.2259,0.0345,0.1527,-0.0619,0.0014,0.3122,-0.0507,M&A,2,8 Materials Stocks Moving In Friday's Intraday Session
2026-08-25,ABCL,0.1781,0.0368,0.2063,-0.0208,-0.0976,-0.0152,1.021,M&A,2,"Nayax, Immatics, Moderna, Marvell Technology And Other Big Stocks Moving Higher On Tuesday"
2026-08-25,CABO,0.1537,0.0009,0.0057,-0.0194,-0.0938,-0.399,-0.4226,other news,1,11 Communication Services Stocks Moving In Tuesday's Intraday Session
2026-08-25,CAPR,0.2191,0.0662,0.302,0.1291,0.2075,0.0458,-0.0279,M&A,1,"Nayax, Immatics, Moderna, Marvell Technology And Other Big Stocks Moving Higher On Tuesday"
2026-08-25,CRML,0.2144,0.009,0.042,-0.0136,-0.1457,-0.0469,0.1043,M&A,2,"Nayax, Immatics, Moderna, Marvell Technology And Other Big Stocks Moving Higher On Tuesday"
2026-08-26,ANF,0.3567,0.2063,0.5784,-0.0135,-0.0755,-0.091,0.0556,FDA / clinical,14,"Abercrombie & Fitch Q2 Adj. EPS $4.17 Beats $1.99 Estimate, Sales $1.267B Beat $1.248B Estimate"
2026-08-26,BHVN,0.1787,-0.0097,-0.0545,-0.049,-0.0743,-0.2218,0.0443,FDA / clinical,5,Biohaven And Yale Win $4M Judgment Against Avilar And RA Capital Over Willful Misappropriation Of Yale Trade Secret
2026-08-26,BZ,0.1567,0.0293,0.187,-0.0446,-0.082,-0.245,0.0295,earnings,1,"Abercrombie & Fitch Posts Upbeat Q2 Results, Joins Semtech, Summit Therapeutics And Other Big Stocks Moving Higher On Wednesday"
2026-08-27,CRM,0.2258,0.1188,0.5262,0.0157,0.0491,-0.0699,0.0915,M&A,50,"Salesforce Stock Soars On Q2 Double Beat, 'Claudeforce' Anthropic Partnership"
2026-08-27,CRWD,0.205,0.1008,0.4917,-0.0419,-0.057,0.106,0.0546,FDA / clinical,45,"CrowdStrike Holdings Q2 Adj. EPS $0.31 Beats $0.29 Estimate, Sales $1.471B Beat $1.440B Estimate"
2026-08-27,OKTA,0.2863,0.2361,0.8244,-0.0386,-0.0144,0.1289,-0.0182,FDA / clinical,46,"Okta Q2 Adj. EPS $1.05 Beats $0.97 Estimate, Sales $805.000M Beat $795.120M Estimate"
2026-08-27,VEEV,0.152,0.1243,0.818,-0.0193,0.008,-0.0051,0.178,earnings,27,"Veeva Sys Q2 Adj. EPS $2.35 Beats $2.22 Estimate, Sales $927.963M Beat $905.282M Estimate"
2026-08-28,ESTC,0.1931,0.2406,1.2461,-0.0236,-0.0811,-0.1198,0.3033,FDA / clinical,34,"Elastic Q1 Adj. EPS $0.70 Beats $0.58 Estimate, Sales $478.113M Beat $469.745M Estimate"
2026-09-01,FRVO,0.2841,0.0709,0.2494,-0.0896,-0.1271,-0.3119,-0.3069,earnings,4,"Fervo Secured Its Largest-Ever Geothermal Power Deal, With Google - WSJ"
2026-09-02,CABO,0.1944,0.0117,0.0603,-0.0859,-0.2469,-0.6366,-0.4677,other news,1,12 Communication Services Stocks Moving In Wednesday's Intraday Session
2026-09-02,DELL,0.1581,0.0872,0.5513,0.0491,0.0293,0.1007,-0.0905,earnings,50,Dell Technologies Sees Q3 Adj EPS $6.50 vs $4.49 Est; Sees Sales $49.000B vs $41.427B Est
2026-09-03,CRCL,0.1646,0.0388,0.2354,-0.0114,-0.1223,-0.2129,0.4008,FDA / clinical,4,"Summit Therapeutics, HUTCHMED, Tesla And Other Big Stocks Moving Higher On Thursday"
2026-09-03,HOOD,0.1657,0.0637,0.3841,-0.0209,-0.0974,-0.0961,0.1529,FDA / clinical,9,Coinbase Adds Elon Musk's Alumni to Board Amid Canada Expansion
2026-09-03,MSTR,0.1756,0.0389,0.2217,-0.0139,-0.0956,0.1049,0.2523,FDA / clinical,7,"Bitcoin, XRP, Dogecoin Gain; Ethereum Dips as  Jobs Data Trims Rate Hike Odds: Correction Not Lessening Appetite of Whales, Notes Analyst"
2026-09-03,SMMT,0.1733,0.063,0.3636,0.0277,0.0245,-0.0219,0.0791,FDA / clinical,4,"Summit Therapeutics' Partner Akeso Announces Overall Survival Results From The Randomized, Double-Blind Phase III HARMONi-2 Study Evaluating Ivonescimab Monotherapy; Ivonescimab Monotherapy Demonstrated A Statistically Significant Improvement Compared To Pembrolizumab Monotherapy."
2026-09-03,SNOW,0.1655,0.2335,1.4103,-0.0541,-0.0771,-0.0433,-0.0347,FDA / clinical,50,"Snowflake Q2 Adj. EPS $0.62 Beats $0.45 Estimate, Sales $1.547B Beat $1.482B Estimate"
2026-09-08,FCEL,0.188,0.0151,0.0801,-0.067,-0.1413,,-0.2682,FDA / clinical,1,12 Industrials Stocks Moving In Tuesday's Intraday Session
2026-09-08,NUAI,0.22,0.0351,0.1597,-0.0182,-0.1727,,0.0246,FDA / clinical,1,"Roivant Sciences, Pharvaris, IonQ And Other Big Stocks Moving Higher On Tuesday"
2026-09-08,ROIV,0.1875,0.1446,0.771,0.008,-0.0477,,-0.0388,FDA / clinical,10,"Reported Earlier, Roivant Announced That Results From The Phase 2 Phocus Study Of Mosliciguat In Patients With Pulmonary Hypertension Associated With Interstitial Lung Disease (Ph-ild) Will Be Presented At The European Respiratory Society International Congress 2026 On Tuesday, September 8, 2026"
2026-09-08,SEI,0.1629,0.1246,0.7651,0.0581,-0.0346,,-0.0512,FDA / clinical,2,"Solaris Energy Infrastructure Raises Q3 Adjusted EBITDA Guidance 23% To $110M-$130M, Raises Q4 Adjusted EBITDA Guidance 48% To $145M-$180M; Guides Initial Q1 2027 Adjusted EBITDA $200M-$240M"
2026-09-08,SMR,0.1526,0.0278,0.1824,-0.0331,-0.246,,-0.0122,no news found,0,
2026-09-09,ODD,0.2653,0.3436,1.2952,-0.0285,0.1007,,0.0272,earnings,8,"ODDITY Tech Q2 Adj. EPS $0.20 Beats $0.16 Estimate, Sales $180.517M Beat $177.602M Estimate"
2026-09-09,SIG,0.2396,0.1493,0.6229,-0.0465,0.0045,,-0.125,earnings,15,Signet Gears Up For Q2 Print; Here Are The Recent Forecast Changes From Wall Street's Most Accurate Analysts
2026-09-10,NFE,0.2082,0.0059,0.0282,0.0,-0.247,,-0.1718,no news found,0,
2026-09-10,WLTH,0.1501,0.0042,0.0282,-0.046,-0.0717,,-0.0146,earnings,5,"Wealthfront Q2 EPS $0.10 Beats $0.08 Estimate, Sales $91.874M Beat $91.618M Estimate"
2026-09-11,ACVA,0.4418,0.4481,1.0141,0.0,0.0067,,-0.0696,M&A,13,Copart To Acquire All Outstanding Shares Of ACV Common Stock For $10.50 Per Share In Cash; Transaction Expected Be Accretive To Copart EPS In FY28 And Beyond
2026-09-11,ATEC,0.1968,0.0803,0.408,0.0265,-0.0378,,-0.082,M&A,1,"Frequency Electronics, ACV Auctions, HP And Other Big Stocks Moving Higher On Friday"
2026-09-14,NTSK,0.1565,0.0238,0.1522,0.0276,0.0824,,-0.092,other news,1,10 Information Technology Stocks Whale Activity In Today’s Session
2026-09-14,QLYS,0.1506,0.0204,0.1352,0.0721,0.047,,-0.2328,no news found,0,
2026-09-14,RBRK,0.1564,0.0404,0.2583,0.0334,0.1273,,-0.1755,other news,2,"Elmet Group, Rum Group, Tyra Biosciences And Other Big Stocks Moving Higher On Monday"
2026-09-14,RPD,0.2405,0.0301,0.125,-0.0258,-0.025,,-0.2518,other news,2,"Elmet Group, Rum Group, Tyra Biosciences And Other Big Stocks Moving Higher On Monday"
2026-09-14,SAIL,0.1531,0.0615,0.4015,0.005,0.0221,,-0.1376,other news,3,"OpenAI, Anthropic Call for AI Slowdown: Chips Sink, Cybersecurity Stocks Jump"
2026-09-14,TENB,0.1651,0.0269,0.163,0.0858,0.0319,,-0.2478,other news,1,"Elmet Group, Rum Group, Tyra Biosciences And Other Big Stocks Moving Higher On Monday"
2026-09-14,ZS,0.1652,0.0502,0.3038,0.0113,0.0803,,-0.1256,other news,4,"Elmet Group, Rum Group, Tyra Biosciences And Other Big Stocks Moving Higher On Monday"
2026-09-16,BBNX,0.1534,-0.0322,-0.2102,-0.0338,0.0005,,0.0951,other news,5,Beta Bionics Announces Proposed $125M Public Offering Of Common Stock
2026-09-17,ABSI,0.153,0.0317,0.2073,0.041,0.116,,-0.0915,other news,1,"Vicor, Arm Holdings, Micron Technology And Other Big Stocks Moving Higher On Thursday"
2026-09-17,BHVN,0.1556,0.0133,0.0856,-0.0194,-0.0504,,-0.1142,no news found,0,
2026-09-17,GNRC,0.1834,0.3106,1.6933,0.001,-0.0443,,-0.1723,M&A,22,"Generac Announces Long-Term Supply Agreement With Amazon For Data Center Backup Generators, Tied To Up To $8B In Aggregate Gross Payments; Initial Deliveries Expected To Total $2.4B through 2027 and 2028"
2026-09-17,SDGR,0.2637,0.0067,0.0254,-0.0403,-0.0261,,0.3543,other news,1,"Vicor, Arm Holdings, Micron Technology And Other Big Stocks Moving Higher On Thursday"
2026-09-17,VICR,0.1766,0.1231,0.697,0.0293,0.2758,,-0.2413,FDA / clinical,9,Vicor Grants Non-Exclusive License To New OEM Licensee With Right To Procure Vertical Power Delivery Modules Covered By Vicor Patents From Unlicensed Suppliers
2026-09-17,VITL,0.1665,0.0668,0.4012,0.0248,-0.1376,,-0.089,analyst,1,"Needham Reiterates Buy on Vital Farms, Maintains $14 Price Target"
2026-09-18,BKKT,0.1542,0.0349,0.2261,0.0616,-0.0128,,-0.0362,crypto,1,Bakkt Stock Climbs Friday: What's Going On?
2026-09-18,BTDR,0.1539,0.0267,0.1734,0.0131,-0.1126,,0.1672,no news found,0,
2026-09-18,MSTR,0.1639,0.0327,0.1998,0.0947,0.0305,,0.2686,M&A,6,What's Going On With Strategy Stock Friday?
2026-09-21,CRML,0.3863,0.292,0.7558,-0.0847,-0.1801,,0.1603,government / policy,11,US-Greenland Deal Could Open Up One of the World’s Last Mineral Frontiers — If Arctic Hurdles Are Overcome
2026-09-21,GRPN,0.1557,0.0299,0.1919,-0.0349,-0.1048,,-0.0265,other news,2,"Groupon Shareholder Nick Nemeth Urges Board For Faster Buybacks, $120M Cash Target And 10b5-1 Plan"
2026-09-21,GRAL,0.3368,0.1606,0.4768,0.0051,0.2284,,0.0359,FDA / clinical,4,"Critical Metals, Priority Technology, Meta Platforms And Other Big Stocks Moving Higher On Monday"
2026-09-21,NUAI,0.3055,0.1715,0.5615,-0.0882,-0.0902,,0.0521,contract / partnership,3,"New Era Energy & Digital Announces 20-Year, 200-207 MW Power Purchase Agreement With Vistra's Luminant For Texas Data Center Phase 1"
2026-09-22,BFLY,0.2199,0.0872,0.3966,-0.0735,-0.0836,,-0.1476,earnings,3,"Needham Initiates Coverage On Butterfly Network with Buy Rating, Announces Price Target of $10"
2026-09-22,DNA,0.1742,-0.0138,-0.0791,-0.0843,0.2764,,0.0784,no news found,0,
2026-09-22,MAZE,0.2675,0.0951,0.3556,-0.0102,-0.0479,,-0.2392,earnings,2,"On Holding, Viking Therapeutics, Shopify And Other Big Stocks Moving Higher On Tuesday"
2026-09-22,SGRY,0.1567,0.0095,0.0607,-0.0785,-0.088,,-0.0592,no news found,0,
2026-09-22,VICR,0.1985,0.0766,0.3857,0.0552,0.0833,,0.1165,FDA / clinical,10,Vicor Raises Q3 Revenue Outlook From ~10% Growth To Over 20% Growth In Royalties
2026-09-22,VKTX,0.3567,0.2288,0.6415,0.0196,-0.2213,,-0.1115,earnings,8,"Viking Therapeutics Announces Top-line Results From Maintenance Study Of VK2735, A Dual Agonist Of GLP-1 And Glucose-Dependent Insulinotropic Polypeptide Receptors; 22% Placebo-Adjusted Weight Loss Reported At Week 33 Following Weekly Dosing Of VK2735At 17.5 MG; No Plateau Observed"
2026-09-24,DNA,0.1946,-0.0093,-0.0479,0.04,0.2195,,0.1379,earnings,1,"Everpure, Fervo Energy, Charles River Laboratories And Other Big Stocks Moving Higher On Thursday"
2026-09-24,GRAL,0.1538,-0.0278,-0.1809,0.0134,0.0587,,0.3148,FDA / clinical,3,"U.S. FDA Advisers Back Safety Of GRAIL's Galleri Multi-Cancer Screening Test; FDA Advisers Vote 6-4 That GRAIL's Galleri Is Effective For Proposed Use In Multi-Cancer Screening Test; Advisers Vote 7-2, With One Abstention, That Benefits Of GRAIL's Galleri Test Outweigh Risks For Proposed Use"
2026-09-24,TWST,0.1611,-0.0049,-0.0306,-0.0065,0.0218,,0.0468,no news found,0,
2026-09-29,IOVA,0.3148,0.1638,0.5202,0.0256,,,0.372,earnings,8,Iovance Raises FY2026 Total Revenue Guidance From $350M-$370M To $410M-$420M
2026-10-01,ACN,0.1578,0.1778,1.1272,-0.0631,,,-0.0251,earnings,16,"Acuity, Accenture and 3 Stocks to Watch Heading Into Thursday"
2026-10-01,MAT,0.188,-0.0047,-0.0252,0.0153,,,-0.1323,M&A,4,'Barbie-Maker Mattel Draws Takeover Interest from Authentic Brands Group'- WSJ
2026-10-02,CABO,0.1786,0.0347,0.1946,,,,-0.6366,other news,1,"Cable One Announce Advanced Discussions With GTCR, Some Existing Lenders And A Consortium Of Leading Private Lending Institutions Over Financing Of The Its Forthcoming Capital Needs"
